t,x,y,z,yaw_deg,path_idx,target_x,target_y,eta_deg,cross_track_err,signed_error
6.437301635742188e-05,0.23603574931621552,0.26202723383903503,0.5434597134590149,90.032958984375,0,0.25,0.41202723383903495,-0.032958984374997106,0.013964250683784485,0.013964250683784485
0.05016207695007324,0.2367877960205078,0.26389455795288086,0.5434294939041138,90.02843475341797,0,0.25,0.41389455795288077,-0.028434753417975217,0.013212203979492188,0.013212203979492188
0.1001291275024414,0.23740383982658386,0.26563361287117004,0.5434161424636841,89.90284729003906,0,0.25,0.41563361287116996,0.09715270996095254,0.012596160173416138,0.012596160173416138
0.15012907981872559,0.2375430464744568,0.268290638923645,0.5432132482528687,89.85467529296875,0,0.25,0.41829063892364493,0.14532470703124978,0.012456953525543213,0.012456953525543213
0.2001199722290039,0.23760300874710083,0.27158939838409424,0.5430136322975159,89.75750732421875,0,0.25,0.42158939838409415,0.2424926757812484,0.01239699125289917,0.01239699125289917
0.2540600299835205,0.23764020204544067,0.27697300910949707,0.5429785847663879,89.6783676147461,1,0.25,0.426973009109497,0.32163238525389226,0.012359797954559326,0.012359797954559326
0.3041985034942627,0.2379342019557953,0.28453272581100464,0.5429868102073669,89.51746368408203,1,0.25,0.4345327258110047,0.4825363159179551,0.012065798044204712,0.012065798044204712
0.3541269302368164,0.23830656707286835,0.2943356931209564,0.5429613590240479,89.42649841308594,1,0.25,0.44433569312095667,0.5735015869140567,0.011693432927131653,0.011693432927131653
0.4041130542755127,0.23893199861049652,0.3043057322502136,0.5426186919212341,89.31317901611328,2,0.25,0.45430573225021387,0.6868209838867325,0.011068001389503479,0.011068001389503479
0.45995640754699707,0.23948921263217926,0.31636762619018555,0.5424416661262512,89.2415771484375,2,0.25,0.46636762619018557,0.7584228515624972,0.01051078736782074,0.01051078736782074
0.5099573135375977,0.24009676277637482,0.3264656364917755,0.5420703291893005,89.12968444824219,3,0.25,0.4764656364917754,0.8703155517578126,0.009903237223625183,0.009903237223625183
0.5599801540374756,0.24089671671390533,0.3395957052707672,0.5415022373199463,89.09368896484375,3,0.25,0.4895957052707671,0.9063110351562615,0.009103283286094666,0.009103283286094666
0.6099488735198975,0.2413564771413803,0.35311782360076904,0.540747880935669,89.06271362304688,4,0.25,0.503117823600769,0.9372863769531312,0.00864352285861969,0.00864352285861969
0.6620333194732666,0.2419850379228592,0.3665119409561157,0.5399025678634644,89.08018493652344,4,0.25,0.5165119409561156,0.9198150634765435,0.008014962077140808,0.008014962077140808
0.7121105194091797,0.24219028651714325,0.37998393177986145,0.5390497446060181,89.1639633178711,5,0.25,0.5299839317798614,0.8360366821289049,0.0078097134828567505,0.0078097134828567505
0.7620995044708252,0.24247272312641144,0.3930448889732361,0.5384615659713745,89.2218246459961,5,0.25,0.5430448889732361,0.7781753540039162,0.007527276873588562,0.007527276873588562
0.8121902942657471,0.2423241138458252,0.4079245924949646,0.5378238558769226,89.2884750366211,6,0.25,0.5579245924949647,0.711524963378896,0.007675886154174805,0.007675886154174805
0.8665943145751953,0.2421267181634903,0.42087528109550476,0.5374537706375122,89.381591796875,6,0.25,0.5708752810955049,0.6184082031250075,0.007873281836509705,0.007873281836509705
0.9166443347930908,0.24159322679042816,0.4322451055049896,0.5372612476348877,89.4952392578125,7,0.25,0.5822451055049896,0.5047607421874849,0.008406773209571838,0.008406773209571838
0.9666483402252197,0.24106037616729736,0.4443798363208771,0.5371224880218506,89.61077117919922,7,0.25,0.5943798363208771,0.389228820800787,0.008939623832702637,0.008939623832702637
1.0167036056518555,0.2401457130908966,0.4558512568473816,0.5371693968772888,89.65084838867188,8,0.25,0.6058512568473815,0.3491516113281105,0.009854286909103394,0.009854286909103394
1.0723543167114258,0.23854558169841766,0.47695907950401306,0.5377006530761719,89.78588104248047,9,0.25,0.6269590795040129,0.21411895751953383,0.011454418301582336,0.011454418301582336
1.1225409507751465,0.23743808269500732,0.48718443512916565,0.5381659865379333,89.84040832519531,9,0.25,0.6371844351291656,0.1595916748046753,0.012561917304992676,0.012561917304992676
1.1725311279296875,0.23651571571826935,0.4982704222202301,0.5386252999305725,89.91712951660156,9,0.25,0.6482704222202301,0.08287048339843006,0.013484284281730652,0.013484284281730652
1.2225277423858643,0.23529496788978577,0.5096276998519897,0.5391437411308289,90.00558471679688,10,0.25,0.6596276998519898,-0.005584716796869279,0.014705032110214233,0.014705032110214233
1.2764174938201904,0.2343994677066803,0.5211348533630371,0.5394648909568787,90.02509307861328,10,0.25,0.6711348533630372,-0.025093078613296564,0.015600532293319702,0.015600532293319702
1.32647705078125,0.2331288605928421,0.5351741909980774,0.5398642420768738,90.00149536132812,11,0.25,0.6851741909980774,-0.0014953613281440462,0.016871139407157898,0.016871139407157898
1.3767437934875488,0.2324342280626297,0.5473722219467163,0.5401681065559387,89.95195007324219,11,0.25,0.6973722219467162,0.04804992675780138,0.0175657719373703,0.0175657719373703
1.4266228675842285,0.23161207139492035,0.5591585636138916,0.5402693748474121,89.88358306884766,12,0.25,0.7091585636138916,0.11641693115233726,0.01838792860507965,0.01838792860507965
1.4804022312164307,0.23115181922912598,0.5696331858634949,0.5402505993843079,89.77083587646484,12,0.25,0.7196331858634949,0.22916412353514898,0.018848180770874023,0.018848180770874023
1.5302984714508057,0.2307765930891037,0.5802726149559021,0.5401568412780762,89.67185974121095,13,0.25,0.7302726149559021,0.328140258789067,0.0192234069108963,0.0192234069108963
1.5807552337646484,0.23027566075325012,0.5914888381958008,0.5399554371833801,89.61834716796876,13,0.25,0.7414888381958006,0.38165283203124184,0.019724339246749878,0.019724339246749878
1.6303372383117676,0.23018552362918854,0.6028472781181335,0.5397438406944275,89.511474609375,14,0.25,0.7528472781181333,0.48852539062500344,0.019814476370811462,0.019814476370811462
1.6878960132598877,0.22995580732822418,0.6143029928207397,0.5394229292869568,89.41108703613281,14,0.25,0.7643029928207398,0.588912963867185,0.020044192671775818,0.020044192671775818
1.7379586696624756,0.23018281161785126,0.6277167201042175,0.5390165448188782,89.32347869873048,15,0.25,0.7777167201042177,0.6765213012695364,0.019817188382148743,0.019817188382148743
1.787937879562378,0.23031707108020782,0.6396836638450623,0.5385897159576416,89.32146453857422,15,0.25,0.7896836638450624,0.6785354614257814,0.019682928919792175,0.019682928919792175
1.8379521369934082,0.23079368472099304,0.6514787077903748,0.5383092761039734,89.22589874267578,16,0.25,0.8014787077903748,0.7741012573242116,0.019206315279006958,0.019206315279006958
1.8937079906463623,0.23135100305080414,0.6632125973701477,0.5380942821502686,89.23460388183594,16,0.25,0.8132125973701477,0.7653961181640608,0.018648996949195862,0.018648996949195862
1.9438188076019287,0.2314719408750534,0.6725495457649231,0.5378426909446716,89.24897766113281,16,0.25,0.8225495457649231,0.7510223388671855,0.018528059124946594,0.018528059124946594
1.9941661357879639,0.23215565085411072,0.683999240398407,0.5375192165374756,89.20352935791016,17,0.25,0.833999240398407,0.7964706420898573,0.017844349145889282,0.017844349145889282
2.04378080368042,0.23267339169979095,0.6971051096916199,0.5372214317321777,89.21942138671875,17,0.25,0.8471051096916197,0.7805786132812433,0.017326608300209045,0.017326608300209045
2.0989816188812256,0.23348744213581085,0.7099565267562866,0.5368601083755493,89.19497680664062,18,0.25,0.8599565267562864,0.8050231933593692,0.016512557864189148,0.016512557864189148
2.149043560028076,0.23429349064826965,0.7216142416000366,0.536496639251709,89.20276641845703,18,0.25,0.8716142416000366,0.7972335815429753,0.015706509351730347,0.015706509351730347
2.1993355751037598,0.2349398136138916,0.7341881394386292,0.5360536575317383,89.16952514648439,19,0.25,0.8841881394386292,0.8304748535156302,0.015060186386108398,0.015060186386108398
2.2490320205688477,0.23568494617938995,0.7462794780731201,0.5354452133178711,89.16918182373048,19,0.25,0.8962794780731204,0.8308181762695231,0.014315053820610046,0.014315053820610046
2.30470871925354,0.23592595756053925,0.7570207118988037,0.5347163081169128,89.15958404541016,20,0.25,0.907020711898804,0.8404159545898364,0.014074042439460754,0.014074042439460754
2.3548176288604736,0.23638762533664703,0.7680887579917908,0.5339316725730896,89.1084976196289,20,0.25,0.9180887579917908,0.8915023803710895,0.013612374663352966,0.013612374663352966
2.404792070388794,0.23657956719398499,0.7812321186065674,0.5331776142120361,89.09144592285156,21,0.25,0.9312321186065674,0.9085540771484267,0.013420432806015015,0.013420432806015015
2.454791307449341,0.23682333528995514,0.7949061989784241,0.5325064659118652,88.99713897705078,21,0.25,0.9449061989784239,1.0028610229492325,0.01317666471004486,0.01317666471004486
2.509080171585083,0.2367585152387619,0.8081231117248535,0.532024621963501,88.88124084472656,22,0.25,0.9581231117248533,1.1187591552734433,0.013241484761238098,0.013241484761238098
2.5591509342193604,0.23682084679603577,0.8210934996604919,0.531617283821106,88.69381713867188,22,0.25,0.971093499660492,1.3061828613281377,0.013179153203964233,0.013179153203964233
2.60925030708313,0.23695535957813263,0.8342049717903137,0.5313868522644043,88.60415649414062,23,0.25,0.9842049717903136,1.3958435058593748,0.01304464042186737,0.01304464042186737
2.65913987159729,0.2368616908788681,0.8476539254188538,0.5313289165496826,88.3753433227539,23,0.25,0.9976539254188536,1.6246566772460822,0.013138309121131897,0.013138309121131897
2.7142202854156494,0.23710620403289795,0.8610548973083496,0.5313907265663147,88.23893737792969,24,0.25,1.0110548973083493,1.7610626220703072,0.01289379596710205,0.01289379596710205
2.7642946243286133,0.23720556497573853,0.8735555410385132,0.5316214561462402,88.12481689453125,24,0.25,1.0235555410385129,1.875183105468767,0.012794435024261475,0.012794435024261475
2.8143491744995117,0.2378385215997696,0.8862829208374023,0.5317845344543457,87.98994445800781,25,0.25,1.036282920837402,2.0100555419921817,0.012161478400230408,0.012161478400230408
2.8642842769622803,0.2387436330318451,0.9008350372314453,0.5318583250045776,87.94352722167969,26,0.25,1.0508350372314448,2.0564727783203227,0.011256366968154907,0.011256366968154907
2.9200549125671387,0.23979833722114563,0.9135152101516724,0.531859815120697,87.92526245117188,26,0.25,1.063515210151672,2.0747375488281206,0.01020166277885437,0.01020166277885437
2.9701218605041504,0.24117040634155273,0.9276244044303894,0.5316235423088074,87.91683959960938,27,0.25,1.077624404430389,2.083160400390614,0.008829593658447266,0.008829593658447266
3.0201191902160645,0.24262619018554688,0.942540168762207,0.531303882598877,87.97307586669922,27,0.25,1.0925401687622074,2.026924133300788,0.007373809814453125,0.007373809814453125
3.0701332092285156,0.2442280501127243,0.9563962817192078,0.5308774709701538,88.09884643554688,28,0.25,1.1063962817192081,1.901153564453129,0.005771949887275696,0.005771949887275696
3.128288507461548,0.24712446331977844,0.9815608859062195,0.529910683631897,88.41456604003906,29,0.25,1.1315608859062192,1.585433959960953,0.0028755366802215576,0.0028755366802215576
3.178399085998535,0.248923659324646,0.997067928314209,0.5291573405265808,88.62175750732422,29,0.25,1.147067928314209,1.3782424926757937,0.001076340675354004,0.001076340675354004
3.2284066677093506,0.25069379806518555,1.0111167430877686,0.5282381772994995,88.88796997070312,30,0.25,1.1611167430877685,1.1120300292968714,0.0006937980651855469,-0.0006937980651855469
3.2784667015075684,0.2524575889110565,1.0249930620193481,0.5272579193115234,89.16678619384766,30,0.25,1.174993062019348,0.8332138061523527,0.0024575889110565186,-0.0024575889110565186
3.3398399353027344,0.2540723383426666,1.0384470224380493,0.526249349117279,89.4968490600586,31,0.25,1.1884470224380497,0.5031509399413935,0.004072338342666626,-0.004072338342666626
3.3899099826812744,0.2556779682636261,1.0519925355911255,0.5253955125808716,89.79633331298828,32,0.25,1.2019925355911263,0.2036666870116988,0.005677968263626099,-0.005677968263626099
3.439943790435791,0.25697755813598633,1.0658087730407715,0.5242651700973511,90.11735534667969,32,0.25,1.2158087730407725,-0.1173553466796888,0.006977558135986328,-0.006977558135986328
3.489938974380493,0.2582770586013794,1.0792958736419678,0.5232765674591064,90.4137954711914,33,0.25,1.2292958736419684,-0.4137954711914087,0.008277058601379395,-0.008277058601379395
3.5512404441833496,0.25931811332702637,1.0915852785110474,0.522549569606781,90.71807098388672,33,0.25,1.2415852785110473,-0.718070983886737,0.009318113327026367,-0.009318113327026367
3.6013288497924805,0.2603560984134674,1.1055165529251099,0.5218026041984558,91.02281188964844,34,0.25,1.2555165529251096,-1.022811889648454,0.010356098413467407,-0.010356098413467407
3.6513404846191406,0.2613048255443573,1.1199023723602295,0.5210946202278137,91.29508209228516,34,0.25,1.2699023723602296,-1.2950820922851574,0.0113048255443573,-0.0113048255443573
3.7013800144195557,0.2621077001094818,1.133130431175232,0.5204764604568481,91.63685607910156,35,0.25,1.2831304311752323,-1.6368560791015507,0.012107700109481812,-0.012107700109481812
3.76269268989563,0.2628806531429291,1.1474357843399048,0.5198719501495361,91.92901611328125,35,0.25,1.2974357843399054,-1.9290161132812402,0.012880653142929077,-0.012880653142929077
3.8128435611724854,0.2634366750717163,1.160805106163025,0.5193774104118347,92.25794982910156,36,0.25,1.3108051061630255,-2.2579498291015683,0.013436675071716309,-0.013436675071716309
3.8628480434417725,0.26398709416389465,1.1753913164138794,0.518882155418396,92.54930877685547,37,0.25,1.3253913164138797,-2.549308776855474,0.013987094163894653,-0.013987094163894653
3.912785053253174,0.26437100768089294,1.1888453960418701,0.5186315178871155,92.87506866455078,37,0.25,1.33884539604187,-2.875068664550783,0.014371007680892944,-0.014371007680892944
3.970536947250366,0.2646816670894623,1.203337550163269,0.5182554125785828,93.22754669189455,38,0.25,1.3533375501632685,-3.227546691894526,0.01468166708946228,-0.01468166708946228
4.020626544952393,0.26483961939811707,1.2155367136001587,0.5179625749588013,93.5614013671875,38,0.25,1.3655367136001582,-3.5614013671875067,0.014839619398117065,-0.014839619398117065
4.070665597915649,0.26478341221809387,1.2291934490203857,0.5175312161445618,93.78936767578125,39,0.25,1.3791934490203854,-3.7893676757812407,0.014783412218093872,-0.014783412218093872
4.120639324188232,0.26460787653923035,1.2425413131713867,0.5171674489974976,94.02033233642578,39,0.25,1.3925413131713866,-4.020332336425787,0.014607876539230347,-0.014607876539230347
4.174628496170044,0.2636594772338867,1.2711865901947021,0.5165801644325256,94.22539520263672,40,0.25,1.421186590194702,-4.225395202636728,0.013659477233886719,-0.013659477233886719
4.2246832847595215,0.2629531919956207,1.2852524518966675,0.5164403319358826,94.31199645996094,41,0.25,1.4352524518966674,-4.311996459960944,0.012953191995620728,-0.012953191995620728
4.274695158004761,0.26190415024757385,1.300999641418457,0.5162738561630249,94.31942749023438,42,0.25,1.450999641418457,-4.319427490234373,0.011904150247573853,-0.011904150247573853
4.325005054473877,0.26070642471313477,1.3157094717025757,0.516181230545044,94.254150390625,42,0.25,1.4657094717025756,-4.254150390625002,0.010706424713134766,-0.010706424713134766
4.379197835922241,0.2594987452030182,1.3283495903015137,0.5160292387008667,94.09744262695312,43,0.25,1.4783495903015136,-4.097442626953139,0.009498745203018188,-0.009498745203018188
4.429302453994751,0.25781014561653137,1.3442553281784058,0.5158942937850952,93.85737609863281,43,0.25,1.4942553281784057,-3.857376098632812,0.007810145616531372,-0.007810145616531372
4.47936487197876,0.2562370002269745,1.356924057006836,0.5158591866493225,93.61620330810547,44,0.25,1.5069240570068358,-3.6162033081054745,0.006237000226974487,-0.006237000226974487
4.529282808303833,0.25435638427734375,1.3727589845657349,0.5158186554908752,93.25915527343751,44,0.25,1.5227589845657348,-3.2591552734375204,0.00435638427734375,-0.00435638427734375
4.584894180297852,0.2525278627872467,1.3870038986206055,0.5155990719795227,92.90315246582031,45,0.25,1.5370038986206054,-2.903152465820317,0.002527862787246704,-0.002527862787246704
4.635008335113525,0.25055113434791565,1.40134596824646,0.5154076218605042,92.49557495117188,46,0.25,1.5513459682464599,-2.4955749511718768,0.0005511343479156494,-0.0005511343479156494
4.684956073760986,0.24873469769954681,1.4153698682785034,0.5151060223579407,92.09122467041016,46,0.25,1.5653698682785033,-2.091224670410168,0.001265302300453186,0.001265302300453186
4.735020399093628,0.24664711952209473,1.4297508001327515,0.5148438215255737,91.65336608886719,47,0.25,1.5797508001327514,-1.6533660888671922,0.0033528804779052734,0.0033528804779052734
4.791119813919067,0.24468475580215454,1.443771481513977,0.5146349668502808,91.23493957519531,47,0.25,1.593771481513977,-1.2349395751953118,0.005315244197845459,0.005315244197845459
4.8412158489227295,0.2424951195716858,1.4581791162490845,0.5143674612045288,90.90978240966797,48,0.25,1.6081791162490844,-0.9097824096679591,0.007504880428314209,0.007504880428314209
4.89133620262146,0.24063368141651154,1.4722850322723389,0.5141398906707764,90.57415771484375,48,0.25,1.6222850322723388,-0.5741577148437506,0.009366318583488464,0.009366318583488464
4.941294431686401,0.2384353131055832,1.4867509603500366,0.5140782594680786,90.28250885009767,49,0.25,1.6367509603500365,-0.28250885009766424,0.011564686894416809,0.011564686894416809
5.004525184631348,0.23657426238059998,1.5009901523590088,0.5141198635101318,89.95404815673828,50,0.25,1.6509901523590087,0.0459518432617266,0.013425737619400024,0.013425737619400024
5.054583787918091,0.23456047475337982,1.5156139135360718,0.5140840411186218,89.64640808105469,50,0.25,1.6656139135360717,0.3535919189453026,0.015439525246620178,0.015439525246620178
5.104598522186279,0.2328956425189972,1.5299012660980225,0.5139449834823608,89.35869598388672,51,0.25,1.6799012660980224,0.6413040161132771,0.017104357481002808,0.017104357481002808
5.1546101570129395,0.2311258167028427,1.5446372032165527,0.5137497782707214,89.05165100097656,51,0.25,1.6946372032165526,0.9483489990234455,0.018874183297157288,0.018874183297157288
5.218470573425293,0.229837566614151,1.5589509010314941,0.5134750604629517,88.76194763183594,52,0.25,1.708950901031494,1.2380523681640705,0.020162433385849,0.020162433385849
5.268606662750244,0.22838377952575684,1.5715548992156982,0.5131774544715881,88.53101348876953,52,0.25,1.7215548992156982,1.4689865112304727,0.021616220474243164,0.021616220474243164
5.318646192550659,0.227164626121521,1.5877246856689453,0.5126636624336243,88.29085540771484,53,0.25,1.7377246856689452,1.7091445922851523,0.022835373878479004,0.022835373878479004
5.368622303009033,0.22585223615169525,1.604210376739502,0.5121842622756958,88.09481048583984,54,0.25,1.7542103767395019,1.9051895141601423,0.02414776384830475,0.02414776384830475
5.424740552902222,0.22434714436531067,1.6320792436599731,0.5117130875587463,87.8620834350586,55,0.25,1.782079243659973,2.1379165649413925,0.02565285563468933,0.02565285563468933
5.474856376647949,0.22330570220947266,1.6475110054016113,0.5115750432014465,87.73171997070312,55,0.25,1.7975110054016112,2.268280029296857,0.026694297790527344,0.026694297790527344
5.52484130859375,0.2225697785615921,1.6658886671066284,0.511342465877533,87.63786315917969,56,0.25,1.8158886671066283,2.3621368408202943,0.027430221438407898,0.027430221438407898
5.574869871139526,0.2221795916557312,1.6779695749282837,0.5112230181694031,87.64897155761719,57,0.25,1.8279695749282836,2.3510284423828165,0.0278204083442688,0.0278204083442688
5.629889726638794,0.22192256152629852,1.6900924444198608,0.5110885500907898,87.65135192871094,57,0.25,1.8400924444198608,2.3486480712890585,0.028077438473701477,0.028077438473701477
5.679947137832642,0.22146199643611908,1.7054475545883179,0.5108613967895508,87.7784423828125,58,0.25,1.8554475545883178,2.221557617187489,0.02853800356388092,0.02853800356388092
5.72994065284729,0.22151541709899902,1.7218289375305176,0.5105884671211243,87.93164825439453,58,0.25,1.8718289375305175,2.068351745605467,0.028484582901000977,0.028484582901000977
5.77993369102478,0.22136877477169037,1.7376431226730347,0.5103773474693298,88.0523452758789,59,0.25,1.8876431226730346,1.9476547241210742,0.02863122522830963,0.02863122522830963
5.837517023086548,0.22147642076015472,1.7494555711746216,0.5102816224098206,88.25729370117188,59,0.25,1.8994555711746215,1.742706298828131,0.028523579239845276,0.028523579239845276
5.8875837326049805,0.22177040576934814,1.76438570022583,0.5102130770683289,88.5155029296875,60,0.25,1.91438570022583,1.484497070312502,0.028229594230651855,0.028229594230651855
5.937707185745239,0.22181032598018646,1.7801774740219116,0.5100589394569397,88.83362579345705,61,0.25,1.9301774740219115,1.1663742065429734,0.028189674019813538,0.028189674019813538
5.987802982330322,0.22232218086719513,1.7953436374664307,0.5099443197250366,89.16314697265625,61,0.25,1.9453436374664306,0.8368530273437607,0.02767781913280487,0.02767781913280487
6.046210050582886,0.22257576882839203,1.8129457235336304,0.5098142027854919,89.5504150390625,62,0.25,1.9629457235336303,0.44958496093748107,0.02742423117160797,0.02742423117160797
6.09628438949585,0.22300373017787933,1.8287330865859985,0.5097039341926575,89.94171905517578,63,0.25,1.9787330865859984,0.05828094482421383,0.026996269822120667,0.026996269822120667
6.146301031112671,0.22351093590259552,1.8453093767166138,0.5097047090530396,90.26395416259766,63,0.25,1.9953093767166137,-0.2639541625976601,0.02648906409740448,0.02648906409740448
6.19628119468689,0.22358421981334686,1.861540675163269,0.5099050998687744,90.56354522705078,64,0.2507547962691064,2.011515965691866,-0.8519012311102054,0.02641544564880268,0.02641544564880268
6.259978532791138,0.2236570119857788,1.8753173351287842,0.5099977850914001,90.84219360351562,65,0.25168430914256607,2.0252593798078466,-1.4857739066245288,0.02634132616852984,0.02634132616852984
6.310014247894287,0.22374248504638672,1.8912489414215088,0.5099667906761169,91.06498718261719,65,0.25415591544544064,2.0409686610277387,-2.6549934109228412,0.026247405023797393,0.026247405023797393
6.360010862350464,0.22344693541526794,1.9081037044525146,0.5098139047622681,91.23147583007812,66,0.2574875442452395,2.057440276018093,-4.101809135523793,0.026519751624878345,0.026519751624878345
6.410046815872192,0.22340327501296997,1.9231911897659302,0.5096400380134583,91.365478515625,66,0.26116274368851944,2.072041780455485,-5.654229702763006,0.026522249763070195,0.026522249763070195
6.47795295715332,0.22279173135757446,1.9487282037734985,0.5094156265258789,91.33728790283205,67,0.2694479318421481,2.096171230772555,-8.851301783796545,0.026974628696449877,0.026974628696449877
6.52800178527832,0.22278690338134766,1.964196801185608,0.5091418623924255,91.19364166259767,68,0.2761474739506246,2.110103430518689,-11.35359381789128,0.02678637196620543,0.02678637196620543
6.578033685684204,0.22318147122859955,1.9781063795089722,0.5087589621543884,90.9426498413086,69,0.2825696907516277,2.122422570813342,-13.660267599711018,0.02616058706375291,0.02616058706375291
6.62799859046936,0.22362032532691956,1.9915770292282104,0.5084229111671448,90.51646423339844,69,0.2896991743166753,2.133827624520171,-16.10977357270585,0.02540874339337465,0.02540874339337465
6.683997392654419,0.22469353675842285,2.004244089126587,0.5079629421234131,89.89268493652344,70,0.295713496593558,2.143009668943241,-17.861151538935786,0.024747781266470318,0.024747781266470318
6.734070301055908,0.22646017372608185,2.0185227394104004,0.5074902176856995,89.04381561279297,70,0.30437870397238265,2.1544268069057835,-20.218538635028565,0.02356737759971698,0.02356737759971698
6.784076929092407,0.22818812727928162,2.030766010284424,0.507091760635376,88.07366180419922,71,0.31065877789472285,2.1623863097734857,-21.516699451624678,0.02329975267303315,0.02329975267303315
6.8340537548065186,0.23053134977817535,2.041154623031616,0.5068047642707825,86.9873275756836,71,0.3178274716528566,2.1702410875303015,-22.806653079430436,0.022359877009371018,0.022359877009371018
6.891757249832153,0.23279687762260437,2.049525022506714,0.5066710114479065,85.70954895019531,71,0.3236430742094133,2.17661327570641,-23.456446725226883,0.02123200472480811,0.02123200472480811
6.941953420639038,0.2355240136384964,2.0586864948272705,0.5067672729492188,84.36467742919922,72,0.3290375843312875,2.1818756816795846,-23.825179126284652,0.020834464305244323,0.020834464305244323
6.991840124130249,0.2387170046567917,2.067566394805908,0.5069134831428528,82.92860412597656,72,0.33611220095462274,2.188079953942947,-24.56206040191652,0.01971696590702799,0.01971696590702799
7.041880369186401,0.24213595688343048,2.0746614933013916,0.5071191787719727,81.27863311767578,72,0.3419244304865344,2.193177142439945,-24.696763007820234,0.018018920982366366,0.018018920982366366
7.097141981124878,0.2459830641746521,2.080531597137451,0.5075064897537231,79.48748016357422,73,0.34584662934377763,2.1964420474886395,-24.092210930992795,0.016369748192047357,0.016369748192047357
7.147465705871582,0.2485920637845993,2.0865795612335205,0.5080468058586121,77.61139678955078,73,0.3512312006543004,2.2002013590959297,-23.781393885917385,0.015799785743655443,0.015799785743655443
7.197204113006592,0.25252607464790344,2.092787265777588,0.5089301466941833,75.63270568847656,73,0.35709850930682097,2.204297700336294,-23.510047297583075,0.014077433980881944,0.014077433980881944
7.247215270996094,0.25596243143081665,2.098850965499878,0.5100446343421936,73.5413818359375,73,0.3627195396010376,2.2082220989952335,-23.053390261733835,0.01277589299776128,0.01277589299776128
7.300813913345337,0.25899824500083923,2.1037778854370117,0.5110066533088684,71.39611053466797,74,0.3661579065748146,2.2105193435936354,-21.882926403637583,0.012196505129092226,0.012196505129092226
7.350900173187256,0.2624073624610901,2.10996413230896,0.5122098326683044,69.06497955322267,74,0.3722719590198725,2.2140114594330496,-21.15155560928021,0.011796122899996573,0.011796122899996573
7.401104688644409,0.26579177379608154,2.1154232025146484,0.5130669474601746,66.67555236816406,74,0.37781142944869306,2.21717539572576,-20.21346379745294,0.011114737931826914,0.011114737931826914
7.451558589935303,0.2688184380531311,2.121314764022827,0.5139980912208557,64.38687896728516,74,0.3835499005303999,2.220452993675487,-19.428132155018307,0.010917192553619398,0.010917192553619398
7.517010450363159,0.27154213190078735,2.126084327697754,0.5145191550254822,62.05992889404297,75,0.38733549023302155,2.222577565457881,-18.086513027169847,0.010955650331439942,0.010955650331439942
7.567063331604004,0.2747950553894043,2.131614923477173,0.5151413679122925,59.77745819091797,75,0.3931699321089241,2.225242167118446,-17.236653886962348,0.01105086189709581,0.01105086189709581
7.617058753967285,0.2779598832130432,2.1375341415405273,0.5157255530357361,57.516746520996094,75,0.39926165560529725,2.228024269826706,-16.47339676209717,0.011401534327651223,0.011401534327651223
7.667065382003784,0.28153908252716064,2.1429336071014404,0.51596999168396,55.38286209106445,75,0.4051522741071887,2.2307145274684386,-15.78725848684334,0.01114605036507739,0.01114605036507739
7.722008228302002,0.28892260789871216,2.1534647941589355,0.5154473185539246,51.340023040771484,76,0.4161633285187724,2.2349870481727856,-14.410746762138906,0.011282807646262825,0.011282807646262825
7.772053241729736,0.293073445558548,2.1588168144226074,0.5148186087608337,49.338905334472656,76,0.4225902102469268,2.237168680546619,-13.952193600731302,0.011124827704911772,0.011124827704911772
7.822052955627441,0.2972865700721741,2.1631762981414795,0.5140137076377869,47.52449798583985,76,0.4283025735132796,2.2391077665855574,-13.508207187439892,0.010356134250364584,0.010356134250364584
7.872061729431152,0.2972865700721741,2.1631762981414795,0.5140137076377869,47.52449798583985,76,0.4283025735132796,2.2391077665855574,-13.508207187439892,0.010356134250364584,0.010356134250364584
7.935824394226074,0.3055724501609802,2.1713857650756836,0.5121837258338928,44.308223724365234,77,0.4386001249993871,2.2419277868209555,-12.778031465175582,0.009438999048032897,0.009438999048032897
7.985836982727051,0.3104000687599182,2.175504684448242,0.5112138390541077,42.87123107910156,77,0.4447654465456711,2.2432217834333246,-12.842952422543187,0.008612102964966034,0.008612102964966034
8.035871505737305,0.31482383608818054,2.1799349784851074,0.5104041695594788,41.58777618408203,77,0.4508893988255831,2.2445070973370718,-13.051681732768738,0.008272529967859373,0.008272529967859373
8.08588171005249,0.3193102777004242,2.183546781539917,0.5097523331642151,40.3581657409668,77,0.45646277295251997,2.2456768542079146,-13.178692484293329,0.0073787399994631716,0.0073787399994631716
8.14666485786438,0.32354992628097534,2.1879403591156006,0.5092380046844482,39.21686935424805,78,0.46162013279774705,2.2464073782581364,-13.250344942774957,0.00788870535721068,0.00788870535721068
8.196752548217773,0.32790714502334595,2.191739320755005,0.5087304711341858,38.07193374633789,78,0.46735015269007635,2.247076854084844,-13.4383341808065,0.007820420290764333,0.007820420290764333
8.246695756912231,0.33216074109077454,2.196300983428955,0.5083218216896057,36.921913146972656,78,0.4735014184788684,2.2477955468340194,-13.720231315278777,0.008353952154443144,0.008353952154443144
8.296765327453613,0.33637088537216187,2.200093984603882,0.5078933835029602,35.75719451904297,78,0.47911793699878036,2.248451761550546,-13.862375710949927,0.008361199628960283,0.008361199628960283
8.35891580581665,0.34126168489456177,2.205326795578003,0.507337212562561,34.583518981933594,79,0.4851347173661697,2.248925654062622,-14.064182773277814,0.009598191538093503,0.009598191538093503
8.408962726593018,0.3448076844215393,2.20859694480896,0.5068570375442505,33.627262115478516,79,0.4899093811643731,2.249048799735704,-14.175268287843124,0.010178425079309786,0.010178425079309786
8.458964109420776,0.34897610545158386,2.2120652198791504,0.5062353610992432,32.360450744628906,79,0.49530717821439474,2.2491880169411407,-14.116159721060487,0.010555102316982723,0.010555102316982723
8.508959531784058,0.353100061416626,2.215660572052002,0.5055782794952393,31.214481353759766,79,0.5007412253504588,2.249328169090153,-14.186099857876107,0.01104442874599675,0.01104442874599675
8.569377422332764,0.35742637515068054,2.2187135219573975,0.5049198269844055,30.05145072937012,79,0.5060308409473946,2.2494645961351893,-14.205714286672432,0.010993645872223698,0.010993645872223698
8.619435548782349,0.36147773265838623,2.2219183444976807,0.504569411277771,28.84384536743164,80,0.510091153492132,2.2493385908563255,-13.906134647638087,0.011814276787114372,0.011814276787114372
8.669426202774048,0.3658323884010315,2.2245657444000244,0.5041614770889282,27.633769989013672,80,0.5151854486677042,2.249004693109916,-13.837057064662988,0.011883545453199671,0.011883545453199671
8.719457387924194,0.3707539737224579,2.2278623580932617,0.5039294958114624,26.48659324645996,80,0.5210940112637806,2.248617425457108,-14.013791878857965,0.01220464084615094,0.01220464084615094
8.78145694732666,0.38117972016334534,2.234053134918213,0.5036012530326843,24.038942337036133,80,0.532511465716249,2.247869085955758,-14.120988703760469,0.012455566041896557,0.012455566041896557
8.831561803817749,0.38662588596343994,2.2368199825286865,0.5035661458969116,22.843908309936523,81,0.5380445220578165,2.2467721062898915,-14.26798742386533,0.012738665642350173,0.012738665642350173
8.88153076171875,0.39341437816619873,2.2405107021331787,0.5035867094993591,21.336805343627933,81,0.5456166532046767,2.24527086115834,-14.600367367977539,0.01312638585504803,0.01312638585504803
8.931543827056885,0.3989545702934265,2.2432267665863037,0.5036327242851257,20.09046173095703,81,0.551675594101416,2.244069620008765,-14.826003556446683,0.013173298706844024,0.013173298706844024
8.992384433746338,0.40451744198799133,2.2457404136657715,0.5035232901573181,18.84217071533203,81,0.5570331523684391,2.2430074344616076,-14.877676004743924,0.013271114178341696,0.013271114178341696
9.042472124099731,0.40884214639663696,2.248314619064331,0.5033152103424072,17.83971405029297,82,0.5610191888294832,2.241833890485807,-14.849328829936363,0.014410732947340195,0.014410732947340195
9.092538833618164,0.41418197751045227,2.2504656314849854,0.5031242370605469,16.555778503417972,82,0.566522901623208,2.2402135217167967,-14.91216420959117,0.014617417440039195,0.014617417440039195
9.14243221282959,0.41942301392555237,2.2526540756225586,0.5027431845664978,15.269332885742188,82,0.5719485575137631,2.2386161339740216,-14.954085862139962,0.014876935496389921,0.014876935496389921
9.204471826553345,0.42431238293647766,2.254162073135376,0.5023872256278992,13.975488662719727,82,0.5768459224670656,2.237174282351636,-14.858669759517548,0.014634650004494229,0.014634650004494229
9.25451135635376,0.42917317152023315,2.2556347846984863,0.5020196437835693,12.609966278076174,82,0.5809712173668111,2.2359597387755015,-14.501404599125454,0.014654105554504904,0.014654105554504904
9.304554462432861,0.4337700605392456,2.256558418273926,0.5015454292297363,11.201623916625977,83,0.5843189248579163,2.2346348459965197,-13.89692034886775,0.014819841694538973,0.014819841694538973
9.354506254196167,0.43832674622535706,2.2573585510253906,0.5009585022926331,9.810484886169434,83,0.5886123974489816,2.232935656073931,-13.538025603339799,0.01460086091345748,0.01460086091345748
9.417958736419678,0.44270211458206177,2.2574832439422607,0.5004062056541443,8.331964492797852,83,0.5926122722068219,2.2313526607860883,-13.021920432899586,0.013785867665951067,0.013785867665951067
9.467955112457275,0.4469350576400757,2.257615089416504,0.4999069273471832,6.878479957580566,83,0.5964840829612901,2.2298203482636203,-12.500210231449017,0.013011182818956107,0.013011182818956107
9.518115043640137,0.45110219717025757,2.2572813034057617,0.4993654787540436,5.469750881195068,83,0.6002072851837947,2.2283468492340925,-11.987188392584788,0.01182319952264799,0.01182319952264799
9.568021535873413,0.4553012251853943,2.2569468021392822,0.49919185042381287,4.100915431976318,83,0.6039593294718192,2.226861935633716,-11.520248403900252,0.010636734219563883,0.010636734219563883
9.629546880722046,0.46485984325408936,2.25559401512146,0.4994599223136902,1.4275349378585815,84,0.6114045712538464,2.2231270931157114,-10.706849753680881,0.008412084071076199,0.008412084071076199
9.679613828659058,0.469417929649353,2.2552731037139893,0.4995931088924408,0.154422789812088,84,0.615418893340582,2.2211009592738087,-10.43850535044329,0.007557770210276716,0.007557770210276716
9.729697227478027,0.4736552834510803,2.2547929286956787,0.4996859133243561,-1.0758416652679443,84,0.6191318784287679,2.219226918133335,-10.137398774149704,0.006597534971256057,0.006597534971256057
9.77968692779541,0.47779402136802673,2.254760503768921,0.49959415197372437,-2.329291343688965,84,0.6228037467008232,2.2173736297303934,-9.802150013041143,0.006077420025110714,0.006077420025110714
9.845205783843994,0.48166897892951965,2.2544047832489014,0.4995417296886444,-3.531895637512207,84,0.6262078334039191,2.2156554977218272,-9.449779725738523,0.005289806066303376,0.005289806066303376
9.895252704620361,0.4844714105129242,2.254589557647705,0.4994352161884308,-4.672847270965576,85,0.6281417672212319,2.2144070892035668,-8.845339267419563,0.005485724079801376,0.005485724079801376
9.9452805519104,0.4881570041179657,2.254460334777832,0.4992775022983551,-5.809553623199463,85,0.631207984867954,2.2123583080728157,-8.573814616646748,0.005247241073955836,0.005247241073955836
9.99527621269226,0.4917066991329193,2.2547266483306885,0.4991247057914734,-6.892512798309326,85,0.6341695345546191,2.2103794638370498,-8.327196574983523,0.005392258787936629,0.005392258787936629
10.05672311782837,0.495202898979187,2.254606008529663,0.4989413321018219,-7.949917316436768,85,0.6370782283987133,2.2084359367461786,-8.091521307881195,0.005167540339028824,0.005167540339028824
10.106765270233154,0.4987117052078247,2.254686117172241,0.4987342357635498,-8.960227966308594,85,0.6400017309611674,2.2064825147860443,-7.9070944992925085,0.0051336342708565765,0.0051336342708565765
10.156821727752686,0.5023120641708374,2.254445791244507,0.4985479712486267,-9.951656341552734,85,0.6429945876300109,2.204482751893569,-7.760754717871399,0.004793403083195929,0.004793403083195929
10.206759214401245,0.5062265396118164,2.254462718963623,0.49842292070388794,-10.914678573608398,85,0.6462545339390312,2.202304525409118,-7.717365789203721,0.004687126413264092,0.004687126413264092
10.2686026096344,0.5102409720420837,2.2539422512054443,0.4983665645122528,-11.827301979064941,86,0.649096866133879,2.2001202945904237,-7.654453834672412,0.004431158681944053,0.004431158681944053
10.318676233291626,0.515261709690094,2.253490447998047,0.4983857572078705,-12.686711311340332,86,0.6529809239508352,2.196921476736491,-7.994005943554823,0.0042869149480510346,0.0042869149480510346
10.368686437606812,0.5200036764144897,2.2533693313598633,0.4986492097377777,-13.512336730957031,86,0.6566339192286444,2.1939129565069586,-8.29688981805923,0.004440339505019167,0.004440339505019167
10.41867208480835,0.5245835781097412,2.253084659576416,0.498911052942276,-14.297905921936035,86,0.6601705200166019,2.191000296017364,-8.603837441489825,0.0044265477107518015,0.0044265477107518015
10.473252773284912,0.5338178277015686,2.2530932426452637,0.4991130530834198,-15.830288887023926,87,0.6667189205540219,2.185576162923592,-9.092631312377431,0.005225248268494449,0.005225248268494449
10.523325204849243,0.5392614603042603,2.253112316131592,0.4992283582687378,-16.5747013092041,87,0.6705063852020837,2.1818332442366497,-9.537580180106737,0.006238803012436322,0.006238803012436322
10.573299646377563,0.5441051125526428,2.2527334690093994,0.4992082118988037,-17.33995819091797,87,0.6739310447329908,2.178448863563629,-9.849286960941162,0.006754827899054324,0.006754827899054324
10.623313903808594,0.5498495697975159,2.25246000289917,0.4992145001888275,-18.104001998901367,87,0.677968338032196,2.1744590545651485,-10.35566539627251,0.007521031769811156,0.007521031769811156
10.68105149269104,0.5543671250343323,2.2518692016601562,0.4992271959781647,-18.891822814941406,87,0.6811952118981673,2.1712701333168587,-10.583082234802747,0.007762450449899253,0.007762450449899253
10.73111367225647,0.5596885085105896,2.251073122024536,0.4992676377296448,-19.74400138854981,88,0.6844484335432719,2.1680209138985758,-10.759106932374713,0.00823163771238988,0.00823163771238988
10.781106233596802,0.5657292008399963,2.250185489654541,0.49917638301849365,-20.60110092163086,88,0.6883495584727826,2.163396509339643,-11.252971512586644,0.00900429572554786,0.00900429572554786
10.831106424331665,0.571272611618042,2.24881911277771,0.4991535246372223,-21.50209617614746,88,0.6920301037876064,2.1590335804817444,-11.627803495277607,0.009190738542777369,0.009190738542777369
10.888087749481201,0.5768827199935913,2.247232675552368,0.4990023672580719,-22.403057098388672,88,0.6957920427754266,2.1545741673329624,-12.03079653190157,0.009185038498306783,0.009185038498306783
10.938145399093628,0.583723783493042,2.2452752590179443,0.49851131439208984,-23.40267562866211,88,0.7003774291173415,2.149138637354516,-12.618489543352002,0.009153131279392854,0.009153131279392854
10.988276243209839,0.5900421142578125,2.2427947521209717,0.49796825647354126,-24.647876739501953,89,0.7036725848077565,2.144207088359361,-12.742915603060032,0.00932720851957133,0.00932720851957133
11.03813362121582,0.594077467918396,2.241004705429077,0.4976195693016052,-25.50815200805664,89,0.7061281053600488,2.1405321421504566,-12.904361324953637,0.009106877299098577,0.009106877299098577
11.100754261016846,0.5980907678604126,2.2389378547668457,0.4972674548625946,-26.644498825073242,89,0.7086289156324838,2.1367894150853974,-12.808787285488043,0.008631851528727212,0.008631851528727212
11.150909423828125,0.6022589206695557,2.2369003295898438,0.4968869984149933,-27.786890029907227,89,0.7112038746951175,2.132935716513632,-12.737525965110292,0.008237148283938227,0.008237148283938227
11.200910806655884,0.6059764623641968,2.2344634532928467,0.49659353494644165,-28.977493286132816,89,0.7136273944407258,2.129308662896421,-12.55392917023252,0.007342184700238357,0.007342184700238357
11.250934839248657,0.6098499894142151,2.2320973873138428,0.49619659781455994,-30.1719970703125,90,0.7154989147209531,2.1259805049319005,-12.26118610401066,0.0070366293564483075,0.0070366293564483075
11.313987016677856,0.613164484500885,2.2294299602508545,0.4959564805030823,-31.38820075988769,90,0.7174163060695418,2.1222905383313178,-12.036288435954248,0.006150825686089179,0.006150825686089179
11.363792896270752,0.616736888885498,2.226867198944092,0.4958769381046295,-32.5599250793457,90,0.7194180650454259,2.1184382085662623,-11.900304388306699,0.005470426038371452,0.005470426038371452
11.413843154907227,0.6200709939002991,2.2240099906921387,0.49604660272598267,-33.823455810546875,90,0.7213829292292571,2.114656881807719,-11.653589777935514,0.004445519899629463,0.004445519899629463
11.463822364807129,0.6246466040611267,2.220899820327759,0.4966123402118683,-34.91743850708008,90,0.7239110547600898,2.1097915741710076,-11.867114722114293,0.003738313131979385,0.003738313131979385
11.524817705154419,0.6317337155342102,2.215667486190796,0.4980873167514801,-37.193214416503906,91,0.7274028469194476,2.102232225954593,-11.527802450363293,0.002940252615994559,0.002940252615994559
11.57485556602478,0.6360417604446411,2.2130086421966553,0.4989239573478699,-38.32440948486328,91,0.7293160059728698,2.0975603867325274,-11.543178883374855,0.003099424433174503,0.003099424433174503
11.624855995178223,0.6399767398834229,2.2103118896484375,0.499616414308548,-39.42802810668945,91,0.7311198282019764,2.0931555425955497,-11.521408954159602,0.0030283605821530037,0.0030283605821530037
11.674870729446411,0.6453531384468079,2.2069215774536133,0.5003244876861572,-40.55744934082031,91,0.7335225800195041,2.087288142202501,-11.832903992222459,0.0031630424140042185,0.0031630424140042185
11.738342523574829,0.6495652794837952,2.2038376331329346,0.5008934140205383,-41.649356842041016,92,0.7353445273406499,2.082749650479976,-11.85019222486483,0.0030728220349037294,0.0030728220349037294
11.78856348991394,0.6546822190284729,2.2004432678222656,0.5011370182037354,-42.69111251831055,92,0.7371387701454332,2.076910986492026,-12.172648704776332,0.0036638179009637678,0.0036638179009637678
11.838421106338501,0.6586119532585144,2.1970763206481934,0.5011840462684631,-43.742679595947266,92,0.738658679717142,2.071965033102875,-12.277949677753844,0.0035461388076760405,0.0035461388076760405
11.888468742370605,0.6626749038696289,2.1940131187438965,0.5011058449745178,-44.748233795166016,92,0.7401520715406807,2.0671053713911216,-12.409219153119263,0.0037326292978013707,0.0037326292978013707
11.952960968017578,0.665896475315094,2.1910502910614014,0.5010918378829956,-45.84877395629883,92,0.7414359253138069,2.062927569607014,-12.28541929985715,0.0034853663382976843,0.0034853663382976843
12.003031015396118,0.6695778369903564,2.187359094619751,0.5010202527046204,-46.94529724121094,93,0.7427715783900606,2.058218880911383,-12.286566325734963,0.0031723045480706196,0.0031723045480706196
12.053026676177979,0.6733681559562683,2.183661460876465,0.5010391473770142,-47.976097106933594,93,0.7438067951078559,2.053014495023102,-12.462049915397731,0.003187169480120593,0.003187169480120593
12.103019952774048,0.6766231060028076,2.1798720359802246,0.5010671019554138,-49.02219772338867,93,0.7447801783910938,2.0481209668023053,-12.55106586171111,0.0027789343057404727,0.0027789343057404727
12.166123390197754,0.6794038414955139,2.1770970821380615,0.5011374354362488,-50.13187789916992,93,0.7455482063172519,2.044259829678075,-12.337033360207048,0.0027471543372352527,0.0027471543372352527
12.216303825378418,0.6828194856643677,2.173184871673584,0.5015638470649719,-51.25283432006836,93,0.7465608090731841,2.039169131853342,-12.396150320446289,0.002367401172957317,0.002367401172957317
12.266176223754883,0.6864174604415894,2.169187307357788,0.501920223236084,-52.37126159667969,94,0.7474940879077291,2.034080544932734,-12.4602310789484,0.0021803888276703135,0.0021803888276703135
12.316177129745483,0.6896389126777649,2.1650936603546143,0.5021659135818481,-53.536251068115234,94,0.7478927020547648,2.028887542016395,-12.535502274183644,0.0019970320242472337,0.0019970320242472337
12.378248691558838,0.6965038180351257,2.1563308238983154,0.502666711807251,-55.98130798339844,94,0.7487444468098483,2.0177913151764364,-12.744213422545126,0.001586563885170362,0.001586563885170362
12.428289413452148,0.6998788714408875,2.151747703552246,0.5028783082962036,-57.31158065795899,94,0.7491792896026694,2.012126338386069,-12.767784456752548,0.0012209847236802065,0.0012209847236802065
12.478319883346558,0.70307457447052,2.1473591327667236,0.5029726028442383,-58.58843231201172,95,0.7494332374748709,2.006840939215683,-12.684251571658818,0.0012110985690360083,0.0012110985690360083
12.528594255447388,0.7055554389953613,2.143296718597412,0.5030178427696228,-59.81843948364258,95,0.7495556409079592,2.0020888778726595,-12.480047259760273,0.0010184607658948238,0.0010184607658948238
12.583373308181763,0.7083052396774292,2.1395604610443115,0.5030561089515686,-61.072811126708984,95,0.7496749102716636,1.9974584903225205,-12.225304737531047,0.0012145618493240274,0.0012145618493240274
12.633480548858643,0.7107130885124207,2.1350200176239014,0.5030351877212524,-62.268077850341804,95,0.749806499014803,1.9923498282231573,-12.132287665359488,0.0007125884394748658,0.0007125884394748658
12.683451890945435,0.7132030725479126,2.1313138008117676,0.5031744241714478,-63.48668670654297,95,0.7499214106020994,1.9878886223723153,-11.875073798390197,0.0007192290222681627,0.0007192290222681627
12.733435153961182,0.7155296802520752,2.127232551574707,0.5035143494606018,-64.70600891113281,96,0.75,1.9832601154362284,-11.602241306772765,0.0005872392174883495,0.0005872392174883495
12.789898872375488,0.7181039452552795,2.1230854988098145,0.5039085149765015,-65.94793701171875,96,0.75,1.9783876054448546,-11.255643262305902,0.0009449249981316265,0.0009449249981316265
12.839962005615234,0.7203857898712158,2.118811845779419,0.5043380856513977,-67.13980102539062,96,0.75,1.9735376142375818,-10.954454364367484,0.0009932486406463207,0.0009932486406463207
12.88992428779602,0.7228586673736572,2.1142966747283936,0.5047081708908081,-68.32329559326172,96,0.75,1.9683848773846364,-10.716186383971092,0.001096345506292899,0.001096345506292899
12.939968824386597,0.7252064943313599,2.109422206878662,0.5050219297409058,-69.52256774902344,96,0.75,1.9629706739471224,-10.508393882004086,0.0009339410058302483,0.0009339410058302483
12.99682331085205,0.7271667718887329,2.1047654151916504,0.5053048729896545,-70.57858276367188,97,0.75,1.9579864971121164,-10.300721472335546,0.0007220802881859568,0.0007220802881859568
13.04693055152893,0.7299465537071228,2.098860740661621,0.5056406259536743,-71.6838150024414,97,0.75,1.9514548746650988,-10.167077304625357,0.0010437830880350757,0.0010437830880350757
13.096934795379639,0.7318319082260132,2.0935676097869873,0.5058847665786743,-72.76631927490234,97,0.75,1.9458300717351438,-9.919772979564236,0.0007875140605645629,0.0007875140605645629
13.146867990493774,0.7337413430213928,2.088036298751831,0.506156861782074,-73.79879760742188,97,0.75,1.9399752379559412,-9.754781526312797,0.0004675558848626582,0.0004675558848626582
13.20061469078064,0.7352030873298645,2.0832862854003906,0.506251871585846,-74.7945556640625,97,0.75,1.9350149927182745,-9.492185093211202,3.700031653231113e-05,3.700031653231113e-05
13.250706434249878,0.7364935278892517,2.0781471729278564,0.5064562559127808,-75.7608871459961,98,0.75,1.9297183394953294,-9.13511629340746,0.0002481279497988182,-0.0002481279497988182
13.300709009170532,0.738170862197876,2.0712196826934814,0.506549060344696,-76.71429443359375,98,0.75,1.9225931986758305,-8.991941195562095,0.0006682421621252361,-0.0006682421621252361
13.350711822509766,0.7391754984855652,2.065446376800537,0.5065419673919678,-77.63414764404297,98,0.75,1.9167708564503443,-8.732842390270479,0.0013818490588237478,-0.0013818490588237478
13.4066641330719,0.740058183670044,2.060196876525879,0.5062878727912903,-78.45506286621094,98,0.75,1.9114858301331596,-8.51051204683585,0.0020557158243128494,-0.0020557158243128494
13.456753015518188,0.740723729133606,2.05446195602417,0.5058856010437012,-79.3233413696289,99,0.75,1.9055049618994835,-8.153495088450061,0.002709702249802187,-0.002709702249802187
13.506712913513184,0.7413875460624695,2.0486795902252197,0.5053721070289612,-80.17778015136719,99,0.75,1.8997041983795542,-7.733644092621553,0.0031774061139512423,-0.0031774061139512423
13.556753158569336,0.7417467832565308,2.0426154136657715,0.504912257194519,-80.9438247680664,99,0.75,1.8936864595724112,-7.418012032049532,0.003992345141512747,-0.003992345141512747
13.61172342300415,0.7422717213630676,2.0361201763153076,0.5042283535003662,-81.72786712646484,99,0.75,1.8872136160421078,-7.117893789057912,0.004727150178675454,-0.004727150178675454
13.661816835403442,0.7425823211669922,2.029508113861084,0.5036268830299377,-82.45782470703125,100,0.75,1.8800033718703508,-6.706814123539474,0.005237218017534351,-0.005237218017534351
13.712268114089966,0.7428815960884094,2.0213141441345215,0.5030410289764404,-83.1621322631836,100,0.75,1.8718050484448272,-6.242246119187311,0.005563816749878649,-0.005563816749878649
13.761871576309204,0.7434890270233154,2.013486862182617,0.50264972448349,-83.88542938232422,100,0.75,1.8639489815101071,-5.7486112491478885,0.005555718919965476,-0.005555718919965476
13.82078742980957,0.7446535229682922,1.9986135959625244,0.5019868612289429,-85.35601806640625,101,0.75,1.848753809753705,-4.507167315075154,0.004988617107218592,-0.004988617107218592
13.870926856994629,0.745162308216095,1.9901211261749268,0.5018002390861511,-86.03681945800781,101,0.75,1.8402467067813495,-3.910004077747745,0.004698590614400995,-0.004698590614400995
13.920992851257324,0.7461142539978027,1.9785763025283813,0.5018429756164551,-86.77141571044922,102,0.75,1.8285763025283805,-3.228584289550779,0.0038857460021972656,-0.0038857460021972656
13.971370697021484,0.74673992395401,1.9684356451034546,0.5019484758377075,-87.39846801757812,102,0.75,1.8184356451034538,-2.601531982421856,0.0032600760459899902,-0.0032600760459899902
14.037322282791138,0.7475336194038391,1.9575960636138916,0.5021079778671265,-88.01766204833986,103,0.75,1.8075960636138908,-1.9823379516601611,0.0024663805961608887,-0.0024663805961608887
14.08742094039917,0.7485963106155396,1.9458208084106445,0.5023000240325928,-88.58578491210938,103,0.75,1.7958208084106437,-1.4142150878906226,0.0014036893844604492,-0.0014036893844604492
14.137406587600708,0.7492446303367615,1.9337011575698853,0.5024259686470032,-89.1676025390625,104,0.75,1.783701157569885,-0.832397460937497,0.0007553696632385254,-0.0007553696632385254
14.187399625778198,0.7498481869697571,1.920783519744873,0.5026659369468689,-89.66492462158203,104,0.75,1.770783519744873,-0.3350753784179645,0.00015181303024291992,-0.00015181303024291992
14.246988296508789,0.750169038772583,1.907731056213379,0.5029256939888,-90.12393188476562,105,0.75,1.7577310562133794,0.1239318847656218,0.0001690387725830078,0.0001690387725830078
14.297054290771484,0.7505512237548828,1.8944810628890991,0.5031543374061584,-90.56680297851562,105,0.75,1.7444810628890994,0.5668029785156279,0.0005512237548828125,0.0005512237548828125
14.34708023071289,0.7505558729171753,1.8806507587432861,0.5033668875694275,-90.8961181640625,106,0.75,1.7306507587432864,0.8961181640624897,0.000555872917175293,0.000555872917175293
14.397050619125366,0.7503142952919006,1.8670188188552856,0.5034717321395874,-91.15238189697266,106,0.75,1.7170188188552864,1.1523818969726571,0.00031429529190063477,0.00031429529190063477
14.452859163284302,0.7500954270362854,1.8552889823913574,0.5033878087997437,-91.31820678710938,107,0.75,1.7052889823913586,1.3182067871093726,9.542703628540039e-05,9.542703628540039e-05
14.502938032150269,0.7493550181388855,1.8405261039733887,0.5030460357666016,-91.41795349121094,107,0.75,1.6905261039733896,1.4179534912109573,0.000644981861114502,-0.000644981861114502
14.553016662597656,0.7486518025398254,1.8267676830291748,0.5026745796203613,-91.35835266113283,108,0.75,1.6767676830291758,1.3583526611328074,0.0013481974601745605,-0.0013481974601745605
14.602950811386108,0.7477374076843262,1.8135619163513184,0.5022498369216919,-91.22421264648438,108,0.75,1.6635619163513193,1.2242126464843677,0.002262592315673828,-0.002262592315673828
14.659597158432007,0.746817409992218,1.8004471063613892,0.5018414258956909,-90.94903564453125,109,0.75,1.65044710636139,0.9490356445312569,0.0031825900077819824,-0.0031825900077819824
14.70967698097229,0.7459327578544617,1.7882349491119385,0.5016083121299744,-90.619384765625,109,0.75,1.638234949111939,0.6193847656249997,0.00406724214553833,-0.00406724214553833
14.759697437286377,0.7450397610664368,1.774823546409607,0.5014378428459167,-90.185791015625,110,0.75,1.6248235464096075,0.18579101562498293,0.004960238933563232,-0.004960238933563232
14.809662342071533,0.7443517446517944,1.761583924293518,0.501372754573822,-89.74485778808594,110,0.75,1.611583924293518,-0.2551422119140595,0.005648255348205566,-0.005648255348205566
14.867293357849121,0.7438742518424988,1.7487175464630127,0.5013838410377502,-89.31283569335938,111,0.75,1.5987175464630126,-0.6871643066406254,0.006125748157501221,-0.006125748157501221
14.917364835739136,0.7437064051628113,1.737324833869934,0.5014114379882812,-88.86834716796875,111,0.75,1.587324833869934,-1.131652832031246,0.006293594837188721,-0.006293594837188721
14.967374801635742,0.7437849640846252,1.7227556705474854,0.5013129115104675,-88.46051788330078,112,0.75,1.5727556705474852,-1.5394821166992263,0.006215035915374756,-0.006215035915374756
15.017385721206665,0.7439855933189392,1.7096647024154663,0.5011420845985413,-88.12139892578125,113,0.75,1.5596647024154655,-1.8786010742187524,0.006014406681060791,-0.006014406681060791
15.076120376586914,0.7449406385421753,1.6838886737823486,0.5006179809570312,-87.65380096435547,114,0.75,1.5338886737823478,-2.3461990356445166,0.005059361457824707,-0.005059361457824707
15.126782894134521,0.7456015944480896,1.6702035665512085,0.5001972913742065,-87.46234893798828,114,0.75,1.5202035665512081,-2.537651062011701,0.0043984055519104,-0.0043984055519104
15.176188945770264,0.7461984753608704,1.657002329826355,0.49976301193237305,-87.37300872802734,115,0.75,1.507002329826355,-2.626991271972665,0.0038015246391296387,-0.0038015246391296387
15.226199865341187,0.7468026280403137,1.6436632871627808,0.49930447340011597,-87.36656951904297,115,0.75,1.4936632871627806,-2.633430480957031,0.0031973719596862793,-0.0031973719596862793
15.280688285827637,0.7471969723701477,1.6304134130477905,0.4989391565322876,-87.33758544921875,116,0.75,1.4804134130477906,-2.66241455078125,0.002803027629852295,-0.002803027629852295
15.330779314041138,0.7475593686103821,1.6203700304031372,0.49861836433410645,-87.4137954711914,116,0.75,1.470370030403137,-2.5862045288085826,0.00244063138961792,-0.00244063138961792
15.380770683288574,0.7478985786437988,1.6033092737197876,0.49827486276626587,-87.50382232666016,117,0.75,1.453309273719788,-2.4961776733398326,0.002101421356201172,-0.002101421356201172
15.430859565734863,0.74797123670578,1.589508295059204,0.4981253147125244,-87.58019256591797,117,0.75,1.4395082950592044,-2.419807434082029,0.0020287632942199707,-0.0020287632942199707
15.491090297698975,0.7481158971786499,1.5755397081375122,0.4978950619697571,-87.64454650878906,118,0.75,1.4255397081375125,-2.355453491210937,0.0018841028213500977,-0.0018841028213500977
15.541142225265503,0.7480772137641907,1.5617244243621826,0.4977196156978607,-87.72720336914062,118,0.75,1.4117244243621836,-2.272796630859381,0.0019227862358093262,-0.0019227862358093262
15.591127395629883,0.7479416131973267,1.5505719184875488,0.49758338928222656,-87.81422424316406,119,0.75,1.4005719184875498,-2.1857757568359397,0.00205838680267334,-0.00205838680267334
15.641124248504639,0.7477483749389648,1.5339219570159912,0.4973653256893158,-87.94715118408205,120,0.75,1.3839219570159922,-2.0528488159179608,0.0022516250610351562,-0.0022516250610351562
15.69933295249939,0.7474547028541565,1.5218321084976196,0.4972020089626312,-88.0857925415039,120,0.75,1.3718321084976204,-1.9142074584960938,0.002545297145843506,-0.002545297145843506
15.74994421005249,0.7473187446594238,1.5064971446990967,0.4970032870769501,-88.17489624023438,121,0.75,1.3564971446990972,-1.8251037597656237,0.002681255340576172,-0.002681255340576172
15.799397230148315,0.7471481561660767,1.4927815198898315,0.49695611000061035,-88.35110473632812,121,0.75,1.3427815198898314,-1.6488952636718825,0.00285184383392334,-0.00285184383392334
15.849374294281006,0.7471308708190918,1.479027271270752,0.4969649612903595,-88.54045867919922,122,0.75,1.3290272712707518,-1.4595413208007728,0.002869129180908203,-0.002869129180908203
15.905279397964478,0.7471145391464233,1.4670721292495728,0.4969973862171173,-88.6816635131836,122,0.75,1.3170721292495726,-1.318336486816417,0.00288546085357666,-0.00288546085357666
15.955360651016235,0.7472620010375977,1.4525072574615479,0.49714431166648865,-88.91484069824219,123,0.75,1.302507257461548,-1.0851593017577985,0.0027379989624023438,-0.0027379989624023438
16.005372047424316,0.7473612427711487,1.4384067058563232,0.49727383255958557,-89.18028259277344,123,0.75,1.2884067058563227,-0.8197174072265428,0.0026387572288513184,-0.0026387572288513184
16.055382251739502,0.7474175095558167,1.4249979257583618,0.4973801374435425,-89.51811981201172,124,0.75,1.274997925758361,-0.4818801879882613,0.0025824904441833496,-0.0025824904441833496
16.1101176738739,0.7473924160003662,1.4130467176437378,0.49737298488616943,-89.75187683105469,124,0.75,1.263046717643737,-0.2481231689453068,0.002607583999633789,-0.002607583999633789
16.160166263580322,0.7473238706588745,1.4002461433410645,0.49747323989868164,-89.93954467773438,125,0.75,1.250246143341064,-0.060455322265620774,0.0026761293411254883,-0.0026761293411254883
16.210160732269287,0.7472416758537292,1.3856583833694458,0.4977034330368042,-90.15663146972656,125,0.75,1.235658383369446,0.15663146972658112,0.002758324146270752,-0.002758324146270752
16.26016664505005,0.7470194697380066,1.3719080686569214,0.4980557858943939,-90.37725067138672,126,0.75,1.2219080686569213,0.3772506713867158,0.002980530261993408,-0.002980530261993408
16.314139366149902,0.746741771697998,1.3585208654403687,0.4983580410480499,-90.59408569335938,127,0.75,1.2085208654403687,0.5940856933593776,0.003258228302001953,-0.003258228302001953
16.364168405532837,0.7462643980979919,1.3459569215774536,0.498518705368042,-90.73439025878906,127,0.75,1.1959569215774535,0.7343902587890736,0.0037356019020080566,-0.0037356019020080566
16.41417956352234,0.7458455562591553,1.3351954221725464,0.4986003637313843,-90.75958251953125,127,0.75,1.1851954221725463,0.759582519531246,0.0041544437408447266,-0.0041544437408447266
16.464189529418945,0.7451972365379333,1.3219398260116577,0.49870428442955017,-90.84876251220703,128,0.75,1.171939826011658,0.8487625122070482,0.00480276346206665,-0.00480276346206665
16.519656658172607,0.7444786429405212,1.3089042901992798,0.4987832009792328,-90.81991577148438,129,0.75,1.15890429019928,0.8199157714843709,0.00552135705947876,-0.00552135705947876
16.569780588150024,0.7438728213310242,1.295971155166626,0.49885985255241394,-90.76899719238281,129,0.75,1.1459711551666267,0.7689971923828282,0.00612717866897583,-0.00612717866897583
16.619734287261963,0.7432387471199036,1.2824980020523071,0.4989946484565735,-90.69324493408205,130,0.75,1.1324980020523083,0.693244934082052,0.0067612528800964355,-0.0067612528800964355
16.669731855392456,0.7425374984741211,1.2655051946640015,0.4991278648376465,-90.58670043945312,130,0.75,1.1155051946640024,0.5867004394531119,0.007462501525878906,-0.007462501525878906
16.725390195846558,0.7417589426040649,1.2430469989776611,0.49925553798675537,-90.3821029663086,131,0.75,1.0930469989776619,0.38210296630858454,0.008241057395935059,-0.008241057395935059
16.775479555130005,0.7414224743843079,1.229021430015564,0.4993615746498108,-90.29287719726562,132,0.75,1.0790214300155645,0.2928771972656186,0.008577525615692139,-0.008577525615692139
16.825470447540283,0.7411046624183655,1.2160015106201172,0.4993504285812378,-90.15309143066406,132,0.75,1.066001510620117,0.15309143066407446,0.008895337581634521,-0.008895337581634521
16.87546467781067,0.7408120036125183,1.202963948249817,0.4992865025997162,-90.07595825195312,133,0.75,1.0529639482498168,0.07595825195312714,0.00918799638748169,-0.00918799638748169
16.9302875995636,0.7407259941101074,1.1901977062225342,0.49912014603614807,-90.06568908691406,133,0.75,1.040197706222534,0.06568908691404861,0.009274005889892578,-0.009274005889892578
16.980404376983643,0.740679144859314,1.1760540008544922,0.49877822399139404,-90.18319702148438,134,0.75,1.0260540008544923,0.1831970214843763,0.009320855140686035,-0.009320855140686035
17.030370473861694,0.7406790256500244,1.1642439365386963,0.4986065924167633,-90.49362182617188,134,0.75,1.014243936538696,0.4936218261718894,0.009320974349975586,-0.009320974349975586
17.08037257194519,0.7408826947212219,1.1520607471466064,0.49878954887390137,-90.9445571899414,135,0.75,1.0020607471466059,0.944557189941424,0.009117305278778076,-0.009117305278778076
17.134993314743042,0.7408837080001831,1.140384554862976,0.49920374155044556,-91.54322052001953,135,0.75,0.9903845548629757,1.5432205200195357,0.009116291999816895,-0.009116291999816895
17.185211181640625,0.7408548593521118,1.1277389526367188,0.49977201223373413,-92.16455841064453,136,0.75,0.9777389526367184,2.164558410644545,0.009145140647888184,-0.009145140647888184
17.235079526901245,0.7403280138969421,1.115114450454712,0.5004755258560181,-92.74398803710938,136,0.75,0.9651144504547116,2.7439880371093643,0.009671986103057861,-0.009671986103057861
17.28507137298584,0.7397041320800781,1.1028491258621216,0.5013667941093445,-93.15401458740234,137,0.75,0.9528491258621213,3.154014587402346,0.010295867919921875,-0.010295867919921875
17.339070320129395,0.7379702925682068,1.0880130529403687,0.5026351809501648,-93.41740417480469,137,0.75,0.9380130529403683,3.4174041748046906,0.012029707431793213,-0.012029707431793213
17.389145135879517,0.7361829280853271,1.0755867958068848,0.5034234523773193,-93.45307922363281,138,0.75,0.9255867958068844,3.4530792236328156,0.013817071914672852,-0.013817071914672852
17.439189434051514,0.7339975833892822,1.0628535747528076,0.5041013956069946,-93.24420928955078,138,0.75,0.9128535747528073,3.2442092895507812,0.016002416610717773,-0.016002416610717773
17.489133834838867,0.7319876551628113,1.050359845161438,0.5046680569648743,-92.80503845214844,139,0.75,0.9003598451614381,2.8050384521484437,0.01801234483718872,-0.01801234483718872
17.542274951934814,0.730073869228363,1.0384827852249146,0.5050344467163086,-92.2521438598633,139,0.75,0.8884827852249146,2.252143859863277,0.019926130771636963,-0.019926130771636963
17.592338800430298,0.7281078100204468,1.0261569023132324,0.505050778388977,-91.40658569335938,140,0.75,0.8761569023132325,1.4065856933593652,0.021892189979553223,-0.021892189979553223
17.64231038093567,0.7263565063476562,1.0132012367248535,0.5047237873077393,-90.46598815917969,140,0.75,0.863201236724854,0.4659881591796729,0.02364349365234375,-0.02364349365234375
17.692423343658447,0.7251112461090088,1.0010508298873901,0.5042468905448914,-89.53899383544922,141,0.75,0.8510508298873907,-0.46100616455078525,0.02488875389099121,-0.02488875389099121
17.747709274291992,0.7245361804962158,0.9916157126426697,0.5037904381752014,-88.57205963134766,141,0.75,0.8416157126426702,-1.4279403686523524,0.02546381950378418,-0.02546381950378418
17.797879219055176,0.7242998480796814,0.9788076281547546,0.5032748579978943,-87.68220520019531,142,0.75,0.8288076281547553,-2.3177947998046844,0.025700151920318604,-0.025700151920318604
17.847803354263306,0.7245793342590332,0.9661114811897278,0.5026600360870361,-86.79635620117188,142,0.75,0.8161114811897286,-3.203643798828121,0.025420665740966797,-0.025420665740966797
17.89780831336975,0.7254087924957275,0.9530420899391174,0.5020639300346375,-86.00737762451172,143,0.75,0.8030420899391184,-3.9926223754882884,0.02459120750427246,-0.02459120750427246
17.96759295463562,0.7267935872077942,0.9399897456169128,0.5014607906341553,-85.3330307006836,143,0.75,0.7899897456169134,-4.666969299316418,0.02320641279220581,-0.02320641279220581
18.017691135406494,0.7285637259483337,0.9267974495887756,0.500899612903595,-84.78416442871094,144,0.75,0.7767974495887762,-5.21583557128907,0.02143627405166626,-0.02143627405166626
18.067687034606934,0.7306332588195801,0.912807822227478,0.5003139972686768,-84.43347930908203,144,0.75,0.7628078222274786,-5.566520690917964,0.019366741180419922,-0.019366741180419922
18.117738723754883,0.733208417892456,0.897907555103302,0.4997851252555847,-84.25984191894531,145,0.75,0.7479075551033021,-5.740158081054694,0.016791582107543945,-0.016791582107543945
18.17263889312744,0.7372843027114868,0.8758560419082642,0.49918481707572937,-84.44342041015625,146,0.75,0.7258560419082638,-5.556579589843733,0.012715697288513184,-0.012715697288513184
18.22282862663269,0.7398805022239685,0.86165851354599,0.49907374382019043,-84.7515640258789,146,0.75,0.7116585135459896,-5.248435974121077,0.010119497776031494,-0.010119497776031494
18.27269434928894,0.7423399686813354,0.8488724827766418,0.49915120005607605,-85.11936950683594,147,0.75,0.6988724827766415,-4.880630493164061,0.007660031318664551,-0.007660031318664551
18.32271432876587,0.7445152401924133,0.8361124992370605,0.49928972125053406,-85.58557891845703,147,0.75,0.6861124992370602,-4.414421081542965,0.00548475980758667,-0.00548475980758667
18.388237237930298,0.7464081645011902,0.8234299421310425,0.4994565546512604,-86.1848373413086,148,0.75,0.6734299421310421,-3.8151626586914205,0.0035918354988098145,-0.0035918354988098145
18.438309907913208,0.7481640577316284,0.8107467889785767,0.4997492730617523,-86.7710952758789,148,0.75,0.6607467889785759,-3.2289047241211026,0.001835942268371582,-0.001835942268371582
18.48854684829712,0.749866247177124,0.7958163619041443,0.5001136660575867,-87.40911865234375,149,0.75,0.6458163619041437,-2.590881347656244,0.00013375282287597656,-0.00013375282287597656
18.53848361968994,0.7509785890579224,0.7831482291221619,0.5003495812416077,-88.0620346069336,150,0.75,0.6331482291221615,-1.9379653930664082,0.0009785890579223633,0.0009785890579223633
18.59493327140808,0.7517440915107727,0.7700719833374023,0.500713050365448,-88.70343780517578,150,0.75,0.620071983337402,-1.2965621948242043,0.001744091510772705,0.001744091510772705
18.64497423171997,0.7519802451133728,0.7587089538574219,0.5009155869483948,-89.34823608398438,151,0.75,0.6087089538574215,-0.6517639160156098,0.0019802451133728027,0.0019802451133728027
18.695016622543335,0.7524620294570923,0.7447810173034668,0.5010976195335388,-89.8712158203125,151,0.75,0.5947810173034669,-0.12878417968751601,0.002462029457092285,0.002462029457092285
18.744985342025757,0.7525030970573425,0.732201099395752,0.5011462569236755,-90.37139129638672,152,0.75,0.5822010993957525,0.37139129638673724,0.0025030970573425293,0.0025030970573425293
18.80016040802002,0.7524229884147644,0.7213808298110962,0.5010859370231628,-90.80799102783203,152,0.75,0.5713808298110967,0.8079910278320372,0.0024229884147644043,0.0024229884147644043
18.8502836227417,0.7523277401924133,0.7109554409980774,0.5009755492210388,-91.16777038574219,152,0.75,0.5609554409980779,1.1677703857421908,0.00232774019241333,0.00232774019241333
18.90041470527649,0.7521210312843323,0.6982675194740295,0.5007708668708801,-91.45228576660156,153,0.75,0.5482675194740301,1.452285766601577,0.0021210312843322754,0.0021210312843322754
18.95023512840271,0.7519751191139221,0.6860045194625854,0.5008853673934937,-91.6906509399414,153,0.75,0.536004519462586,1.6906509399414087,0.001975119113922119,0.001975119113922119
19.006513357162476,0.7519078254699707,0.6733452677726746,0.5009466409683228,-91.82528686523438,154,0.75,0.5233452677726751,1.82528686523438,0.0019078254699707031,0.0019078254699707031
19.056600093841553,0.7518004179000854,0.6601258516311646,0.5010865330696106,-91.84780883789062,154,0.75,0.5101258516311651,1.8478088378906392,0.0018004179000854492,0.0018004179000854492
19.106569051742554,0.7517759203910828,0.6457473039627075,0.5012480020523071,-91.85166931152344,155,0.7505589159187073,0.4957656009753916,2.0651845228351897,0.0017759080598819033,0.0017759080598819033
19.15660810470581,0.751901388168335,0.6345825791358948,0.5013371706008911,-91.84587097167969,156,0.7510182157990595,0.484616888194539,2.234883759241896,0.0019013443433663687,0.0019013443433663687
19.214906454086304,0.7519952058792114,0.6201010942459106,0.5014500021934509,-91.85356903076172,156,0.752525830717722,0.470240197931807,2.8191694114932684,0.0019949225462943397,0.0019949225462943397
19.264986753463745,0.752185583114624,0.6089342832565308,0.5012561678886414,-91.78193664550781,157,0.7537705497886685,0.459165014654401,3.2240947473648647,0.0021848908137411588,0.0021848908137411588
19.315048933029175,0.7523625493049622,0.5968354344367981,0.5011380314826965,-91.66546630859375,157,0.7561309181009347,0.44729864182218304,4.013243722850009,0.002360566140677046,0.002360566140677046
19.364978075027466,0.7528010606765747,0.584326982498169,0.5009182691574097,-91.50962829589844,158,0.7586350848309259,0.43504765523608957,4.820221967588945,0.0027963861440561026,0.0027963861440561026
19.42042326927185,0.7533980011940002,0.5582184195518494,0.500423014163971,-91.1891098022461,159,0.7671311268356126,0.4103719893842135,7.798559591112754,0.0033754173832197805,0.0033754173832197805
19.47067356109619,0.7533980011940002,0.5582184195518494,0.500423014163971,-91.1891098022461,159,0.7671311268356126,0.4103719893842135,7.798559591112754,0.0033754173832197805,0.0033754173832197805
19.52049446105957,0.7542707920074463,0.5334867238998413,0.5002366900444031,-90.66316986083984,160,0.7772292933828128,0.38785205041742105,11.25347870420628,0.004198045254391621,0.004198045254391621
19.57048201560974,0.754906177520752,0.5221124291419983,0.5003660321235657,-90.34671783447266,160,0.7827422325097971,0.3779291637230876,13.14089776243339,0.0047843662291727675,0.0047843662291727675
19.62613010406494,0.7554619312286377,0.5129809379577637,0.5006541013717651,-89.92027282714844,160,0.7871681205414545,0.3699628893913111,14.488270138450149,0.005286329120648078,0.005286329120648078
19.67625665664673,0.756136417388916,0.5031322240829468,0.5009341835975647,-89.38169860839844,161,0.7925990053022326,0.3614808963255867,16.042974250917087,0.005681529703464658,0.005681529703464658
19.7261905670166,0.757250964641571,0.4915276765823364,0.5011303424835205,-88.71897888183594,161,0.7991489351316313,0.3518593176016656,17.869056513730612,0.006237878229378974,0.006237878229378974
19.776235342025757,0.7583211660385132,0.48242470622062683,0.5012688040733337,-87.91780090332031,162,0.8048639478253047,0.3441581389352937,19.18780530248739,0.0067857062048915255,0.0067857062048915255
19.832162380218506,0.7594428062438965,0.4752782881259918,0.5014148950576782,-86.89800262451172,162,0.8096358976058622,0.33871677308121734,19.86878101113296,0.007081735857662306,0.007081735857662306
19.882333040237427,0.7607330083847046,0.4674839377403259,0.5015588402748108,-85.81661224365236,162,0.8148451042123598,0.33277681137606435,20.644880432208982,0.007452971829566292,0.007452971829566292
19.93233895301819,0.76198410987854,0.46071386337280273,0.5016474723815918,-84.57319641113281,163,0.819955948743049,0.327097074208482,21.19934616052154,0.00805874025804575,0.00805874025804575
19.982358932495117,0.763329029083252,0.4547843933105469,0.5016915202140808,-83.18687438964844,163,0.8243895926938756,0.32295364811635213,21.257246783890093,0.008155676459720101,0.008155676459720101
20.03721570968628,0.7644404768943787,0.44952166080474854,0.5017746090888977,-81.67829895019531,163,0.8283129927478873,0.31928706633081533,21.027979248162946,0.008158845023096087,0.008158845023096087
20.08738422393799,0.7655752301216125,0.44494014978408813,0.5018695592880249,-80.02619171142578,163,0.8317523288012362,0.31607286264168244,20.497288692089423,0.008312017315789315,0.008312017315789315
20.137319803237915,0.7668277025222778,0.4398852288722992,0.5018591284751892,-78.24799346923828,163,0.8355471193280939,0.31252647184947224,19.955271964241824,0.008474525360964,0.008474525360964
20.18729829788208,0.7682068347930908,0.43504902720451355,0.5021712183952332,-76.36029815673828,164,0.8402888123616332,0.3085365762318283,19.490592704363255,0.008781124772026956,0.008781124772026956
20.244080781936646,0.7697721719741821,0.4299785792827606,0.5022867321968079,-74.42680358886719,164,0.8444675504845993,0.3052864351506762,18.740726357502336,0.008596805485583815,0.008596805485583815
20.294230699539185,0.7715284824371338,0.4244893491268158,0.5026274919509888,-72.44751739501953,164,0.849006984290157,0.3017557519964659,18.04844373052097,0.008450559911128216,0.008450559911128216
20.344263792037964,0.7734619379043579,0.4190872609615326,0.5030069947242737,-70.36565399169923,164,0.8535260770416317,0.298240889717736,17.247813861498603,0.008487482718513299,0.008487482718513299
20.39413809776306,0.7755998969078064,0.4135260581970215,0.5032871961593628,-68.31503295898438,165,0.8589832199851124,0.2942439281202793,16.710110877998844,0.008732385563112342,0.008732385563112342
20.449805736541748,0.7773331999778748,0.4093155562877655,0.5035125613212585,-66.26409912109375,165,0.8628172642771859,0.291783754147767,15.676676703213163,0.008576462419105667,0.008576462419105667
20.499990224838257,0.7797144055366516,0.4034254848957062,0.5037181377410889,-64.36138916015625,165,0.8681658782709503,0.28835173304053097,15.194430625858972,0.008317796435884144,0.008317796435884144
20.54996395111084,0.782102108001709,0.39781105518341064,0.5037477016448975,-62.52106857299805,165,0.8733043857070103,0.28505453006405745,14.718426261754292,0.008171135555313062,0.008171135555313062
20.599958419799805,0.7845683097839355,0.3917849361896515,0.5036221146583557,-60.670135498046875,166,0.8795088820193054,0.28127011450955497,14.502561303402361,0.008050080291438055,0.008050080291438055
20.657606840133667,0.7870408296585083,0.3859981298446655,0.5033383369445801,-58.896984100341804,166,0.8851339851807476,0.2784961206145356,14.179791659857997,0.007370553616953953,0.007370553616953953
20.70780301094055,0.7898567914962769,0.3798379600048065,0.5031540393829346,-57.16875076293945,166,0.8912022884793611,0.2755035645990538,14.017506211158352,0.006804373523133043,0.006804373523133043
20.757771015167236,0.7932189106941223,0.3730330169200897,0.5029954314231873,-55.46233367919922,166,0.8980154797248832,0.27214367049964816,14.068023494601986,0.006389432963813381,0.006389432963813381
20.808258533477783,0.7963011264801025,0.3671952188014984,0.5029023289680481,-53.850975036621094,167,0.9046467647362751,0.26939601217288006,14.147957963462554,0.006031279964530706,0.006031279964530706
20.864535331726074,0.7997421026229858,0.36141717433929443,0.5029233694076538,-52.32773208618164,167,0.9109507596391407,0.2671023546047692,14.224843924719858,0.0055925588071898645,0.0055925588071898645
20.91474151611328,0.8026192784309387,0.35669204592704773,0.5026952028274536,-50.79301834106445,167,0.9161394160291748,0.2652145039353598,14.007601752408503,0.005284779989320973,0.005284779989320973
20.964601755142212,0.8061042428016663,0.3512152135372162,0.5024048686027527,-49.38507843017578,167,0.9222328248259495,0.26299746641904415,14.145369687252876,0.005045404633255252,0.005045404633255252
21.014729261398315,0.8089001774787903,0.34716740250587463,0.5020918250083923,-47.98762893676758,168,0.9275450166122327,0.2614104089695032,14.027589374214854,0.004852463130568308,0.004852463130568308
21.071226835250854,0.8150586485862732,0.33869075775146484,0.5012346506118774,-45.17666244506836,168,0.9376107008637721,0.2587498725019154,13.579425473084545,0.0038793106170181275,0.0038793106170181275
21.121265411376953,0.8183485269546509,0.33467212319374084,0.5006023645401001,-43.78138732910156,168,0.9426181863272817,0.25742630647762393,13.360126523939794,0.0036866512754302532,0.0036866512754302532
21.1712384223938,0.8215233683586121,0.33111855387687683,0.5000983476638794,-42.4693717956543,168,0.947215174068249,0.2562112421839047,13.126851420665545,0.0037044495413951304,0.0037044495413951304
21.22122073173523,0.8249513506889343,0.32751354575157166,0.4995993673801422,-41.104915618896484,169,0.9524791195347376,0.25522675865723676,12.962232271694639,0.003589851776127188,0.003589851776127188
21.278010606765747,0.8283559083938599,0.32415956258773804,0.49922361969947815,-39.69709396362305,169,0.9571899701177968,0.2544284141227141,12.622342410385498,0.003450398502241063,0.003450398502241063
21.328064441680908,0.8322780132293701,0.32069334387779236,0.4988669455051422,-38.37237548828125,169,0.9623492386192529,0.2535540765189947,12.467760580957432,0.003568519898625374,0.003568519898625374
21.378074884414673,0.8359163999557495,0.3176146149635315,0.49861133098602295,-37.06312561035156,169,0.9670432257930193,0.25275858981458255,12.222822394260811,0.003770550591185474,0.003770550591185474
21.428065299987793,0.8396758437156677,0.3148238956928253,0.4985535144805908,-35.77262878417969,169,0.9716305181083957,0.25198118461276864,11.971444331185387,0.004245837748197283,0.004245837748197283
21.483251810073853,0.8435999155044556,0.31191542744636536,0.4983047842979431,-34.46275329589844,170,0.9769084345282293,0.25151350116284443,11.862773345675123,0.004533886336532778,0.004533886336532778
21.533425331115723,0.8483694791793823,0.3086369037628174,0.4981149137020111,-33.171844482421875,170,0.9826859946506077,0.2511348198658006,11.890209425491003,0.004830353930537882,0.004830353930537882
21.583439111709595,0.8530849814414978,0.3053591549396515,0.4979855716228485,-31.972414016723636,170,0.9884204065387577,0.2507589666534425,11.999565367397196,0.0050890665197560365,0.0050890665197560365
21.63340950012207,0.857374370098114,0.302581250667572,0.4977903962135315,-30.76155853271484,170,0.9935116033934868,0.25042527198170955,11.949828795010433,0.005471233934092728,0.005471233934092728
21.688344717025757,0.8615447878837585,0.3000381588935852,0.4975671172142029,-29.63435173034668,171,0.9989343806405412,0.25021126710771135,12.070118459506256,0.006043206401797407,0.006043206401797407
21.738521099090576,0.8652331829071045,0.29784125089645386,0.4974769055843353,-28.477075576782227,171,1.0032203788228662,0.2504414786501787,11.935031657842181,0.0061503897633665115,0.0061503897633665115
21.788419246673584,0.8694159984588623,0.29550600051879883,0.49724987149238586,-27.369821548461914,171,1.0079966702029244,0.25069802505059735,11.968151008564455,0.006393975695583581,0.006393975695583581
21.838443517684937,0.8735817670822144,0.29331347346305847,0.4971121847629547,-26.25388908386231,171,1.0126816374028726,0.2509496662038663,11.971228440774132,0.006737622717596458,0.006737622717596458
21.89295268058777,0.8778249025344849,0.2913205623626709,0.49713194370269775,-25.19607543945313,171,1.0173239639677942,0.25119901702336844,12.021825988331775,0.007271913749034632,0.007271913749034632
21.943000555038452,0.8829319477081299,0.2891063988208771,0.4972325563430786,-24.166370391845703,172,1.0237631110281848,0.25164263974064977,12.52131117737048,0.00826611476381719,0.00826611476381719
21.992997646331787,0.8877531290054321,0.2869754731655121,0.49723953008651733,-23.20834732055664,172,1.0289642033596995,0.2523980300567018,12.774190627348531,0.008431562012756863,0.008431562012756863
22.04299306869507,0.8923128843307495,0.2849462628364563,0.49707677960395813,-22.18927764892578,172,1.0338893114644674,0.2531133372903974,12.903131740566485,0.008570239728464407,0.008570239728464407
22.0996413230896,0.8956810235977173,0.2836206257343292,0.4970601499080658,-21.172996520996094,172,1.037451639364032,0.253630718606939,12.71750066709754,0.008817813054327342,0.008817813054327342
22.14974284172058,0.9004176259040833,0.2816939949989319,0.4968147277832031,-20.14015007019043,172,1.0424885811546079,0.2543622682139444,12.858817246908488,0.009105040640778004,0.009105040640778004
22.199726819992065,0.9058358073234558,0.2798040211200714,0.49671241641044617,-19.087446212768555,173,1.0491915900219932,0.255505511446032,13.360895935425239,0.009873086412715879,0.009873086412715879
22.249788284301758,0.9101647138595581,0.27823734283447266,0.4966200590133667,-18.008298873901367,173,1.0536663510082362,0.25657570437089533,13.309702145441477,0.00983403486858729,0.00983403486858729
22.306461572647095,0.9155954718589783,0.27666231989860535,0.4967271387577057,-16.905431747436523,173,1.0591503340395696,0.2578872648896015,13.467865419404207,0.010133600193572099,0.010133600193572099
22.356539726257324,0.9206582903862,0.2750905752182007,0.4967295825481415,-15.775681495666502,173,1.0642971457657338,0.25911818683423227,13.52183249043623,0.010311155199612078,0.010311155199612078
22.406479835510254,0.9267034530639648,0.2734563648700714,0.4969165623188019,-14.6411190032959,173,1.0703620061683248,0.26056867116470056,13.781000344503962,0.010729734364564144,0.010729734364564144
22.456530332565308,0.9318311810493469,0.27202269434928894,0.49690133333206177,-13.426379203796387,174,1.0764244440097759,0.2624968396443669,13.990543412556292,0.010949110801895336,0.010949110801895336
22.513221502304077,0.9368650913238525,0.2706681489944458,0.4970456063747406,-12.190933227539062,174,1.0813712756975917,0.26417606272867616,13.925462433177012,0.010863114627429374,0.010863114627429374
22.563414573669434,0.9410560131072998,0.26989030838012695,0.49737608432769775,-10.95799446105957,174,1.085404858527097,0.26554527959863,13.646890008964187,0.011112061403078964,0.011112061403078964
22.61340093612671,0.9466701745986938,0.2686302959918976,0.4977114796638489,-9.804086685180664,174,1.0908611172232667,0.26739742985050513,13.78305039230756,0.01123533434416304,0.01123533434416304
22.66327428817749,0.9521724581718445,0.26777708530426025,0.4980939030647278,-8.545345306396484,175,1.0970832206975476,0.2697750506469411,14.043730114512266,0.011896242285112596,0.011896242285112596
22.72231912612915,0.9620042443275452,0.26659825444221497,0.498624324798584,-5.9922943115234375,175,1.1059738936406782,0.27413862863774924,13.849686767831251,0.012212211209098427,0.012212211209098427
22.772369384765625,0.9666643142700195,0.26592719554901123,0.4986361861228943,-4.753028392791748,175,1.1102047642108048,0.27621515690730236,13.733850576154802,0.012245380864819331,0.012245380864819331
22.82243251800537,0.9713480472564697,0.26570186018943787,0.4987998902797699,-3.445542097091675,175,1.1143896609306088,0.2782691210264584,13.536956178386394,0.012690797853738956,0.012690797853738956
22.87249732017517,0.9758619070053101,0.26527470350265503,0.4987823963165283,-2.1874611377716064,176,1.1196197162997221,0.28105443617025594,13.681415149885584,0.013182550445263815,0.013182550445263815
22.937966108322144,0.980179488658905,0.26512205600738525,0.49890953302383423,-0.9517197608947754,176,1.123301354171655,0.2832958026149202,13.454835958729062,0.013242098571866052,0.013242098571866052
22.988064527511597,0.9843962788581848,0.2648893892765045,0.49873843789100647,0.3044176101684571,176,1.1269017069222151,0.28548768300206534,13.18646021894108,0.01321524284968558,0.01321524284968558
23.03808093070984,0.9875743985176086,0.26500558853149414,0.4985954463481903,1.5712758302688599,176,1.1295989714217114,0.2871297668657836,12.659815535450765,0.013469152337655855,0.013469152337655855
23.088103771209717,0.9919559359550476,0.2650826871395111,0.4986174702644348,2.8891189098358154,176,1.1333222081425502,0.2893964585236594,12.36354534050127,0.013732763248209953,0.013732763248209953
23.151894569396973,0.9970977902412415,0.2652762234210968,0.49858447909355164,4.202938079833984,176,1.1376857819005715,0.2920529848144735,12.245901687201435,0.014127899788624892,0.014127899788624892
23.201956748962402,1.0021193027496338,0.2657524347305298,0.49874579906463623,5.391151428222656,177,1.143257732113389,0.2959949456993241,12.60043020538872,0.014830740571020394,0.014830740571020394
23.25204086303711,1.0069615840911865,0.26610520482063293,0.49867314100265503,6.592014789581299,177,1.1471538148279896,0.2988799425645516,12.483713944862734,0.014842292062793472,0.014842292062793472
23.30191969871521,1.011824131011963,0.2668997049331665,0.49906450510025024,7.8081207275390625,177,1.1510851553778203,0.3017910473827063,12.362177173366465,0.015267299297171256,0.015267299297171256
23.366859912872314,1.0167090892791748,0.26752281188964844,0.49924972653388977,9.034102439880371,177,1.1550270795297624,0.30470998921592224,12.233527506290724,0.015516772360074297,0.015516772360074297
23.416940212249756,1.0218771696090698,0.26860710978507996,0.4992969036102295,10.234280586242678,178,1.16036888432528,0.3088516704790619,12.544587176724471,0.01651487905289439,0.01651487905289439
23.466914653778076,1.0271750688552856,0.26991012692451477,0.499541312456131,11.429571151733398,178,1.1644290132893946,0.31247028353655515,12.563697055462965,0.01692880481760608,0.01692880481760608
23.51693296432495,1.032676339149475,0.2713623344898224,0.49974411725997925,12.572539329528809,178,1.168655656404096,0.31623730327888433,12.685724809044425,0.01743762965381785,0.01743762965381785
23.584808826446533,1.0417569875717163,0.27373677492141724,0.4998423755168915,14.615044593811035,178,1.175629913886494,0.3224531499712392,12.729072100870928,0.018219344907862377,0.018219344907862377
23.634803533554077,1.0488473176956177,0.2755473256111145,0.4995884299278259,15.935219764709473,179,1.1818735398633062,0.3290351420578979,13.509432908744515,0.018814525609192806,0.018814525609192806
23.684831380844116,1.0534765720367432,0.2768748104572296,0.49942269921302795,16.800338745117188,179,1.1850513351072207,0.3326587230523864,13.778405519662597,0.01890889533435455,0.01890889533435455
23.73479986190796,1.0613878965377808,0.2790660560131073,0.49937430024147034,18.094303131103516,179,1.1904702458623673,0.3388378065099446,14.418513237136805,0.018976448213137882,0.018976448213137882
23.802587032318115,1.0662647485733032,0.2802647650241852,0.49949437379837036,18.967552185058594,180,1.1949267989268664,0.34408756038206423,15.167442098893048,0.019370758717208874,0.019370758717208874
23.852574586868286,1.07206392288208,0.2818068563938141,0.49958035349845886,20.303834915161133,180,1.1984063274277348,0.34894804324817347,15.252430442020344,0.01884601196493297,0.01884601196493297
23.902527570724487,1.078023910522461,0.2835913598537445,0.49976733326911926,21.20001220703125,180,1.2020196413198276,0.3539954082167348,15.833661665485018,0.01847841953955924,0.01847841953955924
23.95255470275879,1.0836628675460815,0.2854257822036743,0.4999352693557739,22.425765991210938,180,1.205465608453283,0.35880900988867287,16.01652888418818,0.018251653772605087,0.018251653772605087
24.021215200424194,1.0946255922317505,0.2894867956638336,0.5004375576972961,24.87034797668457,181,1.2130614481858324,0.3707265760478278,16.814001307056085,0.01809148669932455,0.01809148669932455
24.07115650177002,1.1000555753707886,0.29153192043304443,0.500738799571991,26.119441986083984,181,1.215979243519124,0.37569760456219825,16.85480638430738,0.01744096133560959,0.01744096133560959
24.121432065963745,1.1051148176193237,0.2934669852256775,0.5009994506835938,27.484556198120117,181,1.2187044044864395,0.380340443187721,16.6945319786089,0.016858364632124114,0.016858364632124114
24.171172857284546,1.1102930307388306,0.29568204283714294,0.5011810064315796,28.869989395141605,182,1.2222001709777082,0.3866192122306123,16.916468485459962,0.01679534567559164,0.01679534567559164
24.238486289978027,1.1149741411209106,0.29790642857551575,0.501371443271637,30.265949249267575,182,1.2243988721618315,0.39128683356564753,16.672895163206604,0.016190340050545364,0.016190340050545364
24.288517713546753,1.1193236112594604,0.29999133944511414,0.5016664266586304,31.711811065673828,182,1.2264458207897417,0.3956322994963279,16.300655027877966,0.0156420813210295,0.0156420813210295
24.338520526885986,1.124222993850708,0.3026179373264313,0.5016602277755737,33.20750427246094,182,1.2288132458785574,0.40065810470053026,16.046589377207034,0.015247421662253175,0.015247421662253175
24.388551950454712,1.1288930177688599,0.3053094148635864,0.5017467737197876,34.701969146728516,182,1.2311115036816724,0.40553707471823497,15.756337301746811,0.01501806932220908,0.01501806932220908
24.454867601394653,1.1337641477584839,0.3084159791469574,0.5019268989562988,36.19768142700195,183,1.2336688134963518,0.4122799343882997,15.912538316280349,0.015056656004021122,0.015056656004021122
24.50494074821472,1.138205647468567,0.3113032579421997,0.5020238757133484,37.762088775634766,183,1.2353718671373652,0.41729696863237103,15.575276862707769,0.01465429029055685,0.01465429029055685
24.55493140220642,1.143561601638794,0.3147662281990051,0.5019300580024719,39.633426666259766,183,1.2374219632523529,0.42333635703731304,15.18149051772513,0.01415136852676667,0.01415136852676667
24.60489010810852,1.147788405418396,0.3175545930862427,0.5018303990364075,41.18745422363281,183,1.2390504856153983,0.42813382921662385,14.800218223264066,0.013793864578146603,0.013793864578146603
24.66081142425537,1.1520509719848633,0.32054683566093445,0.5016129612922668,42.74227142333985,184,1.240807555677203,0.4343965339642782,14.773895720342995,0.013725694870424974,0.013725694870424974
24.710901975631714,1.1560592651367188,0.32348719239234924,0.5013418793678284,44.270286560058594,184,1.24188036883843,0.43922388074203883,14.425071871036979,0.013191555040549077,0.013191555040549077
24.760860443115234,1.159478783607483,0.3262312412261963,0.5011988878250122,45.456878662109375,184,1.2428295800690474,0.44349505483007373,14.282522439264651,0.012900413436462865,0.012900413436462865
24.810896635055542,1.1633853912353516,0.3292076587677002,0.5009331703186035,46.969871520996094,184,1.2438911379748367,0.4482717562363624,13.937043248746104,0.012455882746177992,0.012455882746177992
24.867425203323364,1.167250633239746,0.3321276307106018,0.5004799962043762,48.40788269042969,184,1.2449378596257845,0.4529816988167985,13.64921501663498,0.011998880177142814,0.011998880177142814
24.917496919631958,1.1712392568588257,0.3356018662452698,0.5000779628753662,49.823707580566406,185,1.2460508274900377,0.45970378023397984,13.80884087631037,0.011911568658104537,0.011911568658104537
24.967524766921997,1.1751900911331177,0.3389982283115387,0.4998548626899719,51.23312759399415,185,1.2467086154995417,0.4648090394016269,13.566025332793398,0.011142124393816843,0.011142124393816843
25.01748013496399,1.1790889501571655,0.3425235152244568,0.4996146857738495,52.58154296875,185,1.247374393792066,0.46997631317740074,13.399315939424197,0.010493956740999455,0.010493956740999455
25.072739839553833,1.1864134073257446,0.34970003366470337,0.4989384412765503,55.316558837890625,186,1.2487407468960048,0.481099567889476,13.202906835114765,0.009881656759160234,0.009881656759160234
25.12291145324707,1.1895555257797241,0.35296154022216797,0.49849891662597656,56.641212463378906,186,1.2489092408062332,0.48557811130994377,12.879089732260375,0.009203052415153628,0.009203052415153628
25.17289972305298,1.1928937435150146,0.35683345794677734,0.4981623888015747,57.91358184814453,186,1.2491006900602186,0.4906668044005548,12.745053321613238,0.008709716969261282,0.008709716969261282
25.24830937385559,1.1928937435150146,0.35683345794677734,0.4981623888015747,57.91358184814453,186,1.2491006900602186,0.4906668044005548,12.745053321613238,0.008709716969261282,0.008709716969261282
25.318774223327637,1.1974570751190186,0.3628283739089966,0.4978754222393036,60.53028106689454,186,1.2493838645139455,0.49819353984673864,11.812461774321521,0.008421144016567461,0.008421144016567461
25.368948459625244,1.201842188835144,0.36938220262527466,0.4979375898838043,61.84688949584962,187,1.249548349885307,0.506890849144874,12.446828840957986,0.00870049764593173,0.00870049764593173
25.418846130371094,1.2051241397857666,0.37494397163391113,0.4983043968677521,63.13458251953124,187,1.2491250887827396,0.5133485656643815,12.633638523080396,0.008624437972997424,0.008624437972997424
25.46884250640869,1.2081457376480103,0.3806293308734894,0.498875230550766,64.32183074951172,187,1.2487034796918632,0.5197810773561262,12.91606758184979,0.008816691857977529,0.008816691857977529
25.53048610687256,1.2137869596481323,0.39158931374549866,0.49949318170547485,66.68809509277344,188,1.2475191490595816,0.53293425378192,13.588357719879939,0.009375219393746127,0.009375219393746127
25.580576181411743,1.216359257698059,0.3968107998371124,0.49952250719070435,67.87210083007812,188,1.2464544329478877,0.5386574868718742,13.791657862932697,0.00921197080311556,0.00921197080311556
25.63057255744934,1.2189167737960815,0.40202322602272034,0.499551922082901,69.05337524414062,188,1.2453923687060369,0.5443664652050266,13.995368572915222,0.009053908924819276,0.009053908924819276
25.680570363998413,1.221126675605774,0.40692198276519775,0.49945810437202454,70.26212310791016,188,1.2444093184426301,0.5496507149076699,14.06817077906377,0.009068054422243078,0.009068054422243078
25.745340585708618,1.2231675386428833,0.4115276336669922,0.4991520047187805,71.42987823486328,189,1.2432098768698427,0.5556644281887567,14.35413433083973,0.009391674184570948,0.009391674184570948
25.79537534713745,1.2250982522964478,0.4161716103553772,0.49880194664001465,72.63323974609375,189,1.2418524507297106,0.5604847331726811,14.303271944873952,0.00901780354935775,0.00901780354935775
25.845394611358643,1.2269259691238403,0.4203030467033386,0.4985344111919403,73.92967987060547,189,1.2406352668377616,0.5648070291763108,14.041488908779963,0.00858491820369061,0.00858491820369061
25.895402193069458,1.2283457517623901,0.42432352900505066,0.4981057643890381,75.17972564697266,189,1.2394819738954266,0.5689024444283858,13.772227373612619,0.008489887813571392,0.008489887813571392
25.960561275482178,1.2297232151031494,0.42860111594200134,0.49801886081695557,76.5026626586914,189,1.238266503606814,0.5732186553195668,13.482767380164374,0.008506512885087358,0.008506512885087358
26.010601043701172,1.23075270652771,0.43289825320243835,0.4981129765510559,77.8155517578125,189,1.2370762819628893,0.5774452066968861,13.181068602373337,0.008836786074840433,0.008836786074840433
26.07347583770752,1.231776475906372,0.4376557767391205,0.4981989860534668,79.11861419677734,190,1.2350988973631438,0.5829851682411429,13.202279655095257,0.009204978721391012,0.009204978721391012
26.110743761062622,1.232696294784546,0.44215959310531616,0.49835336208343506,80.50242614746094,190,1.233459125441476,0.5872761149281504,12.845380670732894,0.009235899763510684,0.009235899763510684
26.181827545166016,1.2335165739059448,0.45089319348335266,0.49878066778182983,83.16352081298828,190,1.2303539192722297,0.5954018023779325,12.129972415640179,0.010182837624157837,0.010182837624157837
26.23190927505493,1.2337863445281982,0.4563070833683014,0.49881047010421753,84.41120910644531,190,1.228447502957266,0.6003905027347662,12.075910739612697,0.010973865352325092,0.010973865352325092
26.2818546295166,1.2337881326675415,0.4611348509788513,0.4987107515335083,85.66297149658203,191,1.226019118838278,0.6057100149569978,12.134104772174254,0.01191660441586465,0.01191660441586465
26.33186650276184,1.2337572574615479,0.4658944606781006,0.4990940988063812,86.9207763671875,191,1.2239285332456864,0.6099493031714623,11.936212392139852,0.012468412054754158,0.012468412054754158
26.393425703048706,1.233562707901001,0.4705590605735779,0.49927249550819397,88.13609313964844,191,1.2218889847766603,0.6140850983372815,11.755198258768631,0.013154613584318882,0.013154613584318882
26.443511247634888,1.2330546379089355,0.47540202736854553,0.4993855059146881,89.36002349853516,191,1.2197887838333856,0.6183438845541113,11.59588596016122,0.01414254074155255,0.01414254074155255
26.493461847305298,1.232483983039856,0.48017579317092896,0.4997207522392273,90.52836608886719,191,1.2177225486367624,0.6225337950501932,11.47379982801653,0.015164411108237415,0.015164411108237415
26.5435311794281,1.231659173965454,0.4850809872150421,0.49989110231399536,91.61656951904297,192,1.2144640145578987,0.6279619165403901,11.862318936158058,0.016582162426038067,0.016582162426038067
26.607038974761963,1.230997920036316,0.48979097604751587,0.500106930732727,92.65157318115234,192,1.2118694349052015,0.6318661886404828,11.943957818327833,0.017290897186794833,0.017290897186794833
26.65708351135254,1.2303810119628906,0.4943675994873047,0.5001100301742554,93.69699096679688,192,1.2093477880705124,0.6356607128797862,11.984542506682526,0.01793979308159461,0.01793979308159461
26.707126140594482,1.2295618057250977,0.4989754557609558,0.4999537765979767,94.75401306152344,192,1.206813059616377,0.6394749220810739,12.01910544009713,0.018764803303170104,0.018764803303170104
26.757095336914062,1.2288461923599243,0.5032340884208679,0.4998108446598053,95.77877807617188,192,1.2044695702488446,0.6430013584905359,12.002836680287324,0.019471405674471642,0.019471405674471642
26.823211908340454,1.226893663406372,0.5113439559936523,0.49971911311149597,97.8490219116211,193,1.1981904373746555,0.6512254483484089,12.365921417260529,0.02139987283289424,0.02139987283289424
26.87329077720642,1.2253930568695068,0.5163583159446716,0.49969223141670227,98.92452239990234,193,1.194999902237015,0.6551941342009932,12.48271798713534,0.02237797964826212,0.02237797964826212
26.92324161529541,1.2243472337722778,0.5204383134841919,0.4995027184486389,99.9871826171875,193,1.1924110473997207,0.6584143938514674,12.387579503457545,0.02299056907868501,0.02299056907868501
26.973280429840088,1.2229427099227905,0.5242988467216492,0.4990730285644531,101.11454010009766,193,1.189944475446737,0.6614825466195408,12.18155834802246,0.023945817943496366,0.023945817943496366
27.039446115493774,1.2217943668365479,0.5283650159835815,0.49852338433265686,102.28880310058594,194,1.1852158178043237,0.6669418590031605,12.666577762920111,0.02530382860233524,0.02530382860233524
27.08954119682312,1.2204848527908325,0.5331287384033203,0.4979396462440491,103.41926574707031,194,1.1818014025412233,0.6704796515628422,12.635087104287097,0.025575407082332368,0.025575407082332368
27.139473915100098,1.2193751335144043,0.5377508401870728,0.4974193274974823,104.63780212402344,194,1.1785089005494502,0.6738911256079336,12.477217220418853,0.025675018385704795,0.025675018385704795
27.18950915336609,1.217795491218567,0.5426054000854492,0.496865838766098,105.78631591796875,194,1.1749982781242425,0.6775286017022953,12.459818965015945,0.026152752008590328,0.026152752008590328
27.25469970703125,1.216336965560913,0.5473807454109192,0.49670547246932983,106.90827178955078,194,1.1715570347825899,0.6810941917527267,12.445975660200434,0.026516952768456784,0.026516952768456784
27.30481481552124,1.2145036458969116,0.5520290732383728,0.49674496054649353,107.96965026855469,195,1.1660132372490695,0.6861652338111657,13.063547267376313,0.027601921405797893,0.027601921405797893
27.354806184768677,1.2117046117782593,0.5583868026733398,0.4974234998226166,109.04308319091797,195,1.1608000459237726,0.6906694015436742,13.529264767451497,0.02831830260296796,0.02831830260296796
27.40472435951233,1.2094671726226807,0.5633193850517273,0.49802035093307495,110.1157455444336,195,1.1567419169579016,0.6941756019498897,13.65456924253922,0.02890933236021883,0.02890933236021883
27.473429441452026,1.2050412893295288,0.5716027617454529,0.49927595257759094,112.23078155517578,196,1.1472328174892374,0.7016508572390425,14.297485886400876,0.030954370568145005,0.030954370568145005
27.52347445487976,1.2028864622116089,0.576061487197876,0.5000150799751282,113.25549316406251,196,1.1431229730905572,0.7043969674714129,14.436714185882508,0.03117555597756241,0.03117555597756241
27.573463439941406,1.2005858421325684,0.5803159475326538,0.5006151795387268,114.21054077148438,196,1.1391287097497524,0.7070658489099628,14.613460503086449,0.03158360311718202,0.03158360311718202
27.62348222732544,1.1983238458633423,0.5847828388214111,0.5012168884277344,115.1723403930664,196,1.1349806470155712,0.7098374958176918,14.826692147906446,0.03185757347944584,0.03185757347944584
27.68856906890869,1.1961443424224854,0.5884447693824768,0.5018722414970398,116.08285522460938,197,1.1287296094347865,0.7138143363547721,15.663982038921759,0.03317839635817839,0.03317839635817839
27.738647937774658,1.1943235397338867,0.5918171405792236,0.5024564862251282,116.94171142578126,197,1.1253576680490356,0.7156173787734176,15.713299658864427,0.033164128858529346,0.033164128858529346
27.78860306739807,1.1923726797103882,0.5953527092933655,0.5030623078346252,117.90039825439455,197,1.1218062168486718,0.7175164085694471,15.711966959486483,0.033173821879315474,0.033173821879315474
27.838640213012695,1.190516710281372,0.5988384485244751,0.5035563707351685,118.97068786621094,197,1.1183310629253669,0.7193746407325325,15.578786604510402,0.03311640158850042,0.03311640158850042
27.907432794570923,1.1886099576950073,0.6024995446205139,0.5040959715843201,120.05896759033205,197,1.1146976673015079,0.7213174878001662,15.470080532569114,0.033010087309852804,0.033010087309852804
27.957475662231445,1.1856895685195923,0.6071702241897583,0.5049282908439636,121.30259704589844,198,1.1057505451964023,0.7258270603965318,16.569261546291784,0.034379048310227554,0.034379048310227554
28.007527112960815,1.1831775903701782,0.6114786267280579,0.5056692957878113,122.54418945312501,198,1.1011748385775928,0.7277643755515043,16.438323925758432,0.033921149404246884,0.033921149404246884
28.05754804611206,1.1799702644348145,0.6159453988075256,0.5064074993133545,123.84623718261719,198,1.0961241940793243,0.7299027753537668,16.363517479421763,0.033904277548962886,0.033904277548962886
28.12594175338745,1.173047423362732,0.6251698136329651,0.5072920322418213,126.5481948852539,199,1.0824435022674266,0.7354062503524222,16.961075989610546,0.03474343338809098,0.03474343338809098
28.17596936225891,1.1694880723953247,0.6297017931938171,0.5074302554130554,127.96719360351562,199,1.0769508747227357,0.7371654090682128,16.830572682183682,0.03446655131712599,0.03446655131712599
28.225938081741333,1.1650307178497314,0.6349075436592102,0.5077658295631409,129.3697509765625,199,1.0704213733913923,0.739256653938421,16.960476145537232,0.03439226948291228,0.03439226948291228
28.27592396736145,1.160933017730713,0.6397767663002014,0.5080060958862305,130.83961486816406,199,1.064356681258212,0.7411990314140215,16.91288061179667,0.03424701085772901,0.03424701085772901
28.338245391845703,1.1570402383804321,0.6437482237815857,0.5081611275672913,132.3495635986328,200,1.0557523545660823,0.7432622009846086,17.429191583022128,0.03500657434763716,0.03500657434763716
28.38830304145813,1.1524062156677246,0.6483452916145325,0.5085697174072266,133.90171813964847,200,1.049339148459653,0.7445378669937321,17.393281836947835,0.03486780030075253,0.03486780030075253
28.438335418701172,1.1477824449539185,0.6531093716621399,0.5090036988258362,135.48243713378906,200,1.0428148413724356,0.7458356323619624,17.354904001804258,0.034580241603577894,0.034580241603577894
28.48832654953003,1.1430864334106445,0.6575034856796265,0.5092389583587646,136.874755859375,201,1.03317971991299,0.7473375960209927,18.24863495657803,0.03526496609916958,0.03526496609916958
28.545346975326538,1.1390272378921509,0.6617941856384277,0.5092576742172241,138.24569702148438,201,1.0273305590828956,0.7478560884176456,18.278249112243383,0.03444213828518002,0.03444213828518002
28.595442056655884,1.1349629163742065,0.6661932468414307,0.5091094970703125,139.80126953125,201,1.0214070257674845,0.7483811734810548,18.141763128834718,0.033529221364682414,0.033529221364682414
28.645496606826782,1.1318328380584717,0.6703240275382996,0.5085947513580322,141.27981567382812,201,1.0163616842232888,0.748828412205578,17.871192514165177,0.03226715415503473,0.03226715415503473
28.69553518295288,1.1283605098724365,0.6743803024291992,0.5079402327537537,142.88555908203125,202,1.0069894019360999,0.7495418903941005,18.314133054499987,0.03203716964314987,0.03203716964314987
28.751032829284668,1.1258162260055542,0.6778542399406433,0.5074843168258667,144.6063995361328,202,1.002952552692562,0.7498064794723851,17.40574799854872,0.03049317052169687,0.03049317052169687
28.801098346710205,1.1236499547958374,0.6806668043136597,0.50702965259552,146.0920867919922,202,0.9995959890462065,0.750026480276927,16.595382680978023,0.029300952573142088,0.029300952573142088
28.851094245910645,1.1202410459518433,0.6845330595970154,0.5060118436813354,147.92889404296875,202,0.9946242762416554,0.7503523435502601,15.758067723111933,0.02788561082235675,0.02788561082235675
28.90112328529358,1.1171807050704956,0.6883835792541504,0.5048196315765381,149.8608856201172,202,0.9899504900988522,0.7506586796785173,14.764334291192284,0.026313645213091826,0.026313645213091826
28.972467184066772,1.1098395586013794,0.6956144571304321,0.5023642182350159,153.68115234375,203,0.9773862484608405,0.7517488084337235,13.006151105570906,0.024126489341919695,0.024126489341919695
29.022565603256226,1.105231523513794,0.6992562413215637,0.5014411807060242,155.64152526855472,203,0.9716290761117993,0.7522838282266426,11.92782046060101,0.023025501117726013,0.023025501117726013
29.072556734085083,1.1004912853240967,0.70256507396698,0.5008000731468201,157.5772705078125,203,0.9659121556391741,0.7528151073723692,10.865926553270752,0.02226979993411638,0.02226979993411638
29.12264370918274,1.0949978828430176,0.7057942748069763,0.5005550384521484,159.33432006835938,204,0.9575755983011445,0.7540867043582468,10.037481028924754,0.022118466351890152,0.022118466351890152
29.182757139205933,1.089980125427246,0.7084760069847107,0.5005796551704407,161.00144958496094,204,0.9520064815262342,0.7551944705601579,8.811690942877142,0.02158012012086367,0.02158012012086367
29.232852458953857,1.0833802223205566,0.7118335366249084,0.5006197094917297,162.4373321533203,204,0.9447464296228685,0.7566385846715555,7.949801152814575,0.02102544096427917,0.02102544096427917
29.282796621322632,1.0776640176773071,0.7146130800247192,0.5005351305007935,163.72235107421875,205,0.9366498163539205,0.7583870613217544,7.214978048561242,0.021015722798017684,0.021015722798017684
29.33308506011963,1.069899082183838,0.7181445956230164,0.5005534887313843,164.930908203125,205,0.9285907764589663,0.761005981433846,5.992669525175838,0.020033081235844987,0.020033081235844987
29.39432692527771,1.0645239353179932,0.7204316854476929,0.500344455242157,165.88650512695312,205,0.9230577508450792,0.7628040308603042,5.027631028238785,0.019501136980827012,0.019501136980827012
29.443979263305664,1.0599015951156616,0.7220751047134399,0.5000374913215637,166.49484252929688,205,0.9183934631951838,0.7643197693222196,4.411334219681231,0.019348095840462924,0.019348095840462924
29.49416470527649,1.0521773099899292,0.7244592308998108,0.49937334656715393,167.2224578857422,206,0.908797699897887,0.767974882264878,3.229843181273188,0.019130686170552327,0.019130686170552327
29.543955326080322,1.046427607536316,0.7260501384735107,0.49915367364883423,167.6353302001953,206,0.9033401770322527,0.7703130080281534,2.3464090401843296,0.018696184311290515,0.018696184311290515
29.59909963607788,1.0384691953659058,0.7281144261360168,0.4986378848552704,167.99256896972656,206,0.8958108354872009,0.7735387475954285,1.3382484206146794,0.018227555103028693,0.018227555103028693
29.64914894104004,1.0302088260650635,0.7300342321395874,0.4980427920818329,168.23846435546875,207,0.8864761072978135,0.7780496930752768,-0.1274669278616118,0.017374167198814697,0.017374167198814697
29.69914722442627,1.0207048654556274,0.7321207523345947,0.4975350499153137,168.33177185058594,207,0.8779890602848643,0.7826344260930791,-1.7229534194404497,0.016087563755935518,0.016087563755935518
29.749172687530518,1.0112172365188599,0.7343688607215881,0.49700191617012024,168.32223510742188,207,0.8695037720702963,0.7872182090017332,-3.219976878283036,0.01463910025976433,0.01463910025976433
29.807562828063965,1.000993013381958,0.7369735836982727,0.49703270196914673,168.23497009277344,208,0.8605732656385596,0.7931332847691412,-5.258917840397857,0.012588037969866258,0.012588037969866258
29.857620000839233,0.9906070828437805,0.7401241064071655,0.49693164229393005,168.0137176513672,208,0.851784841776339,0.7990055218548573,-7.159964670849537,0.010093368907119456,0.010093368907119456
29.907597064971924,0.9800186157226562,0.7437534928321838,0.4971035420894623,167.72846984863284,209,0.843466768569219,0.8055478759798678,-9.242763033359102,0.007410815837686627,0.007410815837686627
29.957648038864136,0.9678294062614441,0.748308002948761,0.4975930452346802,167.3377685546875,209,0.8339874526231185,0.8138084646871854,-11.848913183689554,0.0040705565380024615,0.0040705565380024615
30.022695064544678,0.9491690993309021,0.7573813796043396,0.49815547466278076,166.29830932617188,210,0.8200342928943691,0.82760475850274,-15.425952629946925,0.001514503251021799,-0.001514503251021799
30.072722673416138,0.9403973817825317,0.7627403140068054,0.4983367919921875,165.7759552001953,210,0.8133760901516615,0.8345625886624815,-17.155117484700053,0.004822316481120672,-0.004822316481120672
30.12277388572693,0.9330157041549683,0.7680333256721497,0.4982437789440155,165.1968231201172,211,0.8074908140782792,0.8417036869771929,-18.661467966263004,0.00775947725857975,-0.00775947725857975
30.172785997390747,0.926925778388977,0.7731207013130188,0.49802154302597046,164.4516143798828,211,0.8029067833316826,0.8474557081867358,-19.56178950074165,0.010520018483282873,-0.010520018483282873
30.241164207458496,0.9228044748306274,0.7767555117607117,0.4975101947784424,163.563232421875,211,0.7997676482829066,0.8513946807587643,-19.800170520204553,0.01252782560139435,-0.01252782560139435
30.291216135025024,0.9182903170585632,0.7812228798866272,0.4969905912876129,162.5736236572266,212,0.7954873492135163,0.8570761857092314,-20.400902686103386,0.0153992669037772,-0.0153992669037772
30.34120273590088,0.9143902659416199,0.7851043343544006,0.4966496229171753,161.39279174804688,212,0.7926706230022771,0.861354006478914,-20.363772471085856,0.017271312426775643,-0.017271312426775643
30.391216278076172,0.9101320505142212,0.7891650199890137,0.49620285630226135,159.99151611328125,212,0.789633665255534,0.8659662974690099,-20.196296551189974,0.019127913313163426,-0.019127913313163426
30.45787000656128,0.9061964750289917,0.7926146388053894,0.4960099160671234,158.4767608642578,212,0.786892628118029,0.8701291676658018,-19.794795185338014,0.020551165901513988,-0.020551165901513988
30.507940530776978,0.9012282490730286,0.7963230609893799,0.49601083993911743,156.82247924804688,212,0.7835725812422961,0.875171392012868,-19.487272529979197,0.021756546935638103,-0.021756546935638103
30.557942867279053,0.8967665433883667,0.7996657490730286,0.49618589878082275,155.14292907714844,213,0.7800755851155852,0.8819311480100562,-19.586676317545272,0.022975604183731943,-0.022975604183731943
30.60794448852539,0.8914623856544495,0.8030441403388977,0.49650636315345764,153.36727905273438,213,0.7772965050774819,0.8875665648494021,-19.292613718314712,0.023227251453417388,-0.023227251453417388
30.67927384376526,0.8803556561470032,0.8090155124664307,0.4975389540195465,149.75714111328125,214,0.7709387509487465,0.9010352045998438,-19.19829379579546,0.023294393637084035,-0.023294393637084035
30.729371070861816,0.873214602470398,0.8117895126342773,0.4985523223876953,147.94754028320312,214,0.768303134943545,0.9080210742173969,-19.16141494610746,0.021496505852759563,-0.021496505852759563
30.779367446899414,0.8653008937835693,0.8142589330673218,0.5000686645507812,146.0872802734375,214,0.7655007476385729,0.9154489818836818,-19.18696006593149,0.019051306754496164,-0.019051306754496164
30.829336166381836,0.8573293685913086,0.8166529536247253,0.5016916990280151,144.35154724121094,215,0.7621829251018748,0.9250786518422356,-19.823807691936086,0.01693032911942217,-0.01693032911942217
30.897146463394165,0.8489060997962952,0.8190587162971497,0.5034949779510498,142.61106872558594,215,0.7600697118362633,0.9327071642111102,-19.853493505314297,0.013214967757251445,-0.013214967757251445
30.94720482826233,0.8399002552032471,0.8215560913085938,0.5050816535949707,140.91738891601562,215,0.757823433060893,0.9408160312623934,-20.04289863841087,0.009246668651113774,-0.009246668651113774
30.997573375701904,0.8315510153770447,0.8242589831352234,0.5062904357910156,139.26065063476562,216,0.7558103498156883,0.9491891808181033,-20.312283556893245,0.005808472307572641,-0.005808472307572641
31.047202348709106,0.8229411244392395,0.8273781538009644,0.507283627986908,137.54266357421875,216,0.7543423482661777,0.9572709985166079,-20.429694242365482,0.0018622371148815122,-0.0018622371148815122
31.1117684841156,0.8151103258132935,0.8307546377182007,0.5081049799919128,135.87353515625,216,0.7529374478076895,0.9650054245421344,-20.51713090845603,0.0013093565918689198,0.0013093565918689198
31.16193175315857,0.8058122992515564,0.8354389071464539,0.5087056159973145,134.21376037597656,217,0.751686049961279,0.9742758485917695,-20.980143615857724,0.005031722641760896,0.005031722641760896
31.21184277534485,0.7984736561775208,0.8402634859085083,0.5090344548225403,132.5838165283203,217,0.7511390713260211,0.9826211299022761,-21.291098049166557,0.007591330737211533,0.007591330737211533
31.261950969696045,0.7916628122329712,0.8452622890472412,0.5089021921157837,130.890625,217,0.7506047203964766,0.9907737496540089,-21.49394295238069,0.009597591149082154,0.009597591149082154
31.337332010269165,0.7814264893531799,0.8558210730552673,0.5081278085708618,127.39813232421875,218,0.7501909206486979,1.0043216432917217,-21.025361753444162,0.011891254703707232,0.011891254703707232
31.387489080429077,0.7754305005073547,0.8631218075752258,0.5074394941329956,125.5854263305664,218,0.7500799594135406,1.01371699440861,-21.26265688328163,0.012692269197372746,0.012692269197372746
31.437445163726807,0.7714664340019226,0.8693674802780151,0.5067100524902344,123.82174682617186,218,0.75,1.0204873477148653,-20.97223678073417,0.012678844807002957,0.012678844807002957
31.48751139640808,0.7677221894264221,0.8751039505004883,0.5060581564903259,122.0499267578125,219,0.75,1.0262625101315461,-20.215353050141836,0.01365512506110271,0.01365512506110271
31.550925493240356,0.7647402286529541,0.8816916942596436,0.5054947733879089,120.24976348876953,219,0.75,1.0334897654621162,-19.684104358363825,0.013343711547377408,0.013343711547377408
31.601172924041748,0.7625541090965271,0.8870099186897278,0.5051081776618958,118.33821105957031,219,0.75,1.0392264319420859,-18.778034163532432,0.012900881388705708,0.012900881388705708
31.65100622177124,0.7592581510543823,0.8935290575027466,0.5045371055603027,116.44267272949219,219,0.75,1.0454873477148652,-17.97734028427255,0.013212642305109554,0.013212642305109554
31.70101308822632,0.7574419379234314,0.8993576765060425,0.5039005875587463,114.59119415283203,220,0.75,1.051313547871069,-16.930641068165883,0.012880787502342762,0.012880787502342762
31.765922784805298,0.7553830146789551,0.9049190878868103,0.503178596496582,112.66423797607422,220,0.75,1.0572534288163915,-15.822975062757525,0.012801233737220306,0.012801233737220306
31.81596803665161,0.753953218460083,0.9103419184684753,0.5023680925369263,110.78902435302734,220,0.75,1.0628409984125018,-14.717063829815078,0.012199923323953695,0.012199923323953695
31.865995407104492,0.7524405717849731,0.9158240556716919,0.501610517501831,109.00912475585938,220,0.75,1.0685134408828127,-13.716483784152931,0.011654314084190397,0.011654314084190397
31.91604709625244,0.7511105537414551,0.9210134148597717,0.5008887052536011,107.24491882324219,221,0.75,1.0727929533627845,-12.46101864342674,0.011551399306202902,0.011551399306202902
31.979113340377808,0.7484394907951355,0.9313993453979492,0.4995848834514618,103.74967956542969,221,0.75,1.0835376437129172,-10.073226779016762,0.011312737575036043,0.011312737575036043
32.02923011779785,0.7475084662437439,0.9365659952163696,0.4990762770175934,102.14291381835938,221,0.75,1.0887763593751747,-9.005241047440528,0.010819086699597648,0.010819086699597648
32.07926940917969,0.7458149194717407,0.9421374201774597,0.49833306670188904,100.58165740966797,221,0.75,1.0946099763979185,-8.042892080736669,0.010934792850298818,0.010934792850298818
32.12921404838562,0.7446451783180237,0.9477148056030273,0.49779650568962097,99.04353332519531,222,0.75,1.0993010532413214,-6.856208138445321,0.01113647509396112,0.01113647509396112
32.1942617893219,0.7426490783691406,0.9545329809188843,0.4973587095737457,97.63228607177734,222,0.75,1.1063729334215409,-5.9294429670822755,0.011859727669842971,0.011859727669842971
32.24442100524902,0.7410954236984253,0.9612646102905273,0.4968506991863251,96.34469604492188,222,0.75,1.1132804314581848,-5.1145564532734555,0.012166050885297616,0.012166050885297616
32.29435086250305,0.7391107082366943,0.9683164358139038,0.4965689182281494,95.20793151855469,222,0.75,1.1204873477148662,-4.470371882657045,0.012847207864328924,0.012847207864328924
32.34431314468384,0.7373499870300293,0.9755359888076782,0.4963075518608093,94.13890838623047,223,0.75,1.1264157185665713,-3.5495445864899184,0.014201316383665924,0.014201316383665924
32.408952951431274,0.7353442311286926,0.9833933711051941,0.49614977836608887,93.09991455078125,223,0.75,1.1343874603178634,-2.709798751875798,0.015683510542502742,0.015683510542502742
32.45900821685791,0.733792781829834,0.9901538491249084,0.49592235684394836,92.17279052734375,223,0.75,1.1412349332741818,-1.9537939379461011,0.016784562238839805,0.016784562238839805
32.50899815559387,0.7322948575019836,0.998202919960022,0.49570873379707336,91.4132080078125,224,0.75,1.1484065666696188,-1.313630680433057,0.017966162389330485,0.017966162389330485
32.55899906158447,0.7302642464637756,1.0071437358856201,0.49535050988197327,90.78484344482422,224,0.75,1.1573735798728315,-0.7257058340952182,0.019890802131598044,0.019890802131598044
32.62494254112244,0.7268086075782776,1.0284076929092407,0.4954342246055603,89.6589126586914,225,0.75,1.178407692909241,0.3410873413086074,0.023191392421722412,0.023191392421722412
32.67501783370972,0.7256501317024231,1.0391947031021118,0.49565619230270386,89.20830535888672,225,0.75,1.189194703102112,0.7916946411132952,0.024349868297576904,0.024349868297576904
32.725104570388794,0.7244230508804321,1.0504275560379028,0.4959559440612793,88.8926010131836,226,0.75,1.2004275560379032,1.1073989868163998,0.02557694911956787,0.02557694911956787
32.77503728866577,0.7239289283752441,1.0619736909866333,0.4962567687034607,88.6015625,226,0.75,1.2119736909866339,1.3984375000000069,0.02607107162475586,0.02607107162475586
32.835386753082275,0.7233982086181641,1.0728707313537598,0.49652132391929626,88.41291809082031,227,0.75,1.2228707313537606,1.587081909179685,0.026601791381835938,0.026601791381835938
32.885520219802856,0.7236490249633789,1.084036111831665,0.49668818712234497,88.30702209472656,227,0.75,1.2340361118316656,1.692977905273429,0.026350975036621094,0.026350975036621094
32.93545746803284,0.7243201732635498,1.0961045026779175,0.4967168867588043,88.27133178710938,228,0.75,1.2461045026779187,1.7286682128906257,0.025679826736450195,0.025679826736450195
32.985435247421265,0.7249626517295837,1.108784556388855,0.49679553508758545,88.29977416992188,228,0.75,1.2587845563888551,1.7002258300781274,0.02503734827041626,0.02503734827041626
33.04539394378662,0.7262569665908813,1.1212823390960693,0.49689537286758423,88.39920806884766,229,0.75,1.2712823390960692,1.6007919311523435,0.023743033409118652,0.023743033409118652
33.09550952911377,0.7273813486099243,1.134278416633606,0.4969225823879242,88.56327056884766,229,0.75,1.2842784166336063,1.4367294311523584,0.022618651390075684,0.022618651390075684
33.145633935928345,0.7291986346244812,1.1486369371414185,0.49709832668304443,88.76407623291016,230,0.75,1.298636937141419,1.2359237670898526,0.0208013653755188,0.0208013653755188
33.19558072090149,0.7302281856536865,1.1605314016342163,0.49722400307655334,88.93251037597656,230,0.75,1.3105314016342167,1.0674896240234337,0.019771814346313477,0.019771814346313477
33.252143144607544,0.7320602536201477,1.1746481657028198,0.49741530418395996,89.16509246826172,231,0.75,1.3246481657028202,0.8349075317382739,0.017939746379852295,0.017939746379852295
33.30230474472046,0.7336809635162354,1.1873120069503784,0.49759232997894287,89.40007781982422,231,0.75,1.3373120069503786,0.599922180175787,0.01631903648376465,0.01631903648376465
33.35234999656677,0.7352778315544128,1.201782464981079,0.4977016746997833,89.75080871582031,232,0.75,1.3517824649810792,0.24919128417967723,0.014722168445587158,0.014722168445587158
33.4022741317749,0.737149715423584,1.2153323888778687,0.4977147579193115,90.08653259277345,232,0.75,1.365332388877869,-0.08653259277343256,0.012850284576416016,0.012850284576416016
33.46101450920105,0.7382763028144836,1.2264677286148071,0.49771490693092346,90.43868255615234,233,0.75,1.3764677286148077,-0.4386825561523542,0.011723697185516357,0.011723697185516357
33.511374711990356,0.7398088574409485,1.2392534017562866,0.497634619474411,90.77434539794922,233,0.75,1.389253401756287,-0.7743453979492287,0.010191142559051514,0.010191142559051514
33.5611777305603,0.7411385774612427,1.2521754503250122,0.4975341558456421,91.07569122314453,234,0.75,1.4021754503250126,-1.0756912231445295,0.008861422538757324,0.008861422538757324
33.611178398132324,0.742457389831543,1.2646257877349854,0.49735212326049805,91.34965515136719,234,0.75,1.414625787734986,-1.3496551513671795,0.007542610168457031,0.007542610168457031
33.666897773742676,0.7438511252403259,1.2770582437515259,0.49720361828804016,91.59141540527344,235,0.75,1.427058243751527,-1.5914154052734275,0.006148874759674072,0.006148874759674072
33.71697664260864,0.7448945641517639,1.2896610498428345,0.49701905250549316,91.82072448730469,235,0.75,1.4396610498428357,-1.8207244873046922,0.005105435848236084,0.005105435848236084
33.766958475112915,0.7461612224578857,1.3025104999542236,0.49684521555900574,92.01905822753906,236,0.75,1.4525104999542247,-2.019058227539062,0.003838777542114258,0.003838777542114258
33.81696105003357,0.7474029660224915,1.3152247667312622,0.49662816524505615,92.22736358642578,236,0.75,1.4652247667312626,-2.227363586425781,0.002597033977508545,0.002597033977508545
33.88091802597046,0.7494778037071228,1.3412166833877563,0.49606558680534363,92.63740539550781,237,0.75,1.491216683387757,-2.637405395507809,0.0005221962928771973,0.0005221962928771973
33.93096733093262,0.7504730224609375,1.3565683364868164,0.49553778767585754,92.88015747070314,238,0.7505939129190298,1.506548893790967,-3.1070437178489496,0.0004730187522325964,-0.0004730187522325964
33.980929374694824,0.7512903809547424,1.368636965751648,0.4950069189071655,93.21453857421875,238,0.7512407608658045,1.518596347446568,-3.6885918678946736,0.0012903367880839325,-0.0012903367880839325
34.030970335006714,0.7516528367996216,1.3812766075134277,0.49423497915267944,93.60115814208984,239,0.7527611974487669,1.5311154301250836,-4.656872897389395,0.0016525562332542613,-0.0016525562332542613
34.10206842422485,0.7519986033439636,1.3934310674667358,0.4933854341506958,94.04457092285156,239,0.7543622950015354,1.5431377337538534,-5.71363747100761,0.0019977553984568673,-0.0019977553984568673
34.15226197242737,0.7520911693572998,1.405960202217102,0.49251654744148254,94.51683807373047,240,0.7569454246326978,1.5553711710229234,-7.178337796556359,0.0020889136190575734,-0.0020889136190575734
34.20218110084534,0.7514492869377136,1.4199233055114746,0.49168938398361206,94.88330841064453,240,0.7600282793966014,1.5689698401284724,-8.73253173279387,0.001446017583440948,-0.001446017583440948
34.252269983291626,0.7504495978355408,1.4333492517471313,0.4912683367729187,95.23030090332031,241,0.7642871354538585,1.581698485394577,-10.731345198610063,0.00044752719080463156,-0.00044752719080463156
34.308810234069824,0.7489188313484192,1.4443681240081787,0.4914447069168091,95.41195678710938,241,0.7678290358616934,1.5921325875316208,-12.29191996246076,0.0010733834740973955,0.0010733834740973955
34.358906269073486,0.7468492984771729,1.457206130027771,0.4916918873786926,95.4129104614258,242,0.7732236153850882,1.6037640852290012,-14.417149660939636,0.0031118746831992512,0.0031118746831992512
34.40892791748047,0.7440017461776733,1.470069408416748,0.49245619773864746,95.23053741455078,242,0.7787501495501258,1.6153682215713694,-16.42302775788153,0.0058841706628304045,0.0058841706628304045
34.458901166915894,0.741087019443512,1.4823380708694458,0.49343812465667725,94.71942901611328,243,0.7849595081779478,1.6259186833500532,-18.40373144020431,0.008659976432994567,0.008659976432994567
34.51518201828003,0.7379721999168396,1.4942272901535034,0.4944806694984436,93.92252349853516,243,0.7910088921338062,1.6361251640564878,-20.0419688913907,0.011554926907350717,0.011554926907350717
34.56536626815796,0.7341753244400024,1.5063157081604004,0.49564865231513977,92.68965911865234,244,0.797476458781493,1.645272974093678,-21.24634517652939,0.0157879216570375,0.0157879216570375
34.61528134346008,0.7304203510284424,1.5190671682357788,0.4970439672470093,91.13927459716797,244,0.8048041478139621,1.6554174015075935,-22.44006163315072,0.019771224751924787,0.019771224751924787
34.665247678756714,0.7272253632545471,1.5290870666503906,0.4981782138347626,89.3458480834961,245,0.8098214665028731,1.6614948276912567,-22.404332111018316,0.02413691554703595,0.02413691554703595
34.72371482849121,0.7226116061210632,1.5456349849700928,0.49974325299263,85.42265319824219,245,0.8202575224984598,1.673394868839422,-22.037242691939227,0.030064637985420195,0.030064637985420195
34.774269342422485,0.7203435301780701,1.5539251565933228,0.5002180337905884,83.25644683837892,246,0.8234642031688731,1.6768674035318836,-20.945200161592453,0.03418443630102047,0.03418443630102047
34.823991537094116,0.719222903251648,1.5596505403518677,0.500626802444458,80.99784851074219,246,0.8274672691932268,1.680404790322105,-19.958220701474605,0.036239166966432125,0.036239166966432125
34.8739755153656,0.7184301614761353,1.5675303936004639,0.5011330246925354,78.58363342285156,246,0.8331010235048649,1.6853831663868768,-19.336001364981836,0.03828495712516386,0.03828495712516386
34.930925369262695,0.718201220035553,1.5742768049240112,0.5013676881790161,76.19917297363281,246,0.83799901752089,1.6897113736223968,-18.509309563303674,0.03954918490740217,0.03954918490740217
34.98107433319092,0.7190628051757812,1.5797796249389648,0.501394510269165,73.77821350097656,246,0.8414764414941251,1.6927842666379218,-17.192876202573622,0.03994849439788395,0.03994849439788395
35.031068325042725,0.7207806706428528,1.5846911668777466,0.5014820694923401,71.53733825683594,247,0.8428532344335992,1.6937947161714693,-15.350192638639918,0.040711001717523516,0.040711001717523516
35.08108854293823,0.7226985096931458,1.589745044708252,0.5015527606010437,69.34522247314453,247,0.8472000046195874,1.6969848777280414,-14.416704268258123,0.040276693696393764,0.040276693696393764
35.14381647109985,0.7256314754486084,1.593980073928833,0.5017110705375671,67.16884613037111,247,0.8511854190502977,1.6999098347328636,-13.395490280660145,0.03868009393569409,0.03868009393569409
35.19386053085327,0.7289870977401733,1.598978877067566,0.5019795298576355,65.1462631225586,247,0.8558620979014561,1.7033421213376376,-12.72855313494455,0.03689450402018485,0.03689450402018485
35.24386692047119,0.7330220937728882,1.6035125255584717,0.5023274421691895,63.18185424804687,247,0.8603600733770697,1.7066432547840205,-12.066771324087778,0.03437979944542662,0.03437979944542662
35.29389429092407,0.7367576956748962,1.608188271522522,0.5029625296592712,61.3283348083496,248,0.8616129699487178,1.7075600829991624,-10.575107785616083,0.03382271469742386,0.03382271469742386
35.36586022377014,0.7399715185165405,1.6112812757492065,0.5031815767288208,59.651653289794915,248,0.86518361115935,1.7097130945152037,-9.829457621223106,0.03216335536169061,0.03216335536169061
35.41594219207764,0.7440019845962524,1.6157954931259155,0.5034220218658447,58.19329071044921,248,0.8701521604106439,1.7127090112497672,-9.668386041715483,0.03033193666784622,0.03033193666784622
35.46594524383545,0.7484413981437683,1.6196650266647339,0.5031467080116272,56.89870834350586,248,0.8747732526306751,1.7154954196788166,-9.581160253574094,0.027902623847737257,0.027902623847737257
35.515931844711304,0.752716600894928,1.6240659952163696,0.5025220513343811,55.78831100463867,248,0.8797443568146903,1.7184928769768941,-9.76915750051766,0.025833900296490412,0.025833900296490412
35.58633518218994,0.7626886963844299,1.631623387336731,0.5010991096496582,53.79291915893555,249,0.8878059935136907,1.7227847572349095,-9.815178906281899,0.021278205734523888,0.021278205734523888
35.63641595840454,0.7683650851249695,1.6372394561767578,0.5004622340202332,52.84561538696289,249,0.8947673419816117,1.726164839455044,-10.596665133865471,0.01916169148283518,0.01916169148283518
35.686596393585205,0.773770272731781,1.6418101787567139,0.500116229057312,51.96337127685547,249,0.9007937730869148,1.7290909726207326,-11.21036075299659,0.016803005159579998,0.016803005159579998
35.7364239692688,0.7780129909515381,1.646716833114624,0.4999302327632904,51.046630859375,249,0.9054401430037616,1.7313470171811325,-11.445206330128219,0.01602022845364151,0.01602022845364151
35.80484342575073,0.7828769683837891,1.6515198945999146,0.4996457099914551,50.09803771972656,250,0.9115731441694251,1.733428890546431,-12.023220047105719,0.014886373010455227,0.014886373010455227
35.85493302345276,0.7878962755203247,1.6578705310821533,0.49915367364883423,49.127685546875,250,0.9192442927086608,1.7360328945884482,-12.965023746160009,0.014401799018316536,0.014401799018316536
35.904932737350464,0.7918308973312378,1.6620128154754639,0.4987794756889343,48.294151306152344,250,0.924614880720915,1.7378559635618085,-13.469856185573398,0.013567666907546572,0.013567666907546572
35.9549298286438,0.7961130738258362,1.6676080226898193,0.49806496500968933,47.25871658325195,251,0.9300402908895502,1.7396005161541535,-13.779475059727579,0.01383100558931405,0.01383100558931405
36.01666831970215,0.8007745146751404,1.6721389293670654,0.49771568179130554,46.2253303527832,251,0.9363385090510338,1.7410785052387452,-14.279807532461088,0.013229845598181744,0.013229845598181744
36.06684708595276,0.8047270774841309,1.6763516664505005,0.4974258840084076,45.25378799438477,251,0.9419499430429523,1.7423953281839524,-14.676155510323474,0.012946331152594422,0.012946331152594422
36.11676645278931,0.8096759915351868,1.68220853805542,0.4967455565929413,44.33827209472656,251,0.9494013321568929,1.7441439293744923,-15.576344449900192,0.01293760806768954,0.01293760806768954
36.166762828826904,0.8146656155586243,1.6865686178207397,0.4963725209236145,43.32855987548828,252,0.954190359976826,1.7451947692297254,-15.71784425147894,0.012714760116013562,0.012714760116013562
36.24103808403015,0.8244063854217529,1.6951173543930054,0.49532967805862427,41.29073715209961,252,0.9669997354170959,1.746999498025978,-16.57241902934803,0.012498062550557725,0.012498062550557725
36.29119873046875,0.830146312713623,1.6989316940307617,0.4951086640357971,40.207969665527344,252,0.973747360692478,1.7479501793216887,-17.014536358549254,0.01149850840896542,0.01149850840896542
36.34111261367798,0.8371530771255493,1.7041584253311157,0.4947689473628998,38.80423355102539,253,0.9813591078776532,1.7487782113803365,-17.303001017656634,0.011339892408422245,0.011339892408422245
36.39109468460083,0.8418281078338623,1.70738685131073,0.4946862459182739,37.8708610534668,253,0.9870368915447166,1.7491503529829915,-17.6061864616579,0.011115675466353734,0.011115675466353734
36.4471173286438,0.8467849493026733,1.7104671001434326,0.494939923286438,36.513336181640625,253,0.9928541620889779,1.7495316370385954,-17.51565012100632,0.01061314736760285,0.01061314736760285
36.49732065200806,0.8539617657661438,1.7143030166625977,0.49533775448799133,35.03202819824219,253,1.000907728839326,1.7500594956914266,-17.786189984470127,0.009416472904006393,0.009416472904006393
36.54729962348938,0.860241174697876,1.718079686164856,0.4955122768878937,33.582393646240234,254,1.0073424681424665,1.750481250787668,-17.589470685948157,0.009381659638595769,0.009381659638595769
36.59727430343628,0.8667166829109192,1.721564769744873,0.4957323670387268,32.02229309082031,254,1.0146861371674962,1.7509625802853375,-17.37470878704648,0.008975106572562794,0.008975106572562794
36.65405559539795,0.8720470070838928,1.7242597341537476,0.4957978129386902,30.360717773437504,254,1.0206413671087902,1.7513529066775508,-16.801754471311728,0.008499276687172864,0.008499276687172864
36.704131841659546,0.8784889578819275,1.7268316745758057,0.4960956573486328,28.76811408996582,254,1.0274848706267046,1.7518014535959032,-16.456457914415175,0.007374742505003357,0.007374742505003357
36.75410199165344,0.8850494623184204,1.7299377918243408,0.496467262506485,27.09477424621582,255,1.0339460641503437,1.7528680049839154,-15.52406338870888,0.007401031803174458,0.007401031803174458
36.8041045665741,0.8909396529197693,1.7321550846099854,0.49691906571388245,25.39119529724121,255,1.040114929728725,1.7539404443013547,-14.489689278357853,0.006819999901358654,0.006819999901358654
36.877938985824585,0.9025246500968933,1.7362961769104004,0.497997909784317,22.082509994506836,255,1.052153470896854,1.7560333096279324,-12.481451279194433,0.0054954632277548375,0.0054954632277548375
36.92798328399658,0.9079744815826416,1.737912654876709,0.49857357144355774,20.540555953979492,256,1.056953483083887,1.7572808132866449,-11.099585549750948,0.005331413226509206,0.005331413226509206
36.97794246673584,0.9138515591621399,1.740028738975525,0.49912121891975403,18.95889282226563,256,1.062971736441687,1.758898996369945,-9.671870989381707,0.00544214469197025,0.00544214469197025
37.02793622016907,0.9193693995475769,1.7416661977767944,0.4995218515396118,17.47856903076172,256,1.0685139339734608,1.7603891779487253,-8.333245017654722,0.005219919366873514,0.005219919366873514
37.103137493133545,0.9252399206161499,1.7436788082122803,0.49952685832977295,16.1024112701416,256,1.0744941536003367,1.761997134553292,-7.109903403922163,0.005236057428348833,0.005236057428348833
37.15315341949463,0.930910587310791,1.7454948425292969,0.49925675988197327,14.878401756286621,257,1.079650684295699,1.763678245858173,-5.7954797029243466,0.005525268896782988,0.005525268896782988
37.20309233665466,0.936617910861969,1.7473948001861572,0.4988560676574707,13.65565299987793,257,1.0852729689118263,1.7657509789428363,-4.293099063343649,0.0060717247492073296,0.0060717247492073296
37.25309634208679,0.9440741539001465,1.7494001388549805,0.4985050559043884,12.570769309997559,257,1.0925158717456902,1.7684211753768067,-2.8474711039595095,0.006322551887402993,0.006322551887402993
37.32242703437805,0.9603785276412964,1.7540761232376099,0.49814271926879883,10.801057815551758,258,1.1074501937199996,1.7748390423591727,0.29111454049861296,0.00791976319619325,0.00791976319619325
37.37251830101013,0.9690667986869812,1.7569613456726074,0.49819299578666687,10.05164909362793,258,1.1155442735780265,1.7788306008190908,2.137391937407485,0.009550696830974426,0.009550696830974426
37.422481536865234,0.9781221151351929,1.7593632936477661,0.49825072288513184,9.388005256652832,259,1.1231423986186988,1.782669955232728,3.8905432970503946,0.010625480202448733,0.010625480202448733
37.472503900527954,0.9879764914512634,1.7625806331634521,0.49853184819221497,8.851069450378418,259,1.1315653654288487,1.7881253429198252,6.379222361379979,0.013073180307513194,0.013073180307513194
37.5385639667511,0.9979357123374939,1.765292763710022,0.49872273206710815,8.446545600891113,259,1.140048359689644,1.7936196091900298,8.756931738289504,0.014972578869005323,0.014972578869005323
37.58859467506409,1.0080156326293945,1.7681330442428589,0.49901083111763,8.094630241394043,260,1.1483119399696644,1.7996293701565822,11.315342154520621,0.016917784945106155,0.016917784945106155
37.63859176635742,1.0180515050888062,1.771532654762268,0.4993877410888672,7.8790130615234375,260,1.1563487028366632,1.8059353211889972,13.878195391914145,0.019311294376311627,0.019311294376311627
37.68862986564636,1.0274443626403809,1.7743370532989502,0.4997943937778473,7.829331874847412,261,1.1655368274486282,1.8135235105034684,16.645370227913176,0.021545194138743288,0.021545194138743288
37.76054906845093,1.0363410711288452,1.7775100469589233,0.5000685453414917,7.98344898223877,261,1.1723080028059882,1.8199056440543604,18.571565460273252,0.022861860572502776,0.022861860572502776
37.810633182525635,1.0436650514602661,1.7804399728775024,0.5002809166908264,8.328412055969238,261,1.177921793542466,1.8251968911888798,19.951704309202764,0.02419369732042373,0.02419369732042373
37.86059379577637,1.0511471033096313,1.7832664251327515,0.5004134178161621,8.918635368347168,262,1.1850264590119275,1.8326303573021723,21.668824236889883,0.025629803509219347,0.025629803509219347
37.91062140464783,1.0578464269638062,1.78660249710083,0.5003682971000671,9.754653930664062,262,1.189873649392023,1.8381575186168038,22.48679159175567,0.026829347489397033,0.026829347489397033
37.98647499084473,1.0690476894378662,1.7924996614456177,0.5002859830856323,12.067084312438965,263,1.1995564157907868,1.8498054261663133,23.624429464876652,0.029599501938316754,0.029599501938316754
38.03651785850525,1.074134349822998,1.7954070568084717,0.500497579574585,13.548447608947754,263,1.2027913029258952,1.8546009709310078,23.521021554942497,0.03032107668398467,0.03032107668398467
38.086557388305664,1.0794315338134766,1.7987338304519653,0.5009967684745789,15.227185249328613,263,1.2062179839154006,1.8596808396847437,23.303104407274542,0.03130130258942633,0.03130130258942633
38.13656663894653,1.0845316648483276,1.8017454147338867,0.5015820264816284,16.965896606445312,263,1.2094801228075835,1.864516783701563,22.954481622699053,0.032040547188698754,0.032040547188698754
38.19185948371887,1.0898146629333496,1.8047285079956055,0.5023178458213806,18.817354202270508,264,1.2144401523307962,1.8727695462738796,23.369575224640997,0.03327690491828939,0.03327690491828939
38.24204158782959,1.0964206457138062,1.8085839748382568,0.5031713247299194,20.763349533081055,264,1.2181101878180378,1.8794421001944228,23.201141144779857,0.033476826237381935,0.033476826237381935
38.29192543029785,1.1021592617034912,1.8113762140274048,0.5039128661155701,22.86632537841797,264,1.2211798485416057,1.8850231025490276,22.58497851016785,0.0331561425329186,0.0331561425329186
38.34196066856384,1.1083521842956543,1.8146616220474243,0.5044842958450317,25.001853942871094,265,1.226062225085405,1.8949658639360287,22.97887139938773,0.03369500730242245,0.03369500730242245
38.40473794937134,1.1126149892807007,1.8167376518249512,0.5047241449356079,27.178218841552734,265,1.2279462465362867,1.8992730712403663,21.853879350880533,0.03297077715198905,0.03297077715198905
38.45477294921875,1.1185508966445923,1.8194613456726074,0.5050702691078186,29.51267814636231,265,1.2305333501146976,1.9051876490307587,20.963800185433545,0.031823378932604195,0.031823378932604195
38.50482201576233,1.124031662940979,1.8218082189559937,0.5051150918006897,31.78359985351562,265,1.232885530851584,1.9105651515248507,20.005358427479113,0.0306291149694152,0.0306291149694152
38.55480360984802,1.1301418542861938,1.8244998455047607,0.505375862121582,34.01506423950195,266,1.236052263347161,1.9194240712924473,19.87596849669633,0.029623760422400253,0.029623760422400253
38.625243186950684,1.1414310932159424,1.829782247543335,0.5059620141983032,38.52668762207031,266,1.2398987038610312,1.9309634168181695,18.081111442384863,0.026526065563608873,0.026526065563608873
38.67531490325928,1.1483582258224487,1.833480715751648,0.5062034130096436,40.694923400878906,267,1.2425632319911102,1.9407336910091328,18.23317509172055,0.02533380801600544,0.02533380801600544
38.72530221939087,1.1535452604293823,1.8358041048049927,0.5062695741653442,42.743587493896484,267,1.2436123072205183,1.9460077483401472,17.45453118660888,0.023384120633793873,0.023384120633793873
38.775312185287476,1.1589605808258057,1.8386476039886475,0.5057986974716187,44.894622802734375,267,1.2447635623082085,1.9517954985080015,16.697935020603207,0.021642363309796547,0.021642363309796547
38.84523105621338,1.164046287536621,1.8409470319747925,0.5051701068878174,46.94744873046875,267,1.2457950159451592,1.9569809661113395,15.893767767552333,0.01977090237461541,0.01977090237461541
38.89531135559082,1.1693991422653198,1.8434866666793823,0.504477858543396,49.01787185668945,268,1.2469148800130763,1.9643353627389009,15.582902917047267,0.018188375893275377,0.018188375893275377
38.945257902145386,1.17387056350708,1.8461462259292603,0.5037667155265808,50.90648651123047,268,1.2474091274451864,1.969250078408219,14.864719129428703,0.01654131726962019,0.01654131726962019
38.99527335166931,1.1788883209228516,1.8489798307418823,0.5029153227806091,52.75816345214844,268,1.2479524301480458,1.9746525916707087,14.300453833603623,0.014615538911613605,0.014615538911613605
39.06634974479675,1.1831951141357422,1.852452039718628,0.5017279982566833,54.57878112792969,268,1.2484968673101307,1.9800663858102825,13.76952482020178,0.01360931374219576,0.01360931374219576
39.116461992263794,1.18740975856781,1.8551362752914429,0.501014769077301,56.360897064208984,268,1.2489760556866096,1.9848313566921363,13.121156638131927,0.01220245875358064,0.01220245875358064
39.16645669937134,1.1916327476501465,1.8591147661209106,0.500238299369812,57.987373352050774,269,1.2494839348202582,1.9921263668781675,13.004281427671643,0.01137396945302203,0.01137396945302203
39.216455698013306,1.1947616338729858,1.8622225522994995,0.49996793270111084,59.53752517700196,269,1.2497669576328545,1.9964444605589065,12.330348273309694,0.010502722777584282,0.010502722777584282
39.28711819648743,1.20013427734375,1.869166374206543,0.49932414293289185,62.3575325012207,269,1.250340117653409,2.005189192618152,11.283268518517948,0.009861297848789984,0.009861297848789984
39.33718466758728,1.201943278312683,1.8728352785110474,0.4985989034175873,63.62918472290039,269,1.2506052848076115,2.009234861595849,10.830402249347753,0.010339104115820959,0.010339104115820959
39.38718008995056,1.2038755416870117,1.8760974407196045,0.49809762835502625,64.88594818115234,270,1.2509703482023644,2.0140060598064906,10.404371027666317,0.010533322018708127,0.010533322018708127
39.43718934059143,1.2051647901535034,1.879625916481018,0.497332900762558,66.1102066040039,270,1.2512705555549368,2.017710781723347,9.781877093838519,0.011057089773117982,0.011057089773117982
39.50999307632446,1.206541657447815,1.8833703994750977,0.49680203199386597,67.28509521484375,270,1.2515894798237983,2.0216464805613166,9.245602796790063,0.011600908879334553,0.011600908879334553
39.56003451347351,1.2078757286071777,1.8872870206832886,0.4963347315788269,68.2912826538086,270,1.2519189314648145,2.0257120928941186,8.898223164289417,0.012254323030939806,0.012254323030939806
39.610013484954834,1.2089219093322754,1.8905775547027588,0.4957999587059021,69.08096313476562,270,1.2521928108221008,2.0290919130378264,8.65541405206019,0.012861649814347533,0.012861649814347533
39.66001224517822,1.2105637788772583,1.8956581354141235,0.4951636791229248,70.20111846923828,270,1.2526167154579666,2.0343231266696455,8.380007042814428,0.013767611141039058,0.013767611141039058
39.72074317932129,1.2129915952682495,1.9030847549438477,0.4945390820503235,71.80068969726562,271,1.2542549657172746,2.0432703086740935,7.6243647165522415,0.01483547579591404,0.01483547579591404
39.77077007293701,1.2146421670913696,1.9085952043533325,0.49431172013282776,72.71485900878906,271,1.2553711202507727,2.0488815964396636,7.180149977684917,0.015483565449046001,0.015483565449046001
39.82078456878662,1.216120958328247,1.9134156703948975,0.4942488670349121,73.52778625488281,271,1.2563502504149868,2.05380401618215,6.778612507695627,0.016016418724633226,0.016016418724633226
39.870768785476685,1.217463731765747,1.9184588193893433,0.4942972660064697,74.27748107910156,271,1.2573586054892614,2.058873359469136,6.451691691240178,0.016752792313415837,0.016752792313415837
39.93926978111267,1.2190715074539185,1.9236030578613281,0.49440711736679077,75.03327941894531,272,1.259307273439194,2.065543585966356,5.835923204982912,0.01720155325280558,0.01720155325280558
39.989346981048584,1.2206943035125732,1.9287817478179932,0.49468183517456055,75.72695922851562,272,1.2609216441809472,2.0707184471083706,5.182348008403209,0.017296397103320774,0.017296397103320774
40.03932213783264,1.222110390663147,1.9340839385986328,0.49499067664146423,76.36161041259766,272,1.2625514252816268,2.075942706115157,4.588178371633811,0.017623199528025192,0.017623199528025192
40.08938670158386,1.2238647937774658,1.9395618438720703,0.49530357122421265,77.00554656982422,272,1.2642626320165424,2.081427974777083,3.986739848192778,0.017688006637361666,0.017688006637361666
40.16268491744995,1.2255377769470215,1.9453891515731812,0.49553966522216797,77.55565643310547,273,1.2672184650299305,2.0891649818063054,3.028483179136164,0.01759753058075169,0.01759753058075169
40.21276235580444,1.2270126342773438,1.9505709409713745,0.49577632546424866,78.08164978027344,273,1.269270228035679,2.0941150643734647,2.101845972016964,0.017165575706490677,0.017165575706490677
40.26275157928467,1.2286691665649414,1.9564701318740845,0.49604785442352295,78.63127899169922,273,1.2716043725889434,2.099746420543731,1.0955134800320354,0.016694695781538947,0.016694695781538947
40.31275916099548,1.2305327653884888,1.9630097150802612,0.4962728023529053,79.11000061035156,273,1.2741939329243885,2.105993992722965,0.10903267057332272,0.016144600301625088,0.016144600301625088
40.38593912124634,1.2352114915847778,1.9806315898895264,0.49654409289360046,79.77750396728516,274,1.2832041083685115,2.1233505462705393,-3.3531818010169747,0.013151389942978733,0.013151389942978733
40.43607234954834,1.2376229763031006,1.990156650543213,0.49670180678367615,80.02406311035156,275,1.288250425482679,2.132119019015035,-5.2866361936500645,0.011471209023856989,0.011471209023856989
40.48599672317505,1.2407397031784058,2.0017499923706055,0.49683699011802673,80.09870147705078,275,1.2947908000951294,2.14190738135002,-7.721468149382747,0.009082046828301923,0.009082046828301923
40.53606843948364,1.2440013885498047,2.0135462284088135,0.4972821772098541,80.08845520019531,276,1.3016090413307126,2.151618227628539,-10.184732125199773,0.006658946408085131,0.006658946408085131
40.61087203025818,1.2469688653945923,2.023376703262329,0.4976138174533844,80.0054168701172,276,1.3081142823192249,2.1592634101531147,-12.494929965358304,0.00451666878028567,0.00451666878028567
40.66089177131653,1.2499085664749146,2.0330467224121094,0.4979262053966522,79.81405639648438,276,1.3145144244004177,2.1667850768339254,-14.658258850017244,0.00243634338201845,0.00243634338201845
40.71094512939453,1.2532360553741455,2.0427122116088867,0.4981974959373474,79.55229949951172,277,1.3213591980021366,2.1738331892872047,-16.674051083971445,0.0008565055363659764,0.0008565055363659764
40.76088285446167,1.2565696239471436,2.052276849746704,0.49847736954689026,79.1365966796875,277,1.3285091574035828,2.1808391197095394,-18.55624632795695,0.00048750951854359864,-0.00048750951854359864
40.83206915855408,1.2627302408218384,2.068081855773926,0.49888041615486145,77.8421630859375,278,1.3412076638088453,2.19211723092137,-21.10660886643417,0.002415175444760203,-0.002415175444760203
40.88212251663208,1.2654459476470947,2.0753071308135986,0.4988876283168793,76.94635772705078,278,1.3471747624489812,2.1969891334211287,-21.933730373247304,0.0028133048054613244,-0.0028133048054613244
40.932108879089355,1.268008828163147,2.081608295440674,0.49906736612319946,75.9063720703125,278,1.3524235256188923,2.2012745431236147,-22.40801348059022,0.0033270714890090433,-0.0033270714890090433
40.98209309577942,1.2703697681427002,2.087989330291748,0.49927639961242676,74.72083282470703,279,1.3582830558297874,2.2053364459602838,-22.825632377407707,0.003237614791810259,-0.003237614791810259
41.054757595062256,1.2727165222167969,2.093651056289673,0.4997260570526123,73.32948303222656,279,1.3633899148331068,2.2087487400531676,-22.81758088948105,0.0032148808799336535,-0.0032148808799336535
41.10483145713806,1.2749141454696655,2.0995802879333496,0.5001314878463745,71.83228302001953,279,1.3686551056089258,2.21226682805414,-22.746172414226294,0.0029615731100326856,-0.0029615731100326856
41.15548133850098,1.2772074937820435,2.1049976348876953,0.5006402730941772,70.14444732666016,279,1.373556814362838,2.215542045132806,-22.383806849000287,0.0029796515100853653,-0.0029796515100853653
41.20484495162964,1.2795617580413818,2.110910654067993,0.5011587738990784,68.30489349365234,280,1.3794364695735088,2.218586883080118,-22.111033658484928,0.0024575090079470164,-0.0024575090079470164
41.27709078788757,1.2849090099334717,2.12252140045166,0.5022062063217163,64.18840789794922,280,1.3908688112649918,2.2242963295842757,-21.04059147277244,0.0017900573336826775,-0.0017900573336826775
41.32689023017883,1.2880010604858398,2.128422975540161,0.5026816725730896,61.99042510986328,281,1.3970294423586775,2.2273218799303875,-20.474410588181588,0.0017853680393767253,-0.0017853680393767253
41.37688708305359,1.2913440465927124,2.1352193355560303,0.5030928254127502,59.81231307983399,281,1.4040089557204418,2.2300497878305046,-20.04193202907633,0.0008148988318775911,-0.0008148988318775911
41.426892042160034,1.2945371866226196,2.140761137008667,0.5034871697425842,57.6310920715332,281,1.409941409350037,2.2323684576695664,-19.346271908849943,0.00040517991062354,-0.00040517991062354
41.498316049575806,1.2973992824554443,2.146155834197998,0.5038342475891113,55.518096923828125,281,1.4155891962302212,2.2345758669329445,-18.64716215669818,0.00018059388273366462,0.00018059388273366462
41.54835343360901,1.3004975318908691,2.151280641555786,0.5042471289634705,53.37989044189454,282,1.4211330793317571,2.236607746626298,-17.871532698120006,0.0006088524969721127,0.0006088524969721127
41.59833908081055,1.3038698434829712,2.157194137573242,0.5048977136611938,51.35524368286133,282,1.4275510039589467,2.2384676206683602,-17.340087679752628,0.0018220010461040387,0.0018220010461040387
41.64838933944702,1.3074991703033447,2.1628360748291016,0.5058580040931702,49.36603546142578,282,1.4339302981646407,2.240316299858138,-16.83676003597755,0.002660990484332416,0.002660990484332416
41.72149658203125,1.314710021018982,2.174818515777588,0.5081827640533447,45.36894989013672,283,1.446790818730189,2.243752756020462,-15.8167319441324,0.005178091557892173,0.005178091557892173
41.77140259742737,1.318397879600525,2.1800971031188965,0.5089191198348999,43.377986907958984,283,1.453014716859379,2.2449592831001053,-15.241657715016,0.006284122711793648,0.006284122711793648
41.82147192955017,1.3222463130950928,2.18524432182312,0.509148120880127,41.490108489990234,283,1.4592609902253797,2.246170147707222,-14.775090420082341,0.007173167205422452,0.007173167205422452
41.871410846710205,1.3261065483093262,2.189343214035034,0.5087969303131104,39.66026306152344,283,1.4647939780314556,2.247242739109073,-14.203126651280147,0.007334921971273154,0.007334921971273154
41.945966958999634,1.3301697969436646,2.1935105323791504,0.5080430507659912,37.83453369140625,284,1.4698308582060862,2.248022609976663,-13.535352782405093,0.007787905535016484,0.007787905535016484
41.99601411819458,1.3344887495040894,2.1966567039489746,0.5074242949485779,36.105831146240234,284,1.4751636917084447,2.2483721423510246,-13.069181524090752,0.007457521178564972,0.007457521178564972
42.04600167274475,1.3390141725540161,2.2002322673797607,0.5068836808204651,34.3361701965332,284,1.4809278267445747,2.2487499437214273,-12.665649509719762,0.007315687465519803,0.007315687465519803
42.09602403640747,1.3436506986618042,2.203096389770508,0.5063719749450684,32.66257095336914,284,1.486328246251326,2.2491039059165545,-12.272036640293223,0.006586646058275188,0.006586646058275188
42.17017674446106,1.3532687425613403,2.209040880203247,0.5052513480186462,29.541221618652344,285,1.4969837399233266,2.2494449521602635,-11.672499562642459,0.005642029795631984,0.005642029795631984
42.22035193443298,1.359082579612732,2.212564468383789,0.5046033263206482,28.05910301208496,285,1.5037608280687738,2.24924129740886,-11.79569856506713,0.005308483716297042,0.005308483716297042
42.270273208618164,1.3629932403564453,2.2146008014678955,0.5042352676391602,26.775068283081055,285,1.5081343655156132,2.249109870509523,-11.548134489072513,0.0048227058620893565,0.0048227058620893565
42.32026505470276,1.367820382118225,2.217949390411377,0.503889799118042,25.562501907348633,285,1.5139957868637508,2.248933731984849,-11.723874899281718,0.004878452240204782,0.004878452240204782
42.39144468307495,1.3720201253890991,2.220457077026367,0.5035099983215332,24.308305740356445,286,1.5182458482077907,2.2488011086424016,-11.47431103331277,0.0048447526045310866,0.0048447526045310866
42.44148850440979,1.3766144514083862,2.223583698272705,0.5033886432647705,23.19730567932129,286,1.5237033911307352,2.24813989897561,-11.591163280622665,0.0055376677163395845,0.0055376677163395845
42.49145150184631,1.381323218345642,2.226391553878784,0.5035395622253418,22.11242485046387,286,1.5291212561561673,2.2474834964921535,-11.726994489283866,0.005897008189097235,0.005897008189097235
42.541465759277344,1.3860280513763428,2.229867458343506,0.503671407699585,21.065095901489258,286,1.5348314210330725,2.246791680363743,-11.966941705742652,0.006818423200854863,0.006818423200854863
42.61294436454773,1.390790581703186,2.2329282760620117,0.5037820339202881,20.058412551879883,286,1.540408953390222,2.246115933353878,-12.217110462664069,0.007348043895498556,0.007348043895498556
42.66296362876892,1.3957253694534302,2.236039638519287,0.5039480924606323,19.071949005126953,287,1.5453712420877679,2.2452899577782546,-12.355304620184603,0.00831563698497531,0.00831563698497531
42.712987184524536,1.40091073513031,2.2397549152374268,0.504135012626648,18.126535415649414,287,1.5514225690381427,2.2439930297017345,-12.792336392836765,0.009772557459331054,0.009772557459331054
42.76298928260803,1.4062013626098633,2.2425479888916016,0.5043714046478271,17.160564422607422,287,1.557241253281292,2.242745961905657,-13.156347322808545,0.010349610194236795,0.010349610194236795
42.83291482925415,1.4165563583374023,2.2481939792633057,0.5041508078575134,15.320927619934082,288,1.5675905115731148,2.2405018763437696,-13.683025248960071,0.012005953589630176,0.012005953589630176
42.88295602798462,1.421660304069519,2.250453472137451,0.5038512945175171,14.374855041503906,288,1.5728382934903278,2.2387204944223855,-14.025643268066757,0.012654168091245808,0.012654168091245808
42.932926177978516,1.4272817373275757,2.2530765533447266,0.5036037564277649,13.470877647399902,288,1.5786536651312928,2.2367464417519867,-14.551419576778883,0.013472651529830015,0.013472651529830015
42.98297834396362,1.4320061206817627,2.2544517517089844,0.5033049583435059,12.41230583190918,288,1.5833220360854774,2.2351617433496345,-14.640720850916646,0.013391747002150624,0.013391747002150624
43.05613851547241,1.436776876449585,2.255810260772705,0.5031443238258362,11.326931953430176,288,1.5880282576705211,2.233564196389437,-14.71162269438384,0.013277431388564116,0.013277431388564116
43.10619854927063,1.4422582387924194,2.2573537826538086,0.5031986236572266,10.236451148986818,289,1.59216441358882,2.2320244725878116,-14.654854885552972,0.013705368563741925,0.013705368563741925
43.156168937683105,1.447226881980896,2.258079767227173,0.5030860304832458,9.145782470703125,289,1.596713472416484,2.2299234804566965,-14.758640607500285,0.013400568968688686,0.013400568968688686
43.206204891204834,1.4523428678512573,2.259061813354492,0.5031771659851074,7.983178615570069,289,1.6014379105423293,2.2277414890377294,-14.837805834987908,0.01330186426338032,0.01330186426338032
43.271790504455566,1.4620434045791626,2.259976863861084,0.5036656260490417,5.673639774322511,289,1.6102325722192101,2.2236796565402956,-14.839327482725764,0.012228706041452448,0.012228706041452448
43.321850299835205,1.4667350053787231,2.2599940299987793,0.5040187835693359,4.525296211242676,289,1.613721612816866,2.2220682359984822,-14.606303550016293,0.011611677426266993,0.011611677426266993
43.371859312057495,1.4715182781219482,2.2602553367614746,0.5041975975036621,3.295736074447632,290,1.6171954812261207,2.22006442398936,-14.279593044153296,0.011698422250623402,0.011698422250623402
43.42185997962952,1.4759235382080078,2.259721040725708,0.5043438076972961,2.0450143814086914,290,1.620964889361271,2.217890137459572,-14.00982923842614,0.010853466974385276,0.010853466974385276
43.479387521743774,1.4802799224853516,2.2594292163848877,0.5044217705726624,0.8520863056182861,290,1.6247058487646493,2.215732260851995,-13.791240970105589,0.010248116294685592,0.010248116294685592
43.52944207191467,1.4852694272994995,2.258659839630127,0.5043975710868835,-0.3758191168308258,290,1.628965888430691,2.213274966091085,-13.673104649792586,0.00914499498781959,0.00914499498781959
43.579484939575195,1.4892796277999878,2.258425712585449,0.5044382810592651,-1.5911716222763062,290,1.632411520092967,2.211287441726176,-13.354999290579144,0.008628161536225728,0.008628161536225728
43.62943768501282,1.4940036535263062,2.2575736045837402,0.5045381784439087,-2.80224347114563,291,1.635753629065784,2.2093056460315657,-13.018905334928183,0.007793382872528329,0.007793382872528329
43.68758964538574,1.497626543045044,2.2569925785064697,0.5047100782394409,-4.011523246765137,291,1.6387293925524875,2.2072092035100943,-12.622331401556183,0.007308785017456958,0.007308785017456958
43.73764967918396,1.5020068883895874,2.25673508644104,0.5048162341117859,-5.153249740600586,291,1.642316382485426,2.204682148435623,-12.461161441341757,0.0071534102787084285,0.0071534102787084285
43.787697076797485,1.506432294845581,2.2558956146240234,0.5050224661827087,-6.3435444831848145,291,1.6459545031268712,2.2021190714824153,-12.265872177694321,0.006441249459392082,0.006441249459392082
43.83766436576843,1.5113890171051025,2.2554173469543457,0.5050860643386841,-7.528382778167725,291,1.6500180692125115,2.199256265762535,-12.192224270116895,0.006089057002552627,0.006089057002552627
43.896718978881836,1.5164562463760376,2.254481315612793,0.5048980116844177,-8.710489273071289,291,1.6541832127352833,2.1963218981529504,-12.148052786867996,0.005308455977504126,0.005308455977504126
43.94681000709534,1.521897315979004,2.2537643909454346,0.5046454668045044,-9.977094650268555,292,1.6580636543311391,2.1931875917743975,-12.013461768879056,0.0051815710701807235,0.0051815710701807235
43.996811866760254,1.5271786451339722,2.2525267601013184,0.5043908953666687,-11.175275802612305,292,1.662125940375425,2.189625062527615,-12.052866653974787,0.004580682940303572,0.004580682940303572
44.046924114227295,1.532806396484375,2.2516472339630127,0.5041388273239136,-12.401735305786133,292,1.6664148801636653,2.185863763282135,-12.133686182430894,0.004361846851530447,0.004361846851530447
44.10475015640259,1.5384387969970703,2.2502636909484863,0.503970205783844,-13.615164756774902,292,1.6707529698748986,2.1820593607110323,-12.24182331292046,0.003670383625204355,0.003670383625204355
44.15486145019531,1.5449111461639404,2.249178171157837,0.5037834644317627,-14.925439834594727,293,1.6753443428312578,2.177848761238376,-12.368988915431968,0.0035758666407526164,0.0035758666407526164
44.20481204986572,1.5513060092926025,2.2475082874298096,0.5035698413848877,-16.180349349975586,293,1.6797744408944546,2.172953058894918,-12.687361429408847,0.0032676156705501464,0.0032676156705501464
44.254934310913086,1.557376503944397,2.2461531162261963,0.5034154653549194,-17.457975387573242,293,1.6839474894246502,2.168341422046884,-12.893309175274991,0.003190755746973055,0.003190755746973055
44.315860748291016,1.5619815587997437,2.2449169158935547,0.5031523108482361,-18.498939514160156,293,1.687142418527124,2.1648107051934344,-12.987953989522573,0.0029393892118239895,0.0029393892118239895
44.36596083641052,1.5671337842941284,2.2432756423950195,0.5027061104774475,-19.757722854614258,293,1.6907532700475265,2.160820352384504,-13.011146252001511,0.0024241997158628917,0.0024241997158628917
44.41592311859131,1.572246789932251,2.2417991161346436,0.5019879937171936,-20.961807250976562,294,1.6938232224725203,2.1568612671920055,-12.961644188617116,0.0026301040562790173,0.0026301040562790173
44.465933084487915,1.5769338607788086,2.239966869354248,0.5011188983917236,-22.2248477935791,294,1.6968391052106662,2.1528522487899853,-12.848315111605963,0.0023960690444134176,0.0023960690444134176
44.53630208969116,1.5860956907272339,2.2368178367614746,0.49969854950904846,-24.640928268432617,294,1.702650865974794,2.1451266646494513,-12.649297740394271,0.0023321065137059368,0.0023321065137059368
44.5864999294281,1.5911140441894531,2.2351412773132324,0.4991682469844818,-25.8806209564209,294,1.7058249175673967,2.1409073921018953,-12.619349758878158,0.0023390854266314262,0.0023390854266314262
44.63633894920349,1.5954694747924805,2.2334587574005127,0.4985651671886444,-27.113094329833984,295,1.7081994167743986,2.137206730794469,-12.373531706698678,0.0025999638947135696,0.0025999638947135696
44.68642067909241,1.6006801128387451,2.2318034172058105,0.497893750667572,-28.429428100585938,295,1.711054290655008,2.1325962579951345,-12.269301817807868,0.0032408175773222803,0.0032408175773222803
44.7539324760437,1.6054658889770508,2.2298355102539062,0.4972175359725952,-29.791849136352543,295,1.7137751432405508,2.128202222615202,-12.062801972488659,0.0034319102165769697,0.0034319102165769697
44.803966760635376,1.6121279001235962,2.227318286895752,0.4964018762111664,-31.069152832031246,295,1.7175136595893388,2.1221647131991035,-12.373156326010474,0.0038827889772322056,0.0038827889772322056
44.853976249694824,1.6174052953720093,2.2248833179473877,0.49568256735801697,-32.40940475463867,296,1.720224514066134,2.117460311048717,-12.249880564877182,0.004139349626082853,0.004139349626082853
44.903971672058105,1.6227271556854248,2.222283124923706,0.49506303668022156,-33.70964813232422,296,1.7228436602235253,2.112149208037036,-12.28407985860348,0.004503946313776855,0.004503946313776855
44.975220918655396,1.634338140487671,2.2167699337005615,0.4945068359375,-36.47373580932617,296,1.7285226024823714,2.1006334523206163,-12.413937644533032,0.005403433536697521,0.005403433536697521
45.0253005027771,1.6405729055404663,2.21406888961792,0.49425575137138367,-37.887359619140625,297,1.7310514002792063,2.095021106472071,-12.409384372228125,0.006438268565520891,0.006438268565520891
45.07530069351196,1.6463394165039062,2.210861921310425,0.49395063519477844,-39.256553649902344,297,1.7331975641226658,2.0888142850981612,-12.604299106760465,0.007058290095260381,0.007058290095260381
45.125290870666504,1.6522544622421265,2.2077033519744873,0.4937206506729126,-40.54079055786133,297,1.7353743293108532,2.0825189629878755,-12.908137157181688,0.007779819700829315,0.007779819700829315
45.197824239730835,1.6571998596191406,2.2045764923095703,0.4936061501502991,-41.851619720458984,297,1.737285830157624,2.07699079963346,-12.99132039493325,0.00798993998957125,0.00798993998957125
45.247870206832886,1.662743091583252,2.2010741233825684,0.4936878979206085,-43.216590881347656,298,1.7389946753116685,2.0716600213694565,-12.951965073960178,0.008710912501188366,0.008710912501188366
45.29790925979614,1.6683846712112427,2.1974377632141113,0.4937271773815155,-44.5442008972168,298,1.7405846767408255,2.0652273894017594,-13.16659726341191,0.00959068245094072,0.00959068245094072
45.347859382629395,1.6732374429702759,2.193847894668579,0.49368226528167725,-45.88310623168945,298,1.7420253071222942,2.0593990644232187,-13.226551264040507,0.009995168536375783,0.009995168536375783
45.41582202911377,1.678045392036438,2.1901462078094482,0.493532657623291,-47.30929946899414,298,1.7434755235788002,2.053531957282852,-13.208222792734054,0.010278371043077461,0.010278371043077461
45.46591019630432,1.6823056936264038,2.1859822273254395,0.4931831657886505,-48.67003631591797,298,1.7446449193848805,2.048800959745906,-12.981355840240814,0.010275284159993507,0.010275284159993507
45.51587510108948,1.6875864267349243,2.1808719635009766,0.4929799735546112,-50.064170837402344,299,1.745728775959787,2.0417157691376913,-13.1883963682971,0.010707352209836728,0.010707352209836728
45.56590557098389,1.6912592649459839,2.176405191421509,0.49297845363616943,-51.34529113769531,299,1.74660136418245,2.0360116436812548,-13.198084132618673,0.010376045935673692,0.010376045935673692
45.63774299621582,1.6986033916473389,2.1668496131896973,0.4931913912296295,-53.90705871582031,299,1.748416057272684,2.024148961166432,-13.319697080883932,0.009307819763495647,0.009307819763495647
45.68783140182495,1.7026084661483765,2.161797523498535,0.49329033493995667,-55.20036315917969,300,1.7487693181011974,2.0185962181630153,-13.26376395131908,0.00962859665170958,0.00962859665170958
45.73778986930847,1.7056491374969482,2.1570589542388916,0.49349042773246765,-56.335330963134766,300,1.7491253494401882,2.012981427242142,-13.38094481814029,0.009167102069324261,0.009167102069324261
45.787821769714355,1.7091524600982666,2.1520497798919678,0.49357515573501587,-57.541732788085945,300,1.749512729720444,2.006872247958453,-13.536686427746538,0.008897928489735548,0.008897928489735548
45.86152100563049,1.711787462234497,2.1477653980255127,0.4936158061027527,-58.77583694458008,300,1.7498302815400337,2.001864298156638,-13.41794024671204,0.008395945326902854,0.008395945326902854
45.91157293319702,1.7151600122451782,2.1427040100097656,0.4936683773994446,-60.04876708984375,301,1.75,1.9965736813215458,-13.294870354663201,0.008507334508320369,0.008507334508320369
45.96155381202698,1.7178874015808105,2.1374316215515137,0.49384385347366333,-61.28755187988281,301,1.75,1.9906453538767315,-13.313923988770027,0.008016517847674532,0.008016517847674532
46.01156568527222,1.720496654510498,2.131911039352417,0.4940609633922577,-62.58047103881836,301,1.75,1.984567957098347,-13.309808809422048,0.007305980269464774,0.007305980269464774
46.0835657119751,1.7255171537399292,2.119852066040039,0.4944722056388855,-65.28862762451172,302,1.75,1.9722038406508866,-13.146214790869463,0.005615060009182505,0.005615060009182505
46.13360667228699,1.7277663946151733,2.1133577823638916,0.4946349859237671,-66.57502746582031,302,1.75,1.9653844808452707,-13.056771514191071,0.004760670152479817,0.004760670152479817
46.18362522125244,1.7294386625289917,2.10709547996521,0.49495524168014526,-67.84217834472656,302,1.75,1.9590283673393598,-12.903124058888146,0.003518975098965723,0.003518975098965723
46.23362755775452,1.7315391302108765,2.1003212928771973,0.49521130323410034,-69.05842590332031,302,1.75,1.95202377049421,-12.910570820615575,0.002438670300853548,0.002438670300853548
46.30509567260742,1.7329758405685425,2.0935094356536865,0.49565136432647705,-70.2772216796875,303,1.75,1.9454135569177013,-12.667176216843098,0.0012957432813838494,0.0012957432813838494
46.3551709651947,1.734695553779602,2.0877902507781982,0.4962598383426666,-71.2389907836914,303,1.75,1.9394442707956188,-12.465734706557999,0.0010543224123466589,0.0010543224123466589
46.4051399230957,1.7359305620193481,2.0811588764190674,0.49698787927627563,-72.39043426513672,303,1.75,1.9327710249068497,-12.162895999529184,7.894310481567989e-05,7.894310481567989e-05
46.45514392852783,1.7374483346939087,2.07429575920105,0.49754205346107483,-73.4189224243164,303,1.75,1.9257862443025566,-12.020673230412822,0.0007039275817858983,-0.0007039275817858983
46.52201724052429,1.7398128509521484,2.0607831478118896,0.4986913204193115,-75.41844177246094,304,1.75,1.9120043656257408,-11.350126659531112,0.0017844066613328243,-0.0017844066613328243
46.5720579624176,1.7410451173782349,2.053138494491577,0.49949634075164795,-76.33346557617188,304,1.75,1.9042722794719766,-11.148392461530719,0.002405690972130832,-0.002405690972130832
46.62205529212952,1.7424266338348389,2.045966863632202,0.5000333189964294,-77.27437591552734,305,1.75,1.8967169358279983,-10.818780957543288,0.0026029485808034495,-0.0026029485808034495
46.672065019607544,1.7433258295059204,2.0387465953826904,0.5005641579627991,-78.16112518310547,305,1.75,1.8894297081833462,-10.353724548318553,0.002801954369897674,-0.002801954369897674
46.73670983314514,1.7444132566452026,2.031964063644409,0.5007859468460083,-78.98944091796875,305,1.75,1.8825474987401678,-9.923307983157304,0.0027505622821719037,-0.0027505622821719037
46.78676795959473,1.7454699277877808,2.0237956047058105,0.5009024143218994,-79.78173828125,306,1.75,1.8740346285337282,-9.617516482640433,0.002959610788879615,-0.002959610788879615
46.83676600456238,1.7461484670639038,2.0152764320373535,0.5010673403739929,-80.5606460571289,306,1.75,1.8654890164148537,-9.045261953515777,0.0028211817356188725,-0.0028211817356188725
46.88668918609619,1.7471280097961426,2.006021499633789,0.5011047124862671,-81.35842895507812,306,1.75,1.8561900203325126,-8.472306965016463,0.002429343836722622,-0.002429343836722622
46.95967078208923,1.7476115226745605,1.9973467588424683,0.5010408163070679,-82.20514678955078,307,1.75,1.8473467588424681,-7.794853210449214,0.002388477325439453,-0.002388477325439453
47.0097119808197,1.7481398582458496,1.987761378288269,0.5008383393287659,-82.980712890625,307,1.75,1.8377613782882687,-7.019287109375002,0.0018601417541503906,-0.0018601417541503906
47.05975890159607,1.748307466506958,1.977192759513855,0.5005143284797668,-83.65338897705078,307,1.75,1.8271927595138542,-6.346611022949224,0.0016925334930419922,-0.0016925334930419922
47.1097617149353,1.7484657764434814,1.9650118350982666,0.5000724792480469,-84.37122344970703,308,1.75,1.815011835098266,-5.628776550292956,0.0015342235565185547,-0.0015342235565185547
47.18335032463074,1.7477178573608398,1.937785267829895,0.49858108162879944,-85.64767456054688,309,1.75,1.7877852678298949,-4.35232543945311,0.0022821426391601562,-0.0022821426391601562
47.23340940475464,1.7471007108688354,1.9246766567230225,0.49806222319602966,-86.28364562988281,309,1.75,1.7746766567230225,-3.716354370117187,0.0028992891311645508,-0.0028992891311645508
47.28341245651245,1.7464914321899414,1.9112950563430786,0.49769866466522217,-86.78202819824219,310,1.75,1.7612950563430783,-3.217971801757807,0.0035085678100585938,-0.0035085678100585938
47.33336114883423,1.7458982467651367,1.8973339796066284,0.49747052788734436,-87.1850814819336,311,1.75,1.7473339796066278,-2.814918518066389,0.004101753234863281,-0.004101753234863281
47.40121412277222,1.7453993558883667,1.883648157119751,0.49729251861572266,-87.54573059082031,311,1.75,1.73364815711975,-2.4542694091796933,0.004600644111633301,-0.004600644111633301
47.45124006271362,1.7452149391174316,1.8696002960205078,0.49730947613716125,-87.82318878173828,312,1.75,1.7196002960205066,-2.176811218261726,0.004785060882568359,-0.004785060882568359
47.50127577781677,1.7450040578842163,1.8559924364089966,0.4973088204860687,-88.13009643554688,312,1.75,1.7059924364089956,-1.8699035644531248,0.004995942115783691,-0.004995942115783691
47.55126643180847,1.7449164390563965,1.842233657836914,0.49733400344848633,-88.30252075195312,313,1.75,1.6922336578369133,-1.6974792480468563,0.005083560943603516,-0.005083560943603516
47.62030076980591,1.744940161705017,1.8177928924560547,0.4972926378250122,-88.69125366210938,314,1.75,1.667792892456055,-1.3087463378906268,0.00505983829498291,-0.00505983829498291
47.67032527923584,1.7450997829437256,1.8017805814743042,0.4973575472831726,-88.88123321533203,314,1.75,1.6517805814743047,-1.1187667846679663,0.004900217056274414,-0.004900217056274414
47.7203164100647,1.7451469898223877,1.7884132862091064,0.4975571930408478,-88.94839477539062,315,1.75,1.6384132862091068,-1.0516052246093683,0.004853010177612305,-0.004853010177612305
47.770296812057495,1.745751142501831,1.7744076251983643,0.49785280227661133,-89.05712127685548,315,1.75,1.6244076251983643,-0.9428787231445235,0.004248857498168945,-0.004248857498168945
47.83966040611267,1.7461299896240234,1.7632968425750732,0.49814602732658386,-89.13558197021484,316,1.75,1.6132968425750733,-0.864418029785168,0.0038700103759765625,-0.0038700103759765625
47.88972878456116,1.7471452951431274,1.74717378616333,0.4987432360649109,-89.21826171875001,317,1.75,1.5971737861633304,-0.781738281249992,0.0028547048568725586,-0.0028547048568725586
47.939688205718994,1.7479060888290405,1.734121322631836,0.49918198585510254,-89.16959381103516,317,1.75,1.5841213226318365,-0.8304061889648465,0.0020939111709594727,-0.0020939111709594727
47.98969101905823,1.748934268951416,1.7190237045288086,0.4997219145298004,-89.14554595947266,318,1.75,1.5690237045288091,-0.8544540405273418,0.0010657310485839844,-0.0010657310485839844
48.057835817337036,1.749947190284729,1.7049413919448853,0.5002744197845459,-89.1480941772461,318,1.75,1.5549413919448856,-0.8519058227538988,5.2809715270996094e-05,-5.2809715270996094e-05
48.10791254043579,1.750745177268982,1.6916894912719727,0.5006839632987976,-89.05601501464844,319,1.75,1.5416894912719727,-0.9439849853515601,0.0007451772689819336,0.0007451772689819336
48.15791606903076,1.7517848014831543,1.6763103008270264,0.5011103749275208,-88.96615600585938,319,1.75,1.5263103008270267,-1.0338439941406252,0.0017848014831542969,0.0017848014831542969
48.20790505409241,1.7526419162750244,1.661983847618103,0.5012065768241882,-88.91207122802734,320,1.75,1.5119838476181036,-1.087928771972664,0.002641916275024414,0.002641916275024414
48.275229930877686,1.753888487815857,1.634667158126831,0.5012588500976562,-88.91055297851562,321,1.75,1.4846671581268314,-1.0894470214843772,0.0038884878158569336,0.0038884878158569336
48.325294733047485,1.7543004751205444,1.6197612285614014,0.5010679960250854,-88.8797836303711,322,1.75,1.4697612285614015,-1.1202163696289213,0.004300475120544434,0.004300475120544434
48.3752806186676,1.7546021938323975,1.6035270690917969,0.5008068680763245,-88.86455535888672,322,1.75,1.4535270690917974,-1.1354446411132928,0.004602193832397461,0.004602193832397461
48.42528319358826,1.754833698272705,1.5879454612731934,0.500518798828125,-88.8878173828125,323,1.75,1.4379454612731937,-1.1121826171875102,0.004833698272705078,0.004833698272705078
48.49388766288757,1.7548907995224,1.5740677118301392,0.5002772212028503,-88.91047668457031,324,1.75,1.4240677118301373,-1.089523315429684,0.004890799522399902,0.004890799522399902
48.54391312599182,1.7549092769622803,1.5587631464004517,0.5000646114349365,-88.9600830078125,324,1.75,1.4087631464004517,-1.0399169921875033,0.0049092769622802734,0.0049092769622802734
48.593942642211914,1.7549704313278198,1.543587565422058,0.49991852045059204,-89.00820922851562,325,1.75,1.3935875654220582,-0.9917907714843698,0.004970431327819824,0.004970431327819824
48.64392971992493,1.7550609111785889,1.5308014154434204,0.4998417794704437,-89.05616760253906,325,1.75,1.3808014154434207,-0.9438323974609212,0.005060911178588867,0.005060911178588867
48.71524953842163,1.7550638914108276,1.5157333612442017,0.49983230233192444,-89.16424560546875,326,1.75,1.365733361244202,-0.8357543945312472,0.005063891410827637,0.005063891410827637
48.765296936035156,1.7550933361053467,1.5002477169036865,0.49982061982154846,-89.26358795166016,326,1.75,1.3502477169036846,-0.7364120483398416,0.00509333610534668,0.00509333610534668
48.815343379974365,1.7550686597824097,1.4854074716567993,0.4997591972351074,-89.37350463867188,327,1.75,1.3354074716567994,-0.6264953613281307,0.005068659782409668,0.005068659782409668
48.86536145210266,1.7550694942474365,1.4684094190597534,0.49980416893959045,-89.47480773925783,328,1.75,1.3184094190597535,-0.5251922607421667,0.0050694942474365234,0.0050694942474365234
48.93949818611145,1.7552924156188965,1.441012978553772,0.4998857378959656,-89.82579040527345,329,1.75,1.2910129785537716,-0.17420959472654227,0.005292415618896484,0.005292415618896484
48.98955178260803,1.755326271057129,1.4264451265335083,0.49990397691726685,-90.0433349609375,329,1.75,1.2764451265335082,0.043334960937499965,0.005326271057128906,0.005326271057128906
49.039716958999634,1.7552251815795898,1.4110668897628784,0.49989429116249084,-90.23208618164062,330,1.75,1.2610668897628785,0.23208618164062794,0.005225181579589844,0.005225181579589844
49.08956837654114,1.755165696144104,1.3990230560302734,0.49984198808670044,-90.41632843017578,331,1.75,1.2490230560302737,0.4163284301757801,0.005165696144104004,0.005165696144104004
49.16159224510193,1.7548792362213135,1.385279893875122,0.4998230040073395,-90.59480285644531,331,1.75,1.235279893875122,0.5948028564453319,0.0048792362213134766,0.0048792362213134766
49.21161079406738,1.7546292543411255,1.3715013265609741,0.49993446469306946,-90.81311798095703,332,1.75,1.2215013265609738,0.8131179809570408,0.004629254341125488,0.004629254341125488
49.26166296005249,1.7541964054107666,1.3575031757354736,0.4999782145023346,-90.99837493896484,332,1.75,1.2075031757354735,0.9983749389648512,0.0041964054107666016,0.0041964054107666016
49.31162762641907,1.7537779808044434,1.3435155153274536,0.49995532631874084,-91.22882080078125,333,1.75,1.1935155153274537,1.2288208007812702,0.0037779808044433594,0.0037779808044433594
49.382349491119385,1.7521568536758423,1.315938115119934,0.4997618794441223,-91.50135803222656,334,1.75,1.1659381151199342,1.5013580322265596,0.002156853675842285,0.002156853675842285
49.432435750961304,1.75137460231781,1.3032361268997192,0.49987220764160156,-91.61341094970703,334,1.75,1.1532361268997189,1.613410949707037,0.0013746023178100586,0.0013746023178100586
49.48306107521057,1.750280737876892,1.288098692893982,0.5002183318138123,-91.72428894042969,335,1.75,1.1380986928939818,1.7242889404296942,0.00028073787689208984,0.00028073787689208984
49.53239631652832,1.7493512630462646,1.2729816436767578,0.5007436871528625,-91.75199890136719,336,1.75,1.122981643676758,1.751998901367192,0.0006487369537353516,-0.0006487369537353516
49.6062068939209,1.7484476566314697,1.2601511478424072,0.5011827945709229,-91.73191833496094,336,1.75,1.1101511478424075,1.7319183349609515,0.0015523433685302734,-0.0015523433685302734
49.656383991241455,1.74765145778656,1.2462116479873657,0.5016136765480042,-91.69786834716798,337,1.75,1.0962116479873663,1.6978683471679894,0.0023485422134399414,-0.0023485422134399414
49.706271171569824,1.7467353343963623,1.231871485710144,0.5020118951797485,-91.58860778808594,337,1.75,1.0818714857101441,1.5886077880859466,0.0032646656036376953,-0.0032646656036376953
49.756274461746216,1.7456085681915283,1.2167364358901978,0.502254843711853,-91.34291076660156,338,1.75,1.0667364358901976,1.3429107666015616,0.00439143180847168,-0.00439143180847168
49.82605290412903,1.7437138557434082,1.1865254640579224,0.5024524927139282,-90.61921691894531,339,1.75,1.0365254640579227,0.6192169189453147,0.006286144256591797,-0.006286144256591797
49.87609052658081,1.7427786588668823,1.1694066524505615,0.5026474595069885,-90.16868591308594,340,1.75,1.019406652450562,0.16868591308593364,0.007221341133117676,-0.007221341133117676
49.92632818222046,1.741957187652588,1.1542792320251465,0.5027382969856262,-89.69880676269531,340,1.75,1.0042792320251466,-0.30119323730468733,0.00804281234741211,-0.00804281234741211
49.976192235946655,1.7414073944091797,1.1399112939834595,0.5028148293495178,-89.19989013671875,341,1.75,0.9899112939834595,-0.8001098632812652,0.008592605590820312,-0.008592605590820312
50.0491578578949,1.7409796714782715,1.1273959875106812,0.5028104782104492,-88.71752166748047,341,1.75,0.977395987510681,-1.2824783325195352,0.009020328521728516,-0.009020328521728516
50.099204301834106,1.7404656410217285,1.1125355958938599,0.5027717351913452,-88.21735382080078,342,1.75,0.9625355958938597,-1.7826461791992148,0.009534358978271484,-0.009534358978271484
50.14924669265747,1.7403329610824585,1.1040186882019043,0.502709150314331,-87.65570831298828,342,1.75,0.9540186882019042,-2.3442916870117214,0.009667038917541504,-0.009667038917541504
50.19920015335083,1.7402547597885132,1.0860695838928223,0.5024219155311584,-87.29175567626953,343,1.75,0.9360695838928222,-2.7082443237304554,0.009745240211486816,-0.009745240211486816
50.27121329307556,1.740799069404602,1.0565224885940552,0.5018885731697083,-86.51226043701172,344,1.75,0.9065224885940552,-3.487739562988282,0.00920093059539795,-0.00920093059539795
50.321295499801636,1.7413356304168701,1.0450698137283325,0.5017512440681458,-86.28159332275392,345,1.75,0.8950698137283324,-3.718406677246073,0.008664369583129883,-0.008664369583129883
50.371270418167114,1.7419781684875488,1.0316730737686157,0.5016829371452332,-86.10942840576172,345,1.75,0.8816730737686156,-3.890571594238278,0.008021831512451172,-0.008021831512451172
50.42128300666809,1.742607593536377,1.0181032419204712,0.5015687942504883,-86.04317474365234,346,1.75,0.8681032419204711,-3.956825256347668,0.007392406463623047,-0.007392406463623047
50.49190640449524,1.743363618850708,1.0045204162597656,0.5014404654502869,-86.01836395263672,346,1.75,0.8545204162597655,-3.981636047363281,0.006636381149291992,-0.006636381149291992
50.541937828063965,1.7445510625839233,0.9890706539154053,0.5014129281044006,-86.0929183959961,347,1.75,0.839070653915405,-3.9070816040039196,0.00544893741607666,-0.00544893741607666
50.591959714889526,1.745639681816101,0.9748948812484741,0.5014463067054749,-86.19680786132812,347,1.75,0.8248948812484738,-3.8031921386718723,0.004360318183898926,-0.004360318183898926
50.64192581176758,1.7467485666275024,0.9606800079345703,0.5015305876731873,-86.3159408569336,348,1.75,0.8106800079345701,-3.684059143066407,0.0032514333724975586,-0.0032514333724975586
50.71009182929993,1.747999906539917,0.9484650492668152,0.5016424655914307,-86.5138931274414,349,1.75,0.798465049266815,-3.4861068725585964,0.002000093460083008,-0.002000093460083008
50.760138511657715,1.749429702758789,0.9341605305671692,0.5017457008361816,-86.84156799316406,349,1.75,0.7841605305671691,-3.158432006835918,0.0005702972412109375,-0.0005702972412109375
50.81015181541443,1.750856876373291,0.9208738207817078,0.5017988085746765,-87.13174438476562,350,1.75,0.7708738207817076,-2.868255615234356,0.0008568763732910156,0.0008568763732910156
50.86014413833618,1.7525618076324463,0.9078947305679321,0.5018395185470581,-87.48149108886719,350,1.75,0.7578947305679319,-2.518508911132812,0.002561807632446289,0.002561807632446289
50.929291009902954,1.7559148073196411,0.8830733895301819,0.5020789504051208,-88.21483612060547,351,1.75,0.7330733895301815,-1.78516387939454,0.005914807319641113,0.005914807319641113
50.97939205169678,1.7575167417526245,0.8705309629440308,0.5019204616546631,-88.59955596923828,352,1.75,0.7205309629440304,-1.4004440307617034,0.007516741752624512,0.007516741752624512
51.029836893081665,1.7590796947479248,0.8584975600242615,0.5016115307807922,-88.93746948242188,352,1.75,0.7084975600242612,-1.0625305175781405,0.009079694747924805,0.009079694747924805
51.079375982284546,1.76040518283844,0.8462681174278259,0.501379668712616,-89.3070068359375,353,1.75,0.6962681174278258,-0.6929931640624865,0.010405182838439941,0.010405182838439941
51.14374542236328,1.7615547180175781,0.8345493078231812,0.5010015368461609,-89.72109985351562,353,1.75,0.6845493078231809,-0.27890014648437395,0.011554718017578125,0.011554718017578125
51.19380474090576,1.7627708911895752,0.8231016397476196,0.5005203485488892,-90.12413787841797,354,1.75,0.6731016397476193,0.12413787841797284,0.012770891189575195,0.012770891189575195
51.243809938430786,1.7636821269989014,0.8108189105987549,0.4999842643737793,-90.5240478515625,354,1.75,0.6608189105987545,0.5240478515624896,0.013682126998901367,0.013682126998901367
51.2938072681427,1.7647935152053833,0.7985990643501282,0.49951520562171936,-90.88170623779297,355,1.75,0.6485990643501278,0.8817062377929737,0.0147935152053833,0.0147935152053833
51.36495923995972,1.7654582262039185,0.7884920835494995,0.4992046654224396,-91.19166564941406,355,1.75,0.6384920835494992,1.1916656494140725,0.015458226203918457,0.015458226203918457
51.41504764556885,1.766187310218811,0.7765652537345886,0.4988015294075012,-91.42931365966797,355,1.75,0.6265652537345883,1.4293136596679752,0.016187310218811035,0.016187310218811035
51.465012073516846,1.7668249607086182,0.7644426822662354,0.49862387776374817,-91.66233825683594,356,1.75,0.614442682266235,1.6623382568359293,0.016824960708618164,0.016824960708618164
51.515124559402466,1.7670795917510986,0.7525936365127563,0.49844375252723694,-91.89839935302734,356,1.75,0.602593636512756,1.8983993530273606,0.017079591751098633,0.017079591751098633
51.58558511734009,1.7672278881072998,0.7283905744552612,0.49816885590553284,-92.38324737548828,357,1.75,0.5783905744552609,2.38324737548829,0.017227888107299805,0.017227888107299805
51.63577961921692,1.7671020030975342,0.7146669030189514,0.49801740050315857,-92.57394409179688,358,1.75,0.5646669030189511,2.5739440917968794,0.01710200309753418,0.01710200309753418
51.685632944107056,1.7664129734039307,0.7013691067695618,0.49761849641799927,-92.74979400634766,358,1.75,0.5513691067695614,2.749794006347656,0.016412973403930664,0.016412973403930664
51.73562717437744,1.7657517194747925,0.6886217594146729,0.4972584545612335,-92.94979095458984,359,1.75,0.5386217594146725,2.949790954589855,0.01575171947479248,0.01575171947479248
51.803956747055054,1.7649097442626953,0.6776931881904602,0.4968973994255066,-93.13414764404297,359,1.75,0.5276931881904598,3.13414764404298,0.014909744262695312,0.014909744262695312
51.853983640670776,1.763953685760498,0.6663650870323181,0.49657362699508667,-93.27827453613281,360,1.7500166226795877,0.5163656312025035,3.284623955038395,0.013953685674817615,0.013953685674817615
51.90393328666687,1.7631675004959106,0.6540501713752747,0.4962855875492096,-93.38408660888672,360,1.7500427911082033,0.5040515722111126,3.4004317604273604,0.013167499960106605,0.013167499960106605
51.95398163795471,1.7619752883911133,0.6417561173439026,0.49602189660072327,-93.45807647705078,361,1.7505391757227151,0.4917737681294807,3.664049782646781,0.011975211010506564,0.011975211010506564
52.02875280380249,1.7597761154174805,0.6163851618766785,0.4956040382385254,-93.43986511230469,362,1.7529315608284362,0.4665536410603488,4.5607549853382325,0.009774244721989228,0.009774244721989228
52.07882237434387,1.7585868835449219,0.6035022735595703,0.495608389377594,-93.32279968261719,362,1.7549844757152528,0.453857679447574,5.2305456694220025,0.008582124045417281,0.008582124045417281
52.12880992889404,1.7576359510421753,0.590246856212616,0.4957229793071747,-93.18478393554688,363,1.757886642612967,0.4409626929695666,6.2088933986603365,0.0076253173994299565,0.0076253173994299565
52.1788067817688,1.7566702365875244,0.5771618485450745,0.4959821403026581,-93.10718536376953,363,1.7611277681634445,0.428313557488212,7.382614586136513,0.00665167462500411,0.00665167462500411
52.250852823257446,1.7559309005737305,0.5636467337608337,0.49651193618774414,-92.9088821411133,364,1.765390707498554,0.41551406901553106,8.840524158248366,0.0058991459241212124,0.0058991459241212124
52.30094289779663,1.7550548315048218,0.54910808801651,0.49717918038368225,-92.64804077148438,365,1.7702628719319111,0.4018293619358015,10.481716943940413,0.005007659317530011,0.005007659317530011
52.35091733932495,1.7547128200531006,0.5352506041526794,0.49782058596611023,-92.33503723144531,365,1.7763918803197756,0.38940096239210326,12.591872433950178,0.004637506655749208,0.004637506655749208
52.40087842941284,1.7543007135391235,0.5221700072288513,0.49857863783836365,-91.95535278320312,366,1.7823651349250718,0.3777671068477294,14.58747044942149,0.004194405537960059,0.004194405537960059
52.471556186676025,1.754292368888855,0.5004461407661438,0.49998947978019714,-90.96820068359375,366,1.7939434189562964,0.3594193720504042,18.25738794375821,0.004052913768274181,0.004052913768274181
52.521625995635986,1.7543480396270752,0.4897022247314453,0.5006951093673706,-90.36007690429689,367,1.8005218800131422,0.3506426204803703,20.106341775089298,0.0035233047272246435,0.0035233047272246435
52.571592807769775,1.7543542385101318,0.4797629714012146,0.5012683272361755,-89.56806945800781,367,1.806538826168958,0.3427845111275843,21.545169235764178,0.0028697521147125664,0.0028697521147125664
52.62161421775818,1.7543866634368896,0.47073301672935486,0.501812756061554,-88.5990982055664,368,1.8124140279544771,0.3356911570192894,22.64485929692312,0.002033218035127849,0.002033218035127849
52.67982363700867,1.7544846534729004,0.4631260633468628,0.5022685527801514,-87.49917602539062,368,1.8175125053638488,0.3301521996025128,23.227544794561656,0.0009452341569403077,0.0009452341569403077
52.72991943359375,1.7545455694198608,0.4553147554397583,0.5027939081192017,-86.21881103515625,368,1.822743654853532,0.3244691079777682,23.67379363681953,0.00019057606274748944,-0.00019057606274748944
52.779884576797485,1.7547097206115723,0.44839411973953247,0.5031015872955322,-84.74713897705078,369,1.8273882566800757,0.3195707398502913,23.715429489744192,0.0011931226236984696,-0.0011931226236984696
52.82988739013672,1.7550060749053955,0.44256165623664856,0.5033963918685913,-83.1102066040039,369,1.8317003834918402,0.3157891061309338,23.392971030538988,0.0023018371064991777,-0.0023018371064991777
52.894349575042725,1.7553844451904297,0.43686211109161377,0.5036808848381042,-81.36390686035158,369,1.835930840026588,0.3120790953222461,22.93736903556863,0.0032877667415692905,-0.0032877667415692905
52.94440507888794,1.756027340888977,0.43170976638793945,0.5039306879043579,-79.53105163574219,369,1.8398114012540794,0.3086759344625339,22.288308135045146,0.003888655559697091,-0.003888655559697091
52.99443316459656,1.756934642791748,0.426705002784729,0.5043317675590515,-77.56004333496095,369,1.8436336990508824,0.30532386926018856,21.482166965962854,0.004203974456095814,-0.004203974456095814
53.044437646865845,1.7579892873764038,0.42135825753211975,0.5048430562019348,-75.5398941040039,370,1.8475745639756265,0.3022555751894388,20.63030849241649,0.004834421170572052,-0.004834421170572052
53.10414099693298,1.7593278884887695,0.4163497984409332,0.5054382681846619,-73.43168640136719,370,1.8518237568514064,0.2993157228715803,19.753606683692674,0.005202285684590905,-0.005202285684590905
53.15425229072571,1.7605900764465332,0.4110611081123352,0.5058281421661377,-71.3250503540039,370,1.8562690427543416,0.29624020136730195,18.936406692848575,0.005718431126947775,-0.005718431126947775
53.20419454574585,1.762026309967041,0.40610814094543457,0.5059903264045715,-69.18675231933594,370,1.8605021176462824,0.2933115004594956,18.025856979533593,0.00596501834584493,-0.00596501834584493
53.25425577163696,1.763424277305603,0.40092724561691284,0.5057776570320129,-67.04914855957031,370,1.8649012618735443,0.2902679025972226,17.16280238895488,0.00630787143669071,-0.00630787143669071
53.314067363739014,1.7649691104888916,0.3963153660297394,0.5055673718452454,-64.93941497802734,371,1.8683509673788106,0.28817567636044494,15.988896573126675,0.006948197662285996,-0.006948197662285996
53.3643114566803,1.7664755582809448,0.3915235996246338,0.5055809617042542,-62.95477294921875,371,1.8726626905542563,0.28573727711864827,15.137857765056703,0.007649258253971929,-0.007649258253971929
53.41418170928955,1.7682143449783325,0.3869982659816742,0.5053988695144653,-60.906417846679695,371,1.876856111959736,0.2833657808143664,14.193057740396295,0.008028418066082706,-0.008028418066082706
53.464139223098755,1.7700519561767578,0.3821890354156494,0.5054070949554443,-58.94293212890626,371,1.8813086667226593,0.28084773739734026,13.401537941430728,0.008431401387723535,-0.008431401387723535
53.52270746231079,1.7749420404434204,0.3726244568824768,0.5050578713417053,-55.07666778564453,372,1.8899328594521603,0.2762209390137263,11.76349658429269,0.008737396537009827,-0.008737396537009827
53.572920083999634,1.7771942615509033,0.36858120560646057,0.5049130916595459,-53.296653747558594,372,1.8941434604243534,0.27431955584333373,11.015776419745476,0.008939384034070439,-0.008939384034070439
53.62279963493347,1.7806422710418701,0.3633965253829956,0.5049269795417786,-51.6837158203125,372,1.8998150190687453,0.27175844729195187,10.794503937503055,0.008734045032097156,-0.008734045032097156
53.673354625701904,1.7841049432754517,0.3586978316307068,0.5049576759338379,-50.120140075683594,372,1.9051192372983823,0.269363218833942,10.532373269589616,0.008271845342306192,-0.008271845342306192
53.728839635849,1.7877583503723145,0.35438093543052673,0.5049124360084534,-48.669273376464844,372,1.9102220105313719,0.26705895699302906,10.33216936667991,0.007469466884528221,-0.007469466884528221
53.7790002822876,1.7915549278259277,0.3501344919204712,0.5047544240951538,-47.32355499267578,373,1.9149226369995769,0.2654341098473415,10.10741454938114,0.007163727022413137,-0.007163727022413137
53.82899188995361,1.7954481840133667,0.34596627950668335,0.5046937465667725,-46.12409973144531,373,1.9203092847669205,0.2636055893217198,10.191671975496597,0.006584085150301399,-0.006584085150301399
53.879002809524536,1.7994436025619507,0.34213897585868835,0.5047007203102112,-45.014259338378906,373,1.925498012928557,0.26184425344916795,10.318464407607856,0.005735406313913009,-0.005735406313913009
53.93802189826965,1.8031152486801147,0.33848991990089417,0.5044994950294495,-43.9261360168457,373,1.930365649313496,0.26019191354770216,10.389487318851673,0.005038120239452424,-0.005038120239452424
53.98813819885254,1.8068517446517944,0.3349910080432892,0.5041850805282593,-42.92514419555664,374,1.9347885568158834,0.2587753407962526,10.443401041915843,0.0044133267109899696,-0.0044133267109899696
54.038071155548096,1.8108364343643188,0.3313163220882416,0.5038418769836426,-42.05732727050781,374,1.9400850504228795,0.2576871505437288,10.862802778809012,0.003960301898078952,-0.003960301898078952
54.08828330039978,1.8145360946655273,0.3281714618206024,0.5032902956008911,-41.19726181030274,374,1.9448101007212393,0.25671636608539056,11.152502188387372,0.0033711201104840646,-0.0033711201104840646
54.14381527900696,1.8177415132522583,0.325356662273407,0.5027334094047546,-40.3830680847168,374,1.9489688942453347,0.25586192182264245,11.350630877652721,0.002922878572832255,-0.002922878572832255
54.19390320777893,1.8214102983474731,0.3221457302570343,0.5019662380218506,-39.604698181152344,374,1.9537211046286191,0.25488555719337114,11.728583805635115,0.0024080741671788416,-0.0024080741671788416
54.2439079284668,1.8244609832763672,0.31942546367645264,0.5012508034706116,-38.808860778808594,374,1.9577089664537746,0.25406623167567133,11.902060530708066,0.0020164241146458854,-0.0020164241146458854
54.293860912323,1.8283538818359375,0.3162190914154053,0.5007199645042419,-37.959815979003906,375,1.9624754620196614,0.2534438719561736,12.175736781487084,0.001815028905404944,-0.001815028905404944
54.34957194328308,1.8318302631378174,0.31348133087158203,0.5002684593200684,-37.071144104003906,375,1.966857940323705,0.2529507433900759,12.312868058204598,0.0015815849097251928,-0.0015815849097251928
54.39967226982117,1.8354071378707886,0.3107844591140747,0.4998249411582947,-36.123588562011726,375,1.9712886141572346,0.25245219172985217,12.403113482321917,0.0012574237619457165,-0.0012574237619457165
54.44963335990906,1.8389065265655518,0.30842480063438416,0.4994949996471405,-35.180545806884766,375,1.9754409980017633,0.2519849540280133,12.432739203072748,0.0007448396548953684,-0.0007448396548953684
54.49966073036194,1.8426377773284912,0.3060077130794525,0.49938786029815674,-34.19146728515625,375,1.9798038258383222,0.25149403658680464,12.465050774025595,0.0001343217270151549,-0.0001343217270151549
54.55592155456543,1.8464252948760986,0.3036884665489197,0.4992103576660156,-33.08135986328125,376,1.9842148050877728,0.2510691992074466,12.378132201746132,0.0005089451192095412,0.0005089451192095412
54.60603404045105,1.8502843379974365,0.3014371395111084,0.4990426003932953,-31.96661949157715,376,1.9886638596981214,0.25097339997705387,12.25735551761469,0.0008392286420778007,0.0008392286420778007
54.65601205825806,1.854244351387024,0.29924798011779785,0.49913251399993896,-30.81226921081543,376,1.9931605197927964,0.2508765756819765,12.108733577675814,0.0012704864589094967,0.0012704864589094967
54.7061071395874,1.8585336208343506,0.29693445563316345,0.4990568459033966,-29.6270751953125,376,1.9979982929760005,0.25077240637223425,12.00612345717151,0.0017776008713740307,0.0017776008713740307
54.76360201835632,1.8626577854156494,0.2947230041027069,0.49920007586479187,-28.351484298706055,376,2.0026424493634125,0.2506724061144935,11.769637177357419,0.0022691820024459157,0.0022691820024459157
54.813870668411255,1.866920828819275,0.2926042973995209,0.49914252758026123,-27.1534481048584,376,2.007347971903891,0.250571084490586,11.623574609661418,0.0029005506611583616,0.0029005506611583616
54.86371612548828,1.871669888496399,0.2903834283351898,0.4992526173591614,-25.916427612304688,377,2.0128533611713353,0.25085870715219244,11.617748512411369,0.0034312773106541213,0.0034312773106541213
54.913798093795776,1.875585913658142,0.2885335385799408,0.4993073642253876,-24.64263916015625,377,2.01717046741297,0.2511573351016225,11.310454855390791,0.0037200136346104014,0.0037200136346104014
54.982036113739014,1.885704755783081,0.2840278744697571,0.49962297081947327,-22.16278648376465,377,2.0281906922762207,0.25191963905454196,11.29747063423019,0.004673892897941788,0.004673892897941788
55.0320942401886,1.8909796476364136,0.2818145155906677,0.4998776316642761,-20.960391998291016,378,2.0343545920451302,0.2524815194157211,11.490737379018825,0.005344477631913592,0.005344477631913592
55.08243274688721,1.896368384361267,0.2797604501247406,0.5003771781921387,-19.742164611816406,378,2.0400098701573133,0.2536064241732058,11.637217405686112,0.005641244921062064,0.005641244921062064
55.13220715522766,1.901490330696106,0.277848482131958,0.5008089542388916,-18.579397201538086,378,2.0453688262806144,0.25467238682237536,11.769175778417477,0.005951301776987753,0.005951301776987753
55.18918824195862,1.906784176826477,0.27569779753685,0.5009909272193909,-17.487565994262695,378,2.050978208644884,0.25578816234798996,12.032700854683137,0.006112157231147176,0.006112157231147176
55.23933744430542,1.9116860628128052,0.27377718687057495,0.5013094544410706,-16.319215774536133,378,2.0561436285653265,0.2568156282528752,12.111265576246204,0.006316033170663707,0.006316033170663707
55.28932523727417,1.9169028997421265,0.2719384431838989,0.501529335975647,-15.159105300903322,379,2.0621083048078543,0.25843049260278506,12.411714406266956,0.0065323452351716636,0.0065323452351716636
55.33926844596863,1.9217592477798462,0.27019476890563965,0.5017445683479309,-14.071105003356934,379,2.067042592562973,0.2599060640024062,12.540744847087737,0.006405003956467579,0.006405003956467579
55.39528942108154,1.9265727996826172,0.2682237923145294,0.5016869902610779,-12.961174964904785,379,2.0720080013397206,0.2613909419710241,12.656097870402007,0.006058372901050895,0.006058372901050895
55.44537806510925,1.9311081171035767,0.26668986678123474,0.501653790473938,-11.802251815795898,379,2.076587059291731,0.2627602838672654,12.626667920786437,0.006022367737206387,0.006022367737206387
55.495373249053955,1.9359047412872314,0.2652636766433716,0.5013720989227295,-10.602882385253906,380,2.0821422034411863,0.264462366637271,12.793392016615773,0.006390255506429544,0.006390255506429544
55.54536318778992,1.9404219388961792,0.2638111412525177,0.5011981725692749,-9.457277297973633,380,2.086513502395582,0.2662139229153278,12.699578900525214,0.005863804779698596,0.005863804779698596
55.602293968200684,1.9452143907546997,0.26244792342185974,0.5010305047035217,-8.312338829040527,380,2.0911180008618864,0.26805892099944384,12.664012393175781,0.005476057037333141,0.005476057037333141
55.65234446525574,1.949454426765442,0.26119327545166016,0.5004491209983826,-7.14390754699707,380,2.095200805816508,0.2696948792637849,12.47986500381991,0.005088989488005447,0.005088989488005447
55.70235872268677,1.9546159505844116,0.26004111766815186,0.49988818168640137,-5.959129333496094,380,2.10010096040056,0.2716583451842556,12.476317638396894,0.004970578526460019,0.004970578526460019
55.752371311187744,1.9594577550888062,0.25905224680900574,0.4994747042655945,-4.731860637664795,381,2.105111924757298,0.273689545626849,12.45797056171924,0.005076999285428214,0.005076999285428214
55.823946952819824,1.96979558467865,0.25731998682022095,0.49865269660949707,-2.396278142929077,381,2.1144467066331396,0.27845090154681046,12.462855376960949,0.004478305748896631,0.004478305748896631
55.87394070625305,1.9748244285583496,0.25644049048423767,0.49806565046310425,-1.1734509468078613,381,2.1189912908988924,0.28076893998469893,12.380104725880791,0.004154011048757915,0.004154011048757915
55.92394971847534,1.9802627563476562,0.25575780868530273,0.49742889404296875,0.017975857481360435,381,2.1238791582023007,0.28326207546773585,12.413949418229642,0.004058306890203704,0.004058306890203704
55.97400498390198,1.9853886365890503,0.2551434636116028,0.49702566862106323,1.2707245349884033,382,2.1287105206451185,0.285972939684517,12.41701792206466,0.003960387660927678,0.003960387660927678
56.04279088973999,1.990759253501892,0.25466418266296387,0.49679332971572876,2.507861852645874,382,2.1331921282934063,0.2889674541786387,12.436278967613694,0.0035871372770475813,0.0035871372770475813
56.09282565116882,1.996010422706604,0.254201740026474,0.49693578481674194,3.8094587326049805,382,2.137573949852417,0.2918952937395439,12.364175742819755,0.003230687833523938,0.003230687833523938
56.14281749725342,2.0023906230926514,0.25407886505126953,0.497336745262146,5.067225933074951,382,2.1428900150967647,0.2954473749736025,12.597823059742773,0.0032169524634623092,0.0032169524634623092
56.19286584854126,2.007767915725708,0.25414130091667175,0.49760007858276367,6.354952335357666,382,2.1473674677418777,0.2984391131833622,12.564662152315027,0.003359340362068172,0.003359340362068172
56.26356530189514,2.0121500492095947,0.25433966517448425,0.4979291558265686,7.435876369476318,383,2.1510320092479125,0.3013906582723622,12.601824617018922,0.003383419045835303,0.003383419045835303
56.31367015838623,2.016043186187744,0.2546224892139435,0.4982522428035736,8.75853443145752,383,2.1540309978841776,0.303882036926978,12.209149699698797,0.0033800440178088503,0.0033800440178088503
56.3636474609375,2.020674705505371,0.25501206517219543,0.4985465109348297,10.041913986206055,383,2.157601598302289,0.30684827613118004,12.033637835289962,0.003425029748503845,0.003425029748503845
56.41365718841553,2.0258700847625732,0.25548526644706726,0.49865829944610596,11.304421424865723,383,2.1616088172270995,0.310177231624015,12.01430962708799,0.0035070362636339795,0.0035070362636339795
56.48286199569702,2.0338375568389893,0.2563434839248657,0.4983477294445038,13.849433898925781,384,2.1680679027580103,0.31569684231860484,11.47704298042904,0.003771858642002712,0.003771858642002712
56.53292918205261,2.038282871246338,0.25712472200393677,0.4980827271938324,15.083290100097658,384,2.171257030973274,0.31887542240659084,11.25528598173939,0.0036570357583926693,0.0036570357583926693
56.582966804504395,2.0422956943511963,0.2578144371509552,0.4979414641857147,16.257160186767578,384,2.1741337448641387,0.3217426214889522,10.99542635647332,0.0035385651738535965,0.0035385651738535965
56.632901430130005,2.046696424484253,0.2586975395679474,0.4977101683616638,17.37328338623047,384,2.177306013384328,0.3249043976457587,10.887807782739484,0.0035274167535863286,0.0035274167535863286
56.69946265220642,2.0504071712493896,0.2596030533313751,0.49766024947166443,18.546567916870117,384,2.1800030883958423,0.32759255200919046,10.571991770796679,0.0036671356650390327,0.0036671356650390327
56.74951696395874,2.0553934574127197,0.2609509527683258,0.4977152347564697,19.765684127807617,384,2.1836453407726926,0.33122275753842156,10.510173309806666,0.003972655974939534,0.003972655974939534
56.79955172538757,2.059779405593872,0.26242831349372864,0.49762457609176636,20.87203025817871,385,2.1869795788696615,0.33497763945241527,10.528459691279052,0.004349232084249729,0.004349232084249729
56.849565267562866,2.064436197280884,0.2640853226184845,0.49756211042404175,21.954519271850586,385,2.1901479413551805,0.3387659819181815,10.549490209771447,0.004570069010926687,0.004570069010926687
56.90598797798157,2.0690150260925293,0.2657347023487091,0.49769335985183716,23.094612121582035,385,2.1932669583423787,0.3424953230393612,10.496330426361268,0.004801342399642731,0.004801342399642731
56.95608878135681,2.0744850635528564,0.26805445551872253,0.49789130687713623,24.37982177734375,385,2.197057293161845,0.34702734436636706,10.531666634225584,0.0053886491031998164,0.0053886491031998164
57.00603151321411,2.078947067260742,0.2700337767601013,0.49802303314208984,25.450706481933597,385,2.2001651441142283,0.3507433345013331,10.542358948933341,0.005937183109033773,0.005937183109033773
57.05622434616089,2.083353042602539,0.27233898639678955,0.49841374158859253,26.490886688232425,386,2.2033264643732093,0.35527490580372045,10.763891918636844,0.006614184677647873,0.006614184677647873
57.11650514602661,2.0869243144989014,0.27418407797813416,0.49865517020225525,27.388708114624023,386,2.2055541006717676,0.3586087991252657,10.786468095933156,0.006952895276813656,0.006952895276813656
57.16671681404114,2.0956761837005615,0.2793358564376831,0.4990098178386688,29.378862380981445,386,2.211143699265885,0.3669742245922087,11.106263970819105,0.008311846248705493,0.008311846248705493
57.21665358543396,2.09964656829834,0.28165674209594727,0.49920880794525146,30.421951293945312,386,2.2136761134747682,0.370764250290679,11.108420398622437,0.008897253055606976,0.008897253055606976
57.26668381690979,2.103433609008789,0.2841677665710449,0.49950605630874634,31.47686767578125,387,2.2163207693815665,0.3754403563130485,11.317554709897724,0.009716674385164534,0.009716674385164534
57.32297945022583,2.1064164638519287,0.28612664341926575,0.49989885091781616,32.470008850097656,387,2.2179426944982805,0.37859439495511565,11.16979265767615,0.010048523604571159,0.010048523604571159
57.373059034347534,2.1097137928009033,0.28863343596458435,0.5003264546394348,33.45143127441406,387,2.2198065420936124,0.38221888247184616,11.160510354847055,0.010696717831802538,0.010696717831802538
57.42303133010864,2.1128804683685303,0.29075902700424194,0.500756561756134,34.4572639465332,387,2.2215379757511116,0.38558587432964087,11.057924593400728,0.011073118208995878,0.011073118208995878
57.47303009033203,2.116187572479248,0.2934025526046753,0.5009042024612427,35.53586578369141,387,2.2234342120869233,0.389273345850989,10.968187671292132,0.011811007098187675,0.011811007098187675
57.52811622619629,2.1192893981933594,0.29580846428871155,0.5009994506835938,36.59562683105469,387,2.2251974700095416,0.3927022240196294,10.827111142082645,0.012430318429694918,0.012430318429694918
57.578189849853516,2.122593402862549,0.298456072807312,0.5012661218643188,37.656681060791016,388,2.227533619989967,0.39798010016969804,11.105309027938981,0.013307619558059033,0.013307619558059033
57.62816071510315,2.1257126331329346,0.30090048909187317,0.5014429688453674,38.68266677856445,388,2.229012421023158,0.4016355732878356,10.980951952176063,0.013537843090392333,0.013537843090392333
57.678282499313354,2.1289217472076416,0.3033302128314972,0.5015625357627869,39.77305603027344,388,2.230516135594277,0.4053526305989282,10.808087632238326,0.01370148470355912,0.01370148470355912
57.73391270637512,2.1318359375,0.30601635575294495,0.501493513584137,40.78432083129883,388,2.231981393870578,0.40897462714878846,10.691122221157611,0.01422036421655841,0.01422036421655841
57.78406119346619,2.1352951526641846,0.3088569641113281,0.5014527440071106,41.82859802246094,388,2.2336483572872234,0.41309522202375626,10.663981011192488,0.014554146558745276,0.014554146558745276
57.83397579193115,2.1389338970184326,0.3121459484100342,0.5013738870620728,42.84601593017578,389,2.2359558216648487,0.41918211011070816,11.127196384154164,0.015510958725598822,0.015510958725598822
57.88408923149109,2.1424765586853027,0.3153250813484192,0.5012300610542297,43.858577728271484,389,2.237333351698983,0.42373361162814294,11.176963044871997,0.015610388546087185,0.015610388546087185
57.94219994544983,2.1461641788482666,0.3190346360206604,0.5013787746429443,44.91825866699219,389,2.23884133495967,0.4287161440805827,11.281313018548701,0.015996868599493994,0.015996868599493994
57.99226689338684,2.1491127014160156,0.32219552993774414,0.5015175342559814,45.87087631225586,389,2.2400831343591947,0.43281917756169214,11.287460736544347,0.01643751579390678,0.01643751579390678
58.042274951934814,2.1529228687286377,0.3263586163520813,0.5017539262771606,46.87131118774414,389,2.2417023488699495,0.4381692295533958,11.536517810932784,0.017048057975511545,0.017048057975511545
58.09226584434509,2.156689405441284,0.3305806815624237,0.5018652081489563,47.830101013183594,390,2.243460098753902,0.44524254470489066,12.21602750237924,0.017929562609381704,0.017929562609381704
58.148943185806274,2.160654306411743,0.33523282408714294,0.5019261240959167,48.78419494628906,390,2.2446512071784928,0.45123065112723887,12.64103079441819,0.018283173632228294,0.018283173632228294
58.19904828071594,2.1645703315734863,0.3396924138069153,0.5017407536506653,49.75936508178711,390,2.245808972133343,0.45705112860735364,13.006589017140241,0.018526458589685497,0.018526458589685497
58.2490394115448,2.169034719467163,0.3450827896595001,0.5013154149055481,50.73891830444336,390,2.2471711348976267,0.4638991832669393,13.602756040989895,0.018983633633892348,0.018983633633892348
58.299012660980225,2.1733036041259766,0.34990400075912476,0.5009740591049194,51.823184967041016,391,2.2480412899788864,0.4721167593989603,14.46040570722935,0.01927070288238891,0.01927070288238891
58.35636377334595,2.177027702331543,0.35431405901908875,0.5006888508796692,52.98554229736328,391,2.2484589635542593,0.4778785087964855,14.675125059267488,0.01910451287608253,0.01910451287608253
58.406439542770386,2.180325746536255,0.35844090580940247,0.5003020763397217,54.08832931518555,391,2.248841138147419,0.4831505546277781,14.83265521657138,0.019078246125046692,0.019078246125046692
58.456459045410156,2.1840713024139404,0.36309999227523804,0.49998021125793457,55.1727180480957,391,2.2492736306821963,0.48911672952754914,15.173264117049428,0.019019274362044265,0.019019274362044265
58.50652289390564,2.187589406967163,0.36778202652931213,0.49962764978408813,56.32290649414063,392,2.2495549767225573,0.497141391185491,15.802386623622251,0.019269379584010742,0.019269379584010742
58.565199851989746,2.193897247314453,0.3762417435646057,0.4990716278553009,58.81540298461914,392,2.249803803410708,0.507671691418261,15.590804613702703,0.018518327803347504,0.018518327803347504
58.61526441574097,2.1968061923980713,0.3803476095199585,0.4988299310207367,60.12265396118165,392,2.2499225689983255,0.5126978295074986,15.370552316912866,0.018269875717702454,0.018269875717702454
58.66527771949768,2.199577569961548,0.3847445249557495,0.49857059121131897,61.41123962402344,393,2.25,0.5201008669053389,15.541153442575716,0.018562538882536,0.018562538882536
58.71537375450134,2.202188491821289,0.3887944519519806,0.4983738958835602,62.75720977783203,393,2.25,0.5249011087871712,15.069274859898792,0.01803517858746948,0.01803517858746948
58.78694200515747,2.2045843601226807,0.3926943242549896,0.49831247329711914,64.13024139404297,393,2.25,0.5294693364344376,14.52742430140135,0.017629025555615206,0.017629025555615206
58.83701729774475,2.2072553634643555,0.397365927696228,0.4980408251285553,65.56422424316408,393,2.25,0.5348504723076695,14.071220190585432,0.01731223638544747,0.01731223638544747
58.88700079917908,2.2095463275909424,0.4019075036048889,0.49811625480651855,67.06007385253906,393,2.25,0.539941898531987,13.49871886172172,0.01726316862715214,0.01726316862715214
58.93711042404175,2.2118427753448486,0.4068591594696045,0.4983721375465393,68.51492309570312,394,2.25,0.5470507685248887,13.125265480965034,0.017369456112399595,0.017369456112399595
59.00528335571289,2.2138724327087402,0.411268413066864,0.49856531620025635,69.98944854736328,394,2.25,0.5519096192225152,12.364907102512925,0.01709463920655962,0.01709463920655962
59.055365324020386,2.216243267059326,0.416988730430603,0.49897369742393494,71.45220184326172,394,2.25,0.5581146324212547,11.812493203937816,0.016972137171066763,0.016972137171066763
59.105432987213135,2.218250274658203,0.42210111021995544,0.49937188625335693,72.89595794677734,394,2.25,0.5636181571400023,11.174237603231942,0.016959719787777768,0.016959719787777768
59.15543508529663,2.220292806625366,0.42797374725341797,0.4998517334461212,74.282958984375,395,2.25,0.5714499662414129,10.746153862310788,0.01716331048800012,0.01716331048800012
59.22347569465637,2.2235827445983887,0.43769121170043945,0.5000803470611572,76.94229888916016,395,2.25,0.581720519504549,9.23732660262005,0.016762064042846574,0.016762064042846574
59.27350187301636,2.2255194187164307,0.44403383135795593,0.4999237656593323,78.22765350341797,395,2.25,0.5883630136224955,8.694016041161131,0.016694612900117083,0.016694612900117083
59.32349467277527,2.22715425491333,0.4498021900653839,0.4997856020927429,79.41908264160156,396,2.25,0.5960299767234115,8.17278680714221,0.016681453165055836,0.016681453165055836
59.37350273132324,2.228710412979126,0.45589303970336914,0.49967628717422485,80.55450439453125,396,2.25,0.602307383771662,7.507533162792831,0.01632606100840023,0.01632606100840023
59.45030117034912,2.229969024658203,0.46176740527153015,0.4994519054889679,81.62848663330078,396,2.25,0.6083144180103867,6.883004287066739,0.016217443060561863,0.016217443060561863
59.500328540802,2.2311272621154785,0.4677679240703583,0.4992579221725464,82.69300079345703,396,2.25,0.6144255994415725,6.2752128819810595,0.016228799112738848,0.016228799112738848
59.55036687850952,2.2320828437805176,0.4743470549583435,0.49932432174682617,83.48233795166016,397,2.25,0.6231108823760874,5.79874231225931,0.01604917820560803,0.01604917820560803
59.60033082962036,2.233323574066162,0.4829225242137909,0.49925702810287476,84.57035827636719,397,2.25,0.631757324641546,4.949583170332344,0.015428827567201415,0.015428827567201415
59.677276372909546,2.2353854179382324,0.4999721348285675,0.4991925060749054,86.2224349975586,398,2.25,0.6496232822061749,3.6300817560433614,0.0142293218046171,0.0142293218046171
59.72731685638428,2.2360410690307617,0.506126880645752,0.49906307458877563,86.84209442138672,398,2.25,0.6557948478549473,3.0660901967078136,0.013719073117422813,0.013719073117422813
59.7773380279541,2.2369160652160645,0.515608012676239,0.4987824559211731,87.55509948730469,398,2.25,0.665298699289302,2.4388037753337133,0.01306800640226693,0.01306800640226693
59.82732892036438,2.237726926803589,0.5248390436172485,0.4985284209251404,88.1657943725586,399,2.25,0.6748390436172436,1.8342056274414051,0.012273073196411133,0.012273073196411133
59.90531849861145,2.238142490386963,0.5329187512397766,0.49837008118629456,88.7219467163086,399,2.25,0.6829187512397699,1.2780532836914147,0.01185750961303711,0.01185750961303711
59.95539879798889,2.238579273223877,0.5424951314926147,0.4981899559497833,89.21349334716797,400,2.25,0.6924951314926062,0.786506652832031,0.011420726776123047,0.011420726776123047
60.005396604537964,2.238826036453247,0.5529245734214783,0.4980757236480713,89.61253356933594,400,2.25,0.7029245734214697,0.3874664306640567,0.01117396354675293,0.01117396354675293
60.055371046066284,2.23905086517334,0.5636386275291443,0.4979301393032074,89.95532226562501,400,2.25,0.7136386275291358,0.04467773437500512,0.010949134826660156,0.010949134826660156
60.1317880153656,2.238877534866333,0.5864433646202087,0.49788010120391846,90.4393310546875,401,2.25,0.7364433646202105,-0.4393310546874995,0.011122465133666992,0.011122465133666992
60.18185782432556,2.2387592792510986,0.5982586741447449,0.4978729784488678,90.61369323730469,402,2.25,0.7482586741447488,-0.6136932373046806,0.011240720748901367,0.011240720748901367
60.23180174827576,2.2385401725769043,0.6101974844932556,0.4979163408279419,90.71118927001955,402,2.25,0.7601974844932577,-0.7111892700195261,0.011459827423095703,0.011459827423095703
60.2818546295166,2.23848819732666,0.6221258044242859,0.4979607164859772,90.78932189941406,403,2.25,0.772125804424288,-0.7893218994140603,0.011511802673339844,0.011511802673339844
60.338223695755005,2.23850679397583,0.6339778900146484,0.4981304705142975,90.86285400390625,403,2.25,0.7839778900146506,-0.8628540039062658,0.011493206024169922,0.011493206024169922
60.38825988769531,2.238478660583496,0.6474926471710205,0.4982142746448517,90.8901596069336,404,2.25,0.7974926471710226,-0.8901596069335844,0.011521339416503906,0.011521339416503906
60.438291788101196,2.2386345863342285,0.6602088212966919,0.4983557164669037,90.93475341796875,404,2.25,0.810208821296694,-0.9347534179687343,0.011365413665771484,0.011365413665771484
60.48826003074646,2.2388155460357666,0.6722003817558289,0.49853038787841797,90.92378997802734,405,2.25,0.822200381755831,-0.9237899780273469,0.011184453964233398,0.011184453964233398
60.5453200340271,2.2390642166137695,0.6827102899551392,0.4985450506210327,90.86781311035156,405,2.25,0.8327102899551413,-0.8678131103515588,0.010935783386230469,0.010935783386230469
60.595882415771484,2.239112615585327,0.6935971975326538,0.4985279440879822,90.79338073730469,406,2.25,0.8435971975326562,-0.7933807373046933,0.010887384414672852,0.010887384414672852
60.645365476608276,2.239351272583008,0.7054246068000793,0.4985120892524719,90.6492919921875,406,2.25,0.8554246068000825,-0.649291992187499,0.010648727416992188,0.010648727416992188
60.69539761543274,2.239305257797241,0.7176995873451233,0.4985099732875824,90.48609161376953,407,2.25,0.8676995873451272,-0.4860916137695333,0.010694742202758789,0.010694742202758789
60.75345540046692,2.2393076419830322,0.728476881980896,0.4984920620918274,90.27601623535156,407,2.25,0.8784768819808981,-0.27601623535156106,0.010692358016967773,0.010692358016967773
60.80346918106079,2.239290714263916,0.7424967288970947,0.4984966814517975,90.04154205322266,408,2.25,0.8924967288970969,-0.04154205322265207,0.010709285736083984,0.010709285736083984
60.85349988937378,2.2389962673187256,0.7572934627532959,0.49841874837875366,89.79248809814453,408,2.25,0.907293462753298,0.20751190185548324,0.011003732681274414,0.011003732681274414
60.903472661972046,2.238779067993164,0.7697626948356628,0.49847960472106934,89.51153564453125,409,2.25,0.919762694835665,0.48846435546874284,0.011220932006835938,0.011220932006835938
60.958436727523804,2.2385730743408203,0.782357931137085,0.4986695349216461,89.24457550048828,409,2.25,0.9323579311370871,0.7554244995117116,0.011426925659179688,0.011426925659179688
61.00859189033508,2.237962484359741,0.7948111891746521,0.4989777207374573,89.03543853759766,410,2.25,0.9448111891746542,0.9645614624023577,0.012037515640258789,0.012037515640258789
61.05861854553223,2.2375807762145996,0.8078325390815735,0.4991890490055084,88.82991027832031,410,2.25,0.9578325390815756,1.1700897216796882,0.01241922378540039,0.01241922378540039
61.10855031013489,2.2370598316192627,0.8207754492759705,0.4996991455554962,88.73540496826172,411,2.25,0.9707754492759729,1.264595031738271,0.012940168380737305,0.012940168380737305
61.16685199737549,2.236067771911621,0.8444453477859497,0.5002607107162476,88.60846710205078,412,2.25,0.9944453477859536,1.391532897949227,0.013932228088378906,0.013932228088378906
61.21766400337219,2.2357702255249023,0.8565216660499573,0.5003160834312439,88.66123199462892,412,2.25,1.0065216660499592,1.3387680053710986,0.014229774475097656,0.014229774475097656
61.26695704460144,2.2351670265197754,0.8692451119422913,0.5003193616867065,88.74946594238281,413,2.25,1.0192451119422932,1.2505340576171966,0.01483297348022461,0.01483297348022461
61.317240715026855,2.2348291873931885,0.8824840784072876,0.5002495646476746,88.87837982177734,413,2.25,1.0324840784072893,1.1216201782226363,0.015170812606811523,0.015170812606811523
61.3734827041626,2.234440326690674,0.8967323899269104,0.5001987814903259,89.05205535888672,414,2.25,1.0467323899269123,0.9479446411132664,0.015559673309326172,0.015559673309326172
61.42357778549194,2.2337448596954346,0.9098228216171265,0.5002279281616211,89.17643737792969,414,2.25,1.0598228216171286,0.8235626220703273,0.01625514030456543,0.01625514030456543
61.47358703613281,2.233405351638794,0.9224659204483032,0.5001139640808105,89.34789276123047,415,2.25,1.0724659204483054,0.6521072387695281,0.016594648361206055,0.016594648361206055
61.52353096008301,2.2327823638916016,0.9350482225418091,0.49990350008010864,89.47271728515625,415,2.25,1.085048222541811,0.5272827148437439,0.017217636108398438,0.017217636108398438
61.57972836494446,2.2323012351989746,0.9475274682044983,0.4995909035205841,89.53244018554688,416,2.25,1.0975274682045009,0.46755981445312367,0.01769876480102539,0.01769876480102539
61.62982439994812,2.2319416999816895,0.9598253965377808,0.49923989176750183,89.60449981689453,416,2.25,1.1098253965377844,0.39550018310546764,0.018058300018310547,0.018058300018310547
61.67980599403381,2.231189727783203,0.9719852805137634,0.49893635511398315,89.62166595458984,417,2.25,1.1219852805137678,0.37833404541015775,0.018810272216796875,0.018810272216796875
61.72982096672058,2.230773448944092,0.9840511679649353,0.4985555410385132,89.6639633178711,417,2.25,1.1340511679649377,0.3360366821289106,0.019226551055908203,0.019226551055908203
61.78847599029541,2.230168342590332,0.994179368019104,0.4982094466686249,89.67163848876953,418,2.25,1.1441793680191061,0.32836151123046414,0.01983165740966797,0.01983165740966797
61.83856558799744,2.229736566543579,1.0069626569747925,0.4977369010448456,89.68911743164062,418,2.25,1.1569626569747944,0.31088256835937883,0.0202634334564209,0.0202634334564209
61.88846731185913,2.2294182777404785,1.0179383754730225,0.49745261669158936,89.61172485351562,419,2.25,1.1679383754730244,0.3882751464843894,0.020581722259521484,0.020581722259521484
61.938432931900024,2.2290360927581787,1.0306298732757568,0.4972085952758789,89.54731750488281,419,2.25,1.1806298732757592,0.4526824951171935,0.02096390724182129,0.02096390724182129
61.99630284309387,2.228912830352783,1.0437759160995483,0.4971524477005005,89.47994232177734,420,2.25,1.193775916099551,0.5200576782226657,0.021087169647216797,0.021087169647216797
62.046457052230835,2.2285983562469482,1.0575915575027466,0.4973923861980438,89.36480712890625,420,2.25,1.207591557502749,0.6351928710937584,0.021401643753051758,0.021401643753051758
62.096373558044434,2.22879958152771,1.070493459701538,0.49757394194602966,89.319091796875,421,2.25,1.2204934597015404,0.6809082031250163,0.02120041847229004,0.02120041847229004
62.14649200439453,2.2289319038391113,1.0833913087844849,0.4977142810821533,89.25946807861328,421,2.25,1.233391308784488,0.7405319213867353,0.021068096160888672,0.021068096160888672
62.20344281196594,2.2293803691864014,1.0960761308670044,0.4979301691055298,89.2044677734375,422,2.25,1.246076130867008,0.7955322265625057,0.020619630813598633,0.020619630813598633
62.253244400024414,2.2297191619873047,1.1090853214263916,0.49814531207084656,89.18250274658203,422,2.25,1.2590853214263937,0.8174972534179723,0.020280838012695312,0.020280838012695312
62.303112268447876,2.2304224967956543,1.1219388246536255,0.49825915694236755,89.13432312011719,423,2.25,1.2719388246536252,0.8656768798827925,0.019577503204345703,0.019577503204345703
62.35322284698486,2.2308242321014404,1.134880781173706,0.49826401472091675,89.03689575195314,423,2.25,1.2848807811737002,0.9631042480468798,0.01917576789855957,0.01917576789855957
62.41012239456177,2.231670379638672,1.1476781368255615,0.4984089434146881,88.88778686523438,424,2.25,1.2976781368255534,1.1122131347656279,0.018329620361328125,0.018329620361328125
62.46030139923096,2.2319397926330566,1.160773754119873,0.4983022212982178,88.80097961425781,424,2.25,1.3107737541198656,1.1990203857421697,0.01806020736694336,0.01806020736694336
62.51027727127075,2.2325286865234375,1.1738529205322266,0.4981325566768646,88.71685028076172,425,2.25,1.3238529205322196,1.2831497192382753,0.0174713134765625,0.0174713134765625
62.56030821800232,2.232759952545166,1.1868709325790405,0.49805566668510437,88.64620971679688,425,2.25,1.3368709325790338,1.3537902832031192,0.017240047454833984,0.017240047454833984
62.61739492416382,2.233457088470459,1.2127063274383545,0.49848970770835876,88.57438659667969,426,2.25,1.3627063274383477,1.4256134033203067,0.016542911529541016,0.016542911529541016
62.66756463050842,2.233621597290039,1.2255226373672485,0.4985508322715759,88.53502655029297,427,2.25,1.3755226373672416,1.4649734497070288,0.016378402709960938,0.016378402709960938
62.71744728088379,2.234025239944458,1.2388269901275635,0.49863341450691223,88.51010131835938,427,2.25,1.3888269901275545,1.489898681640615,0.015974760055541992,0.015974760055541992
62.767507791519165,2.234067916870117,1.2520993947982788,0.49866729974746704,88.48538970947266,428,2.25,1.40209939479827,1.5146102905273524,0.015932083129882812,0.015932083129882812
62.82549238204956,2.2345242500305176,1.265108346939087,0.4986993372440338,88.48524475097656,428,2.25,1.4151083469390786,1.5147552490234428,0.015475749969482422,0.015475749969482422
62.87566113471985,2.2348382472991943,1.2778140306472778,0.4988054931163788,88.49839782714844,429,2.25,1.4278140306472755,1.501602172851577,0.015161752700805664,0.015161752700805664
62.92558550834656,2.2353997230529785,1.290995478630066,0.49914827942848206,88.59137725830078,430,2.25,1.4409954786300696,1.4086227416992048,0.014600276947021484,0.014600276947021484
62.9755916595459,2.2356061935424805,1.304604411125183,0.49955764412879944,88.59459686279297,430,2.25,1.4546044111251872,1.405403137207022,0.014393806457519531,0.014393806457519531
63.04661989212036,2.235961437225342,1.3170313835144043,0.5000209808349609,88.68603515625,431,2.25,1.4670313835144069,1.313964843749983,0.014038562774658203,0.014038562774658203
63.09669303894043,2.236056089401245,1.3264130353927612,0.5003461241722107,88.74386596679688,431,2.25,1.4764130353927638,1.256134033203112,0.013943910598754883,0.013943910598754883
63.146698236465454,2.2366795539855957,1.3448978662490845,0.500800371170044,88.82098388671875,432,2.25,1.4948978662490868,1.179016113281236,0.013320446014404297,0.013320446014404297
63.19669508934021,2.237152099609375,1.3585268259048462,0.5010206699371338,88.87309265136719,432,2.25,1.5085268259048483,1.1269073486328016,0.012847900390625,0.012847900390625
63.254493951797485,2.237659215927124,1.3721683025360107,0.5010533332824707,88.97655487060547,433,2.25,1.5221683025360129,1.0234451293945277,0.012340784072875977,0.012340784072875977
63.304569721221924,2.2383790016174316,1.3856356143951416,0.5010411739349365,88.99666595458984,433,2.25,1.535635614395144,1.0033340454101698,0.01162099838256836,0.01162099838256836
63.354546546936035,2.2390737533569336,1.3992685079574585,0.5009146928787231,89.01332092285156,434,2.25,1.5492685079574615,0.9866790771484377,0.010926246643066406,0.010926246643066406
63.40452837944031,2.240070104598999,1.4126063585281372,0.5009016990661621,89.16378784179688,434,2.25,1.562606358528141,0.8362121582031129,0.009929895401000977,0.009929895401000977
63.46454858779907,2.2417030334472656,1.4393490552902222,0.5007418394088745,89.35822296142578,435,2.25,1.589349055290224,0.6417770385742144,0.008296966552734375,0.008296966552734375
63.51466083526611,2.2427473068237305,1.452994465827942,0.5007184743881226,89.52285766601562,436,2.25,1.602994465827944,0.47714233398436534,0.007252693176269531,0.007252693176269531
63.564720153808594,2.2434937953948975,1.4671800136566162,0.5007472634315491,89.68663024902344,437,2.25,1.6171800136566188,0.31336975097656117,0.006506204605102539,0.006506204605102539
63.61471962928772,2.2444205284118652,1.4807692766189575,0.500968873500824,89.81431579589844,437,2.25,1.6307692766189599,0.18568420410155861,0.005579471588134766,0.005579471588134766
63.6729998588562,2.245056390762329,1.49508535861969,0.5010052919387817,89.94448852539062,438,2.25,1.645085358619692,0.05551147460937375,0.0049436092376708984,0.0049436092376708984
63.72305631637573,2.2458994388580322,1.509000301361084,0.5012115836143494,90.09103393554688,438,2.25,1.659000301361086,-0.09103393554685989,0.0041005611419677734,0.0041005611419677734
63.7730667591095,2.246304512023926,1.523443341255188,0.5012803077697754,90.25484466552734,439,2.25,1.6734433412551903,-0.25484466552735563,0.0036954879760742188,0.0036954879760742188
63.82308053970337,2.2467963695526123,1.5375473499298096,0.5014747977256775,90.34932708740234,439,2.25,1.6875473499298135,-0.3493270874023439,0.0032036304473876953,0.0032036304473876953
63.88104462623596,2.247083902359009,1.5502426624298096,0.5015897154808044,90.43968963623048,440,2.25,1.700242662429812,-0.439689636230464,0.002916097640991211,0.002916097640991211
63.93120265007019,2.247309446334839,1.56624174118042,0.5017296075820923,90.547119140625,441,2.25,1.716241741180422,-0.5471191406249927,0.002690553665161133,0.002690553665161133
63.98109245300293,2.2475507259368896,1.578218936920166,0.5016991496086121,90.66423034667969,441,2.25,1.728218936920168,-0.6642303466796898,0.0024492740631103516,0.0024492740631103516
64.03120112419128,2.2475173473358154,1.5957136154174805,0.5016698837280273,90.88772583007812,442,2.25,1.7457136154174824,-0.8877258300781398,0.0024826526641845703,0.0024826526641845703
64.08782029151917,2.2475178241729736,1.6098520755767822,0.5016822814941406,91.0993881225586,442,2.25,1.7598520755767844,-1.0993881225585833,0.002482175827026367,0.002482175827026367
64.13797378540039,2.247095823287964,1.6245648860931396,0.5016835927963257,91.25325012207031,443,2.25,1.7745648860931418,-1.253250122070299,0.002904176712036133,0.002904176712036133
64.1878924369812,2.2467916011810303,1.6389378309249878,0.5016311407089233,91.38306427001953,443,2.25,1.7889378309249897,-1.3830642700195448,0.0032083988189697266,0.0032083988189697266
64.23808121681213,2.246242046356201,1.6539676189422607,0.5013195872306824,91.48580169677734,444,2.25,1.8039676189422635,-1.485801696777341,0.003757953643798828,0.003757953643798828
64.29592227935791,2.245817184448242,1.6677911281585693,0.5009421110153198,91.49658203125,445,2.25,1.8177911281585728,-1.4965820312499976,0.0041828155517578125,0.0041828155517578125
64.3460578918457,2.245408058166504,1.6794623136520386,0.5005252361297607,91.50161743164062,445,2.25,1.8294623136520425,-1.501617431640623,0.004591941833496094,0.004591941833496094
64.39607739448547,2.244830369949341,1.6941229104995728,0.49973756074905396,91.37570190429688,446,2.25,1.844122910499575,-1.3757019042968737,0.00516963005065918,0.00516963005065918
64.44613742828369,2.244659185409546,1.708297610282898,0.4990609586238861,91.27294158935547,446,2.25,1.8582976102829,-1.2729415893554827,0.0053408145904541016,0.0053408145904541016
64.5047562122345,2.244375705718994,1.7212053537368774,0.49842455983161926,91.22000122070312,447,2.25,1.8712053537368796,-1.220001220703121,0.005624294281005859,0.005624294281005859
64.55600833892822,2.2445485591888428,1.7363771200180054,0.49757713079452515,91.19667053222656,447,2.25,1.8863771200180077,-1.1966705322265803,0.0054514408111572266,0.0054514408111572266
64.60490560531616,2.244580030441284,1.7510793209075928,0.49696454405784607,91.1464614868164,448,2.25,1.9010793209075951,-1.146461486816418,0.00541996955871582,0.00541996955871582
64.65484571456909,2.2449934482574463,1.7651686668395996,0.4964520037174225,91.11371612548828,448,2.25,1.9151686668396017,-1.1137161254882695,0.005006551742553711,0.005006551742553711
64.71322536468506,2.245443344116211,1.7790428400039673,0.49602848291397095,91.09131622314453,449,2.25,1.9290428400039703,-1.0913162231445317,0.0045566558837890625,0.0045566558837890625
64.76332831382751,2.2457540035247803,1.7929236888885498,0.49569952487945557,91.11480712890625,450,2.25,1.9429236888885535,-1.1148071289062345,0.0042459964752197266,0.0042459964752197266
64.81339883804321,2.2460970878601074,1.8074880838394165,0.4955926239490509,91.15374755859375,450,2.25,1.9574880838394206,-1.1537475585937569,0.003902912139892578,0.003902912139892578
64.86333465576172,2.2465033531188965,1.8214213848114014,0.4956595003604889,91.17301177978516,451,2.25,1.9714213848114015,-1.1730117797851416,0.0034966468811035156,0.0034966468811035156
64.92230296134949,2.2469584941864014,1.8503459692001343,0.4961577355861664,91.16044616699219,452,2.2503916424252473,2.00033314815463,-1.3100550015771568,0.0030414954448195024,0.0030414954448195024
64.97240972518921,2.24688458442688,1.8659367561340332,0.49664902687072754,91.27593231201172,452,2.2510432095180413,2.015902604990455,-1.674493310365984,0.0031153401979039114,0.0031153401979039114
65.02234697341919,2.24650239944458,1.8785336017608643,0.49709683656692505,91.30301666259766,453,2.2524051744679574,2.028401550062262,-2.2224561981196067,0.0034971502242814715,0.0034971502242814715
65.07238984107971,2.246218681335449,1.8915141820907593,0.4976889491081238,91.31393432617188,454,2.253859599439845,2.041274415984384,-2.790226216102948,0.003780063535278107,0.003780063535278107
65.13007855415344,2.2454371452331543,1.9054746627807617,0.4983018636703491,91.36396026611328,454,2.256623481418485,2.0549558442835956,-3.901065312278537,0.004558382092084972,0.004558382092084972
65.18026089668274,2.2448103427886963,1.9192328453063965,0.49890807271003723,91.32744598388672,455,2.259749565315544,2.0683312348156377,-5.068699011246147,0.0051785975135112605,0.0051785975135112605
65.23024010658264,2.2438371181488037,1.9358230829238892,0.4996597170829773,91.31539916992188,455,2.265082322424562,2.084041030671123,-7.125688430827212,0.006131220322690222,0.006131220322690222
65.28023743629456,2.2428550720214844,1.9529163837432861,0.5004079341888428,91.20428466796875,456,2.2716083431633938,2.099799906392333,-9.573158550844727,0.007068845549153508,0.007068845549153508
65.33888053894043,2.241868019104004,1.9663090705871582,0.5009583830833435,91.01910400390625,457,2.2770971134369176,2.1119889723519054,-11.555959691985846,0.00799485521022637,0.00799485521022637
65.38929033279419,2.241269826889038,1.9773064851760864,0.5013534426689148,90.76380920410156,457,2.282467860746465,2.1215597015581498,-13.448308484072108,0.008517104376193211,0.008517104376193211
65.43902921676636,2.2406883239746094,1.9881494045257568,0.5017780065536499,90.44461822509766,457,2.2877631580596622,2.1309959780631114,-15.252665869459655,0.009002411982558831,0.009002411982558831
65.4889886379242,2.240111827850342,2.002816677093506,0.5022605657577515,89.94256591796875,458,2.295606644996971,2.1428635437022696,-17.75211150268727,0.010001535344393341,0.010001535344393341
65.54618000984192,2.2399117946624756,2.0141549110412598,0.5026496052742004,89.33943176269531,458,2.3020147574100664,2.1521914040280015,-19.578230180958272,0.010517197748690086,0.010517197748690086
65.59630846977234,2.2396719455718994,2.024914264678955,0.502831220626831,88.55805969238281,459,2.308365891787688,2.159835062832553,-21.075604129969815,0.011786757590392846,0.011786757590392846
65.64624309539795,2.2398838996887207,2.0351226329803467,0.502856433391571,87.63787841796875,459,2.315084887910983,2.167496609529447,-22.535180019581095,0.012483567266103394,0.012483567266103394
65.69650673866272,2.2402570247650146,2.0449624061584473,0.502712607383728,86.48041534423828,460,2.320842038420488,2.173832703718175,-23.383022352750015,0.013553232290219203,0.013553232290219203
65.75611615180969,2.241075277328491,2.053558588027954,0.5024551153182983,85.15553283691406,460,2.3271337117349975,2.1796626000873824,-24.103905533173705,0.014268934367776157,0.014268934367776157
65.8062756061554,2.2424628734588623,2.062197208404541,0.5019415020942688,83.62613677978516,460,2.333538454875493,2.185597267530203,-24.658218134874215,0.014425788668671974,0.014425788668671974
65.8561623096466,2.2440621852874756,2.070350170135498,0.5014311671257019,81.87985229492188,461,2.3381843276827436,2.18988648758555,-24.416891098261612,0.01505712561245134,0.01505712561245134
65.90616822242737,2.245988607406616,2.076639413833618,0.5009192228317261,80.02839660644533,461,2.343380085883141,2.1938922495523254,-24.038447694606067,0.015147634794100535,0.015147634794100535
65.97654891014099,2.250378370285034,2.087448835372925,0.5000281929969788,75.96569061279297,461,2.3525841538869403,2.200988289076723,-22.589584704728658,0.014294115506322182,0.014294115506322182
66.02663087844849,2.2532410621643066,2.0927236080169678,0.4995582699775696,73.8339614868164,461,2.357258590641928,2.2045921290259716,-21.78464955781945,0.013224773354346691,0.013224773354346691
66.07658004760742,2.2562952041625977,2.0983757972717285,0.49911290407180786,71.57906341552734,462,2.3615259203121712,2.2073834850930716,-20.669704008728345,0.012940067407229056,0.012940067407229056
66.12663197517395,2.2594571113586426,2.1033918857574463,0.49905046820640564,69.36083221435547,462,2.3664824123315524,2.210534234255979,-19.764085552993894,0.012054206608177931,0.012054206608177931
66.19845628738403,2.2617034912109375,2.1076860427856445,0.49896323680877686,67.06999206542969,462,2.3705667163743795,2.213130549854527,-18.555241868139884,0.01170299175109261,0.01170299175109261
66.24849557876587,2.264718532562256,2.112790584564209,0.4989820718765259,64.7264175415039,462,2.375540716221533,2.2162924284157026,-17.528609378736558,0.01098433237660646,0.01098433237660646
66.29857087135315,2.267648458480835,2.1183536052703857,0.4989122748374939,62.46108627319337,463,2.380044867187274,2.2189942041244497,-16.444566245183218,0.010983760733312387,0.010983760733312387
66.34851264953613,2.2710702419281006,2.1244311332702637,0.4988245666027069,60.24553680419922,463,2.386313136791469,2.22208537260889,-15.834348588709119,0.010889362668274196,0.010889362668274196
66.41926956176758,2.276747226715088,2.135317325592041,0.4989628493785858,55.72831726074219,463,2.39734211144276,2.227524261011989,-14.142987901936088,0.01107516855879409,0.01107516855879409
66.4693169593811,2.279651403427124,2.1403400897979736,0.4989081919193268,53.58321762084961,464,2.4016170636087164,2.2295944912526395,-13.090492582597072,0.01132164466112856,0.01132164466112856
66.51934289932251,2.2823848724365234,2.1453051567077637,0.49860650300979614,51.53493118286133,464,2.406924272747158,2.2314999738931807,-12.385493700865258,0.01178310224056118,0.01178310224056118
66.56935238838196,2.2853152751922607,2.1496827602386475,0.49821850657463074,49.53666305541992,464,2.4118807875113566,2.2332795443970745,-11.643309581042093,0.011764886611110522,0.011764886611110522
66.63919353485107,2.2878408432006836,2.1533777713775635,0.49795541167259216,47.683021545410156,464,2.416092199604172,2.234791595726821,-10.857188900695695,0.011703274287357278,0.011703274287357278
66.68926692008972,2.290371894836426,2.157384157180786,0.49779435992240906,45.93587112426758,464,2.4205480282611824,2.2363914015633126,-10.238906473449939,0.01179461407268268,0.01179461407268268
66.73936367034912,2.2933382987976074,2.161555528640747,0.4977320730686188,44.30553436279297,464,2.424840229828469,2.237932459276099,-9.694590281692099,0.011832879322845196,0.011832879322845196
66.78923177719116,2.296356439590454,2.1650431156158447,0.4978947639465332,42.84878921508789,465,2.4284122347551755,2.238860345405031,-9.07979082320595,0.012039491397880582,0.012039491397880582
66.84751677513123,2.2991244792938232,2.169005870819092,0.4977874457836151,41.55274963378906,465,2.4330525362123097,2.2400657388589833,-8.878939874182615,0.012486625228904813,0.012486625228904813
66.89769434928894,2.3020925521850586,2.1721763610839844,0.4979342818260193,40.298805236816406,465,2.4372449176052005,2.2411547778221075,-8.615253675733785,0.012287716272763061,0.012287716272763061
66.94758296012878,2.3048949241638184,2.175791025161743,0.4977104961872101,39.13359069824219,465,2.441654315376572,2.242300190304159,-8.491691325967187,0.012479797944247658,0.012479797944247658
66.99756741523743,2.307887554168701,2.1788463592529297,0.49738577008247375,38.02912521362305,465,2.4457787142899234,2.243371569717235,-8.361076283302687,0.01218611592799788,0.01218611592799788
67.06674432754517,2.314713716506958,2.1855883598327637,0.496574342250824,35.974090576171875,466,2.453872834303407,2.2450115195598936,-8.168641241511422,0.012351700306473031,0.012351700306473031
67.11682224273682,2.3182151317596436,2.1887319087982178,0.4961088001728058,35.0689697265625,466,2.4585140413638844,2.2457777663025995,-8.315118886887419,0.012217716915456315,0.012217716915456315
67.16682076454163,2.3215229511260986,2.192084789276123,0.49597692489624023,34.13927459716797,466,2.4631555174172863,2.2465440574550786,-8.437538418544325,0.012352836723205916,0.012352836723205916
67.21677660942078,2.3248884677886963,2.1948845386505127,0.4958817958831787,33.31173324584961,466,2.4674678834740886,2.247256013720189,-8.587297560170562,0.012063906357570623,0.012063906357570623
67.28857803344727,2.3283820152282715,2.197671413421631,0.4959214925765991,32.44224548339844,466,2.471864257762357,2.247981839444878,-8.713334586854062,0.011681489384882376,0.011681489384882376
67.33861470222473,2.3313891887664795,2.2008438110351562,0.4959701895713806,31.61251831054688,467,2.4750484543304845,2.2483645892942272,-8.604089651076194,0.012411224670324555,0.012411224670324555
67.38864636421204,2.335141181945801,2.2038822174072266,0.4962773621082306,30.77034950256348,467,2.4798750392812647,2.2486809403854733,-8.855090799596697,0.01245829392114224,0.01245829392114224
67.43860054016113,2.3386130332946777,2.20729923248291,0.4964926242828369,29.98069763183594,467,2.484710932309886,2.2489979015603736,-9.161464280699906,0.01295021111521255,0.01295021111521255
67.51318693161011,2.3418033123016357,2.2098846435546875,0.4968257546424866,29.15018653869629,467,2.4888160772708923,2.249266966976476,-9.26134898303398,0.01297986486083114,0.01297986486083114
67.56327819824219,2.3452188968658447,2.2124526500701904,0.4969870448112488,28.34086799621582,467,2.493089027714159,2.249547030944966,-9.41988928133265,0.012858882203933223,0.012858882203933223
67.6132242679596,2.35347580909729,2.21860671043396,0.49724945425987244,26.692245483398438,468,2.5021502266708686,2.2496973646809844,-9.864532957291953,0.013281130329008064,0.013281130329008064
67.66329669952393,2.3578062057495117,2.221829652786255,0.4975546896457672,25.82097434997559,468,2.5075288477814173,2.249385558147524,-10.27700172519201,0.013574301872754884,0.013574301872754884
67.73065662384033,2.3619801998138428,2.2243621349334717,0.49788400530815125,24.87445640563965,468,2.5124055259116207,2.249102849982861,-10.495250213426546,0.013390706234660226,0.013390706234660226
67.78077459335327,2.3666434288024902,2.227461814880371,0.4982237219810486,23.888704299926758,468,2.5179987103454247,2.248778604899695,-10.845083814197938,0.013393011577981073,0.013393011577981073
67.83076238632202,2.3711605072021484,2.229947805404663,0.4985862076282501,22.890775680541992,468,2.5231397432599363,2.2484805717014953,-11.07328714557688,0.012984598058549877,0.012984598058549877
67.88074588775635,2.3757693767547607,2.232820749282837,0.49900469183921814,21.884096145629883,469,2.5270030583165637,2.247936176350105,-10.973633790503017,0.013782513833966229,0.013782513833966229
67.94879794120789,2.380537271499634,2.235130786895752,0.49933913350105286,20.79793357849121,469,2.532232249587304,2.2471539554175015,-11.114865751115667,0.013662926234689274,0.013662926234689274
67.998948097229,2.384882926940918,2.237839937210083,0.49972832202911377,19.72987174987793,469,2.53726189088503,2.2464015846391403,-11.228234939752591,0.014059781256971753,0.014059781256971753
68.04894232749939,2.389573812484741,2.2399606704711914,0.5001416802406311,18.70025444030762,469,2.5423402690826093,2.245641923436451,-11.391331618204031,0.0137997169100472,0.0137997169100472
68.09887027740479,2.394186019897461,2.242595911026001,0.500386655330658,17.59895133972168,469,2.5475736077193467,2.244859082110305,-11.517875431925194,0.013998777308767956,0.013998777308767956
68.16434979438782,2.4026942253112793,2.2462358474731445,0.5007964968681335,15.680709838867188,470,2.554915832671857,2.2431271962479715,-11.290450564361626,0.014752020789791095,0.014752020789791095
68.21443915367126,2.407811403274536,2.2488160133361816,0.5009872317314148,14.515544891357422,470,2.560437255113578,2.2417818108788157,-11.396427177778959,0.015328457915129346,0.015328457915129346
68.26442837715149,2.412645101547241,2.250659465789795,0.5012654662132263,13.437235832214355,470,2.5654580337891493,2.2405584155955927,-11.474185020123173,0.015329728733345729,0.015329728733345729
68.3144428730011,2.417736768722534,2.2529208660125732,0.5012671947479248,12.288664817810059,470,2.570851588609157,2.2392441872750517,-11.566601024857421,0.015605154374929882,0.015605154374929882
68.38420009613037,2.4217116832733154,2.2544376850128174,0.5012295842170715,11.181471824645996,471,2.5734883118858214,2.2384970462572773,-11.071758751792318,0.016231239491533402,0.016231239491533402
68.43428206443787,2.4269168376922607,2.256491184234619,0.5010592937469482,10.000960350036621,471,2.578753897753738,2.236695773017826,-11.133566965183896,0.016790267499896133,0.016790267499896133
68.48436951637268,2.4320616722106934,2.2578125,0.5009706616401672,8.885078430175781,471,2.5837896158264644,2.23497313389782,-11.206528485724007,0.016674750675267008,0.016674750675267008
68.53425240516663,2.4373579025268555,2.2598111629486084,0.5008891224861145,7.7634010314941415,471,2.5891257002238066,2.2331477442318852,-11.344257653192418,0.017132391944047445,0.017132391944047445
68.60294604301453,2.44279408454895,2.2610270977020264,0.5008872747421265,6.691662788391113,471,2.5944036336045553,2.231342247104533,-11.516680488741358,0.016827328532400206,0.016827328532400206
68.65298342704773,2.4479897022247314,2.262089252471924,0.5010234117507935,5.586055278778077,472,2.5978094582839266,2.229915242224704,-11.262667558850605,0.01719702333765603,0.01719702333765603
68.70302748680115,2.454554319381714,2.263538360595703,0.5012434124946594,4.489912986755371,472,2.6038398424815172,2.2269413858404508,-11.761574445043104,0.017406965432825404,0.017406965432825404
68.75291752815247,2.460498332977295,2.2643167972564697,0.5013307332992554,3.426623582839966,472,2.609222036506351,2.2242871814750913,-12.12330126260365,0.01708183675410278,0.01708183675410278
68.82331085205078,2.4700968265533447,2.2657060623168945,0.5013507604598999,1.2106537818908691,472,2.617932643643976,2.2199915854072167,-12.21177213511275,0.01666316662742764,0.01666316662742764
68.87339305877686,2.4759600162506104,2.2662353515625,0.5012610554695129,0.09236203879117966,473,2.6214887065265455,2.217874483204739,-12.069591616900334,0.017107517901351437,0.017107517901351437
68.9233717918396,2.4812545776367188,2.2659828662872314,0.501181423664093,-1.0444120168685913,473,2.6259677154104373,2.215121483035171,-12.17253187823724,0.016427098574858686,0.016427098574858686
68.9733464717865,2.4866721630096436,2.265871286392212,0.5010940432548523,-2.1479780673980717,473,2.6305589618218472,2.2122994966366627,-12.340567084385915,0.015869556168110786,0.015869556168110786
69.04587459564209,2.4915690422058105,2.2652595043182373,0.5010348558425903,-3.240290403366089,473,2.634680506473029,2.2097662100507858,-12.389453516362995,0.014884248757955064,0.014884248757955064
69.09591269493103,2.496844530105591,2.2642083168029785,0.500819981098175,-4.332854747772217,473,2.639098904449744,2.207050464068932,-12.518887270864877,0.013464382317497326,0.013464382317497326
69.1459128856659,2.5022470951080322,2.263258934020996,0.500640332698822,-5.463019371032715,474,2.642085097238662,2.204906819703186,-12.219305510192296,0.013121004486836738,0.013121004486836738
69.19593930244446,2.507240056991577,2.261753559112549,0.5004677772521973,-6.5295305252075195,474,2.6461416430409503,2.2018761733431496,-12.284664784405692,0.011882308030625226,0.011882308030625226
69.26628541946411,2.5173323154449463,2.2588250637054443,0.500230073928833,-8.725974082946777,474,2.6543358349507686,2.195754290565215,-12.376958248797797,0.00951356740651664,0.00951356740651664
69.31631088256836,2.5226683616638184,2.2573370933532715,0.5001238584518433,-9.865835189819336,474,2.6586655266961206,2.1925195768043766,-12.445723633993449,0.008334488188881238,0.008334488188881238
69.36636662483215,2.527665376663208,2.2553107738494873,0.49995699524879456,-10.964954376220703,475,2.6620536735490927,2.189637814905146,-12.340461172364092,0.007146283389739836,0.007146283389739836
69.41630148887634,2.5330398082733154,2.2535159587860107,0.49999764561653137,-12.039652824401857,475,2.666209361564901,2.1859022528924594,-12.513972424521398,0.00616167837834914,0.00616167837834914
69.48619055747986,2.5380496978759766,2.2511935234069824,0.4999319911003113,-13.100341796875,475,2.6701547089744424,2.1823557667621554,-12.638822113696689,0.0046378100268364515,0.0046378100268364515
69.53620195388794,2.5433874130249023,2.2490835189819336,0.49976980686187744,-14.177164077758789,475,2.6743180794858583,2.1786132989281835,-12.812448061423002,0.003375098197371082,0.003375098197371082
69.58638715744019,2.548380136489868,2.2466177940368652,0.49978023767471313,-15.249194145202638,475,2.678266570162841,2.1750639873041453,-12.924694503171201,0.0017502596195436422,0.0017502596195436422
69.63633418083191,2.5533652305603027,2.2441518306732178,0.49973732233047485,-16.291898727416992,476,2.6817473840256465,2.171108711104625,-13.111183970251634,0.0006049465119831144,0.0006049465119831144
69.70120739936829,2.55879807472229,2.242017984390259,0.4998376965522766,-17.377117156982422,476,2.685567947499598,2.166752193415526,-13.38025204636741,0.0001516180902495211,-0.0001516180902495211
69.75136137008667,2.5634982585906982,2.2399423122406006,0.49988603591918945,-18.51578712463379,476,2.688909184214925,2.16294224314169,-13.426281282186807,0.0010091115251481047,-0.0010091115251481047
69.80135536193848,2.569169759750366,2.237837314605713,0.5001266002655029,-19.69345283508301,476,2.692878408673824,2.158416210087902,-13.654908356589015,0.001662204298511147,-0.001662204298511147
69.8512716293335,2.5740809440612793,2.2356784343719482,0.5004176497459412,-20.916357040405273,477,2.6963082648412513,2.1541011666095633,-13.732455724242019,0.0023819813227561183,-0.0023819813227561183
69.91722750663757,2.584449529647827,2.2319698333740234,0.5009679198265076,-23.370088577270508,477,2.7026712645111513,2.1451324637469087,-13.902443726366723,0.0024938636996812463,-0.0024938636996812463
69.96737456321716,2.589510679244995,2.2301340103149414,0.5013335347175598,-24.592416763305664,477,2.7057819761113437,2.140747888942431,-13.962869543424247,0.002567771395388452,-0.002567771395388452
70.01729083061218,2.5943119525909424,2.228771448135376,0.5015419721603394,-25.82341766357422,477,2.708662071971608,2.1366883690105243,-13.918056917004114,0.0023007597818497393,-0.0023007597818497393
70.06736636161804,2.5990328788757324,2.227017402648926,0.5017930269241333,-27.111003875732425,478,2.7114148617712046,2.1321359498902264,-13.83806197005686,0.001990537441096439,-0.001990537441096439
70.13632106781006,2.603065252304077,2.2255406379699707,0.5020942687988281,-28.420381546020508,478,2.7135559004821204,2.1284524308611066,-13.485146483984643,0.0015395688072272844,-0.0015395688072272844
70.18659043312073,2.6074719429016113,2.224329948425293,0.5021452903747559,-29.73395347595215,478,2.7158062720996576,2.1245808116168914,-13.177674115874842,0.0007048019508424008,-0.0007048019508424008
70.23642659187317,2.6118342876434326,2.2225167751312256,0.502272367477417,-31.001052856445312,478,2.7181703223614444,2.1205136155962445,-12.967707763454417,0.00041194496488777994,-0.00041194496488777994
70.28640413284302,2.616955280303955,2.2204606533050537,0.5021920800209045,-32.321903228759766,478,2.720929448258836,2.1157667174224914,-12.879982612766879,1.0954669507319837e-05,-1.0954669507319837e-05
70.3532464504242,2.6203091144561768,2.218878746032715,0.5022474527359009,-33.621952056884766,479,2.7226255570277,2.112492137547305,-12.405878526904559,0.00023036264900710244,0.00023036264900710244
70.4035713672638,2.6253421306610107,2.216754913330078,0.5024603009223938,-34.91557693481445,479,2.7249071908687443,2.1075945711041455,-12.319197769424422,0.0010245169564166263,0.0010245169564166263
70.45343351364136,2.6299102306365967,2.2142367362976074,0.5027741193771362,-36.225730895996094,479,2.7271087192163206,2.1028689524861206,-12.174476299755417,0.0012546122288208793,0.0012546122288208793
70.50333714485168,2.634969472885132,2.2117233276367188,0.5031154155731201,-37.44757080078125,479,2.7294859884938547,2.097766102926932,-12.210929052114802,0.0017288450083251471,0.0017288450083251471
70.573814868927,2.6445541381835938,2.2060112953186035,0.5035222172737122,-39.904232025146484,480,2.733693097364195,2.0876485276438883,-12.231472277079742,0.002278038074218345,0.002278038074218345
70.6239058971405,2.649444341659546,2.2025389671325684,0.5038418173789978,-41.013851165771484,480,2.735624372630027,2.081959174173119,-12.503923588702023,0.002401226297886016,0.002401226297886016
70.67389297485352,2.6546897888183594,2.199090003967285,0.5042269229888916,-42.14823532104492,480,2.7376428108820225,2.076013046825199,-12.814331645583028,0.0027398575362147137,0.0027398575362147137
70.72388815879822,2.659342050552368,2.1954450607299805,0.5044853091239929,-43.225616455078125,480,2.739545964609398,2.070406536735305,-13.09792076033108,0.002589935943210778,0.002589935943210778
70.79316711425781,2.6638500690460205,2.191708564758301,0.5044524669647217,-44.401771545410156,481,2.7410194844201974,2.064995672230424,-13.237249470699018,0.002638846081835312,0.002638846081835312
70.84325122833252,2.6688690185546875,2.1880569458007812,0.5044944286346436,-45.42680358886719,481,2.7423328291343947,2.0589650857099344,-13.683716047814881,0.0032300135208932403,0.0032300135208932403
70.89320182800293,2.673149585723877,2.184079885482788,0.5043125152587891,-46.49872589111328,481,2.7435756382662904,2.0532583828791156,-14.00520487635608,0.0031136834607145055,0.0031136834607145055
70.94320154190063,2.6778218746185303,2.180011034011841,0.5040316581726074,-47.617435455322266,481,2.7448934746681615,2.047207171528873,-14.363156787238257,0.0031773138530876476,0.0031773138530876476
71.01262283325195,2.6817073822021484,2.1759326457977295,0.5035869479179382,-48.70100402832031,482,2.745873528144033,2.0420543193338387,-14.513757482970087,0.003050697802417468,0.003050697802417468
71.06271743774414,2.6854326725006104,2.1717731952667236,0.5031130909919739,-49.77265548706055,482,2.746561985299117,2.0365253394723575,-14.712930884869786,0.003088614129972754,0.003088614129972754
71.11266160011292,2.69055438041687,2.1665830612182617,0.5027587413787842,-50.83839797973633,482,2.7474595174671825,2.0293172841189997,-15.30603037601519,0.0034711379302678007,0.0034711379302678007
71.16268801689148,2.693971633911133,2.162663459777832,0.5026348233222961,-51.93255615234376,482,2.7481006967569512,2.0241679914512587,-15.396954404809575,0.0034335491157956918,0.0034335491157956918
71.23553991317749,2.701570987701416,2.1539692878723145,0.5023735165596008,-54.27775573730469,483,2.7490502881311154,2.0130771193654295,-15.530604397324481,0.004069134271591426,0.004069134271591426
71.28568696975708,2.705777645111084,2.149163246154785,0.5025110840797424,-55.51188278198242,483,2.7493642883408502,2.006724368458452,-15.679463850924307,0.004664386567039148,0.004664386567039148
71.3355827331543,2.7093911170959473,2.1443965435028076,0.5026869773864746,-56.84800338745117,483,2.7496597406309164,2.000746873076293,-15.644255405410114,0.0048115663052768045,0.0048115663052768045
71.38561129570007,2.7134203910827637,2.13944673538208,0.5029208660125732,-58.17060089111328,483,2.749974463060796,1.9943795104444224,-15.705476056571396,0.005171304095656414,0.005171304095656414
71.45953869819641,2.7169244289398193,2.1344869136810303,0.5030808448791504,-59.626026153564446,484,2.75,1.9888129207981164,-15.3805484081193,0.005737526895064451,0.005737526895064451
71.50961446762085,2.7205426692962646,2.1295695304870605,0.5033038854598999,-61.07849121093749,484,2.75,1.9827302807580056,-15.154358367688003,0.006333263004582055,0.006333263004582055
71.55970978736877,2.7234745025634766,2.1247823238372803,0.5034145712852478,-62.55601119995117,484,2.75,1.9771061030952328,-14.809454103458277,0.006418245748610265,0.006418245748610265
71.60958766937256,2.7266781330108643,2.1201679706573486,0.5033716559410095,-64.02628326416016,484,2.75,1.9714948106136239,-14.467121606728826,0.006804292084893622,0.006804292084893622
71.68278360366821,2.732112169265747,2.110349178314209,0.5036959052085876,-66.9838638305664,485,2.75,1.9609231433411318,-13.363397706061212,0.007420619659489554,0.007420619659489554
71.73295283317566,2.735198497772217,2.105363607406616,0.5041289329528809,-68.48292541503906,485,2.75,1.9550935602600301,-12.835794503302347,0.008049512243636071,0.008049512243636071
71.782874584198,2.7378995418548584,2.1002840995788574,0.5046549439430237,-69.98965454101562,485,2.75,1.9493416237617662,-12.285354702867012,0.008298805288402468,0.008298805288402468
71.832852602005,2.740602493286133,2.0954644680023193,0.5049962997436523,-71.44966125488281,485,2.75,1.943862855331906,-11.733681221405952,0.008662920527289997,0.008662920527289997
71.9025707244873,2.7425537109375,2.091047763824463,0.5051563382148743,-72.83721923828125,486,2.75,1.9400034471751704,-10.829455211161651,0.009261220103279868,0.009261220103279868
71.95272040367126,2.744856357574463,2.085716724395752,0.5048695206642151,-74.24068450927734,486,2.75,1.9342151638148297,-10.15005134881571,0.009689328095649633,0.009689328095649633
72.0027289390564,2.7463526725769043,2.0804738998413086,0.5045552849769592,-75.56939697265625,486,2.75,1.9287696005862598,-9.501435465051157,0.009401220194612356,0.009401220194612356
72.05272674560547,2.7477869987487793,2.0751821994781494,0.5040578842163086,-76.80427551269531,486,2.75,1.9232976810383657,-8.948682790155766,0.009041187402317581,0.009041187402317581
72.12153482437134,2.749636650085449,2.064317226409912,0.5031664371490479,-79.08224487304688,487,2.75,1.9133054249127819,-7.677633764716293,0.00817251599313625,0.00817251599313625
72.17160749435425,2.7500734329223633,2.0589094161987305,0.502640962600708,-80.1567153930664,487,2.75,1.9079230303426178,-7.043583170856563,0.007448209624275242,0.007448209624275242
72.2216272354126,2.750619888305664,2.0521087646484375,0.5021910667419434,-81.06716918945312,487,2.75,1.9011549424168823,-6.6863222789527645,0.006536639439404009,0.006536639439404009
72.27171564102173,2.7508342266082764,2.0457139015197754,0.5016777515411377,-81.92340850830078,487,2.75,1.894854498698409,-6.344356154087911,0.0053941146004703585,0.0053941146004703585
72.34144926071167,2.7509820461273193,2.039086103439331,0.5012341141700745,-82.65901947021484,488,2.75,1.888739486967445,-5.9316778752070505,0.004679447620961752,0.004679447620961752
72.391606092453,2.7516355514526367,2.0307846069335938,0.5009527802467346,-83.42092132568361,488,2.75,1.8804032146012144,-5.563386312060264,0.004300992244089991,0.004300992244089991
72.44161128997803,2.7516417503356934,2.022686243057251,0.500811755657196,-84.12224578857422,488,2.75,1.8723490989540894,-5.242035100174761,0.003309664543145106,0.003309664543145106
72.49153423309326,2.7518887519836426,2.013739824295044,0.500702977180481,-84.76316833496094,489,2.75,1.8636301867152698,-4.864155419470935,0.002865082403907164,0.002865082403907164
72.56001853942871,2.7519304752349854,2.005188465118408,0.5005560517311096,-85.39349365234375,489,2.75,1.8550838045115783,-4.394973685426049,0.002484638434993712,0.002484638434993712
72.61022758483887,2.7517380714416504,1.996046543121338,0.5004351139068604,-85.99122619628906,489,2.75,1.8459589082820824,-3.9692635961668277,0.0018415689331819586,0.0018415689331819586
72.66055560112,2.751737117767334,1.9842866659164429,0.5002570748329163,-86.55777740478516,490,2.75,1.834286665916441,-3.442222595214827,0.0017371177673339844,0.0017371177673339844
72.71005725860596,2.7513082027435303,1.974177598953247,0.49993520975112915,-87.02919006347656,490,2.75,1.824177598953245,-2.970809936523421,0.0013082027435302734,0.0013082027435302734
72.77194595336914,2.7504312992095947,1.9528720378875732,0.49964872002601624,-87.83638763427734,491,2.75,1.80287203788757,-2.1636123657226705,0.00043129920959472656,0.00043129920959472656
72.82201361656189,2.750014305114746,1.9420390129089355,0.4994092285633087,-88.24636840820312,492,2.75,1.7920390129089319,-1.7536315917968779,1.430511474609375e-05,1.430511474609375e-05
72.87202596664429,2.7492024898529053,1.9304540157318115,0.4991607964038849,-88.57842254638672,492,2.75,1.7804540157318074,-1.4215774536132681,0.0007975101470947266,-0.0007975101470947266
72.92199087142944,2.748450517654419,1.9183697700500488,0.49879518151283264,-88.90214538574219,493,2.75,1.7683697700500463,-1.097854614257824,0.0015494823455810547,-0.0015494823455810547
72.97923016548157,2.7475457191467285,1.9069368839263916,0.4985010325908661,-89.1294937133789,493,2.75,1.7569368839263892,-0.8705062866210922,0.0024542808532714844,-0.0024542808532714844
73.02932143211365,2.7466366291046143,1.8955191373825073,0.49839314818382263,-89.28507995605469,493,2.75,1.7455191373825052,-0.7149200439453124,0.003363370895385742,-0.003363370895385742
73.07928442955017,2.7457573413848877,1.8812382221221924,0.4983174502849579,-89.39217376708984,494,2.75,1.7312382221221905,-0.6078262329101536,0.004242658615112305,-0.004242658615112305
73.12929677963257,2.744812250137329,1.868245005607605,0.4983861744403839,-89.51394653320314,495,2.75,1.718245005607603,-0.48605346679686723,0.0051877498626708984,-0.0051877498626708984
73.20064425468445,2.7440218925476074,1.8568141460418701,0.49844425916671753,-89.59757995605469,495,2.75,1.706814146041868,-0.40242004394531905,0.005978107452392578,-0.005978107452392578
73.25068593025208,2.7432913780212402,1.8446608781814575,0.49859365820884705,-89.66584777832031,495,2.75,1.694660878181455,-0.33415222167968445,0.006708621978759766,-0.006708621978759766
73.30072021484375,2.7424533367156982,1.831794023513794,0.49873265624046326,-89.67603302001955,496,2.75,1.6817940235137907,-0.32396697998046114,0.007546663284301758,-0.007546663284301758
73.35075068473816,2.7417664527893066,1.8181730508804321,0.49911320209503174,-89.63750457763672,497,2.75,1.6681730508804282,-0.3624954223632814,0.00823354721069336,-0.00823354721069336
73.40685868263245,2.7411656379699707,1.8048378229141235,0.49955055117607117,-89.59907531738281,497,2.75,1.6548378229141216,-0.400924682617175,0.008834362030029297,-0.008834362030029297
73.45693635940552,2.7406935691833496,1.790948510169983,0.49988770484924316,-89.54646301269531,498,2.75,1.640948510169981,-0.45353698730468983,0.00930643081665039,-0.00930643081665039
73.50689888000488,2.7400975227355957,1.7749733924865723,0.5001881122589111,-89.49150848388672,498,2.75,1.6249733924865701,-0.508491516113271,0.009902477264404297,-0.009902477264404297
73.5571014881134,2.7395946979522705,1.7604321241378784,0.5003936290740967,-89.47002410888672,499,2.75,1.610432124137876,-0.5299758911132773,0.010405302047729492,-0.010405302047729492
73.61453199386597,2.7389206886291504,1.73366379737854,0.5005478262901306,-89.33683013916016,500,2.75,1.5836637973785381,-0.6631698608398424,0.01107931137084961,-0.01107931137084961
73.66514134407043,2.7386419773101807,1.7209892272949219,0.5006066560745239,-89.23649597167969,500,2.75,1.5709892272949202,-0.7635040283203116,0.011358022689819336,-0.011358022689819336
73.71462059020996,2.7384378910064697,1.7094812393188477,0.5005558729171753,-89.1252212524414,501,2.75,1.559481239318845,-0.8747787475585993,0.011562108993530273,-0.011562108993530273
73.76460027694702,2.738294839859009,1.6969350576400757,0.5005961656570435,-88.96937561035158,501,2.75,1.5469350576400718,-1.0306243896484424,0.011705160140991211,-0.011705160140991211
73.8285722732544,2.738112449645996,1.6843613386154175,0.5005236864089966,-88.85389709472656,502,2.75,1.5343613386154151,-1.1461029052734282,0.011887550354003906,-0.011887550354003906
73.878657579422,2.7380216121673584,1.6689502000808716,0.5005432963371277,-88.75530242919922,502,2.75,1.5189502000808695,-1.2446975708007617,0.011978387832641602,-0.011978387832641602
73.92861104011536,2.737985372543335,1.657907247543335,0.5005195140838623,-88.6823959350586,503,2.75,1.507907247543333,-1.317604064941391,0.012014627456665039,-0.012014627456665039
73.97861647605896,2.737945318222046,1.6435909271240234,0.5006165504455566,-88.60820770263672,504,2.75,1.4935909271240217,-1.3917922973632648,0.012054681777954102,-0.012054681777954102
74.03911018371582,2.737963914871216,1.6293848752975464,0.5005487203598022,-88.63381958007814,504,2.75,1.4793848752975443,-1.3661804199218672,0.01203608512878418,-0.01203608512878418
74.08915710449219,2.737971544265747,1.6152970790863037,0.500588059425354,-88.69620513916016,505,2.75,1.4652970790863014,-1.303794860839831,0.01202845573425293,-0.01202845573425293
74.13915514945984,2.738023281097412,1.602036476135254,0.5005543828010559,-88.81185150146484,505,2.75,1.4520364761352518,-1.1881484985351605,0.01197671890258789,-0.01197671890258789
74.18917036056519,2.73806095123291,1.5885112285614014,0.5006013512611389,-88.9616928100586,506,2.75,1.438511228561399,-1.0383071899413865,0.011939048767089844,-0.011939048767089844
74.24732184410095,2.738065004348755,1.5751008987426758,0.5005578994750977,-89.12576293945312,506,2.75,1.425100898742672,-0.8742370605468783,0.011934995651245117,-0.011934995651245117
74.29749608039856,2.738138437271118,1.5658791065216064,0.5003839135169983,-89.29179382324219,507,2.75,1.4158791065216034,-0.708206176757812,0.011861562728881836,-0.011861562728881836
74.34749150276184,2.7382547855377197,1.551415205001831,0.5002586841583252,-89.49921417236328,507,2.75,1.401415205001836,-0.500785827636707,0.011745214462280273,-0.011745214462280273
74.39750242233276,2.7385306358337402,1.5412253141403198,0.500191330909729,-89.71987915039062,508,2.75,1.3912253141403281,-0.2801208496093578,0.011469364166259766,-0.011469364166259766
74.45582604408264,2.738812208175659,1.5256876945495605,0.4999496340751648,-89.89508819580078,508,2.75,1.375687694549569,-0.10491180419922877,0.01118779182434082,-0.01118779182434082
74.50587320327759,2.7393059730529785,1.5092943906784058,0.4997018277645111,-90.05867004394531,509,2.75,1.3592943906784136,0.05867004394532137,0.010694026947021484,-0.010694026947021484
74.55589723587036,2.7396926879882812,1.4949934482574463,0.49945706129074097,-90.16597747802734,509,2.75,1.3449934482574526,0.16597747802732876,0.01030731201171875,-0.01030731201171875
74.60598254203796,2.7403135299682617,1.4816747903823853,0.49935975670814514,-90.24725341796875,510,2.75,1.3316747903823918,0.24725341796873893,0.009686470031738281,-0.009686470031738281
74.66350197792053,2.741642475128174,1.4551899433135986,0.4992164671421051,-90.39823150634766,511,2.75,1.3051899433136056,0.39823150634764165,0.008357524871826172,-0.008357524871826172
74.71352362632751,2.7424004077911377,1.442058801651001,0.4989924728870392,-90.3958740234375,512,2.75,1.292058801651008,0.39587402343750366,0.007599592208862305,-0.007599592208862305
74.76360750198364,2.7432332038879395,1.4290555715560913,0.4988936185836792,-90.40592193603516,512,2.75,1.2790555715560996,0.40592193603515964,0.006766796112060547,-0.006766796112060547
74.81361317634583,2.744141101837158,1.415989637374878,0.49866577982902527,-90.40967559814453,513,2.75,1.265989637374886,0.40967559814451493,0.005858898162841797,-0.005858898162841797
74.87265300750732,2.744931936264038,1.4031351804733276,0.4983423948287964,-90.40995788574219,513,2.75,1.2531351804733288,0.40995788574217273,0.005068063735961914,-0.005068063735961914
74.92284178733826,2.745685338973999,1.3904043436050415,0.49792513251304626,-90.33341217041016,514,2.75,1.2404043436050392,0.3334121704101609,0.0043146610260009766,-0.0043146610260009766
74.97275924682617,2.7464511394500732,1.3778681755065918,0.49743470549583435,-90.24118041992188,514,2.75,1.2278681755065888,0.24118041992188627,0.003548860549926758,-0.003548860549926758
75.02278208732605,2.7471938133239746,1.3648743629455566,0.49709129333496094,-90.17556762695312,515,2.75,1.2148743629455532,0.17556762695311895,0.0028061866760253906,-0.0028061866760253906
75.07917261123657,2.748037815093994,1.3515982627868652,0.4968567192554474,-90.10626220703125,515,2.75,1.201598262786863,0.10626220703125697,0.0019621849060058594,-0.0019621849060058594
75.12929606437683,2.748568058013916,1.3414762020111084,0.49666592478752136,-90.0709228515625,516,2.75,1.191476202011106,0.07092285156250187,0.0014319419860839844,-0.0014319419860839844
75.17930769920349,2.7493557929992676,1.328716516494751,0.496463805437088,-90.01932525634766,516,2.75,1.1787165164947488,0.019325256347670797,0.0006442070007324219,-0.0006442070007324219
75.22934889793396,2.749962568283081,1.3160693645477295,0.49628373980522156,-89.9328384399414,517,2.75,1.1660693645477274,-0.0671615600585981,3.743171691894531e-05,-3.743171691894531e-05
75.28561472892761,2.7506825923919678,1.303154706954956,0.4961912930011749,-89.82015228271484,517,2.75,1.1531547069549541,-0.17984771728514914,0.0006825923919677734,0.0006825923919677734
75.33580493927002,2.7512035369873047,1.2912503480911255,0.49611973762512207,-89.71833038330078,518,2.75,1.1412503480911238,-0.281669616699214,0.0012035369873046875,0.0012035369873046875
75.3857889175415,2.7516930103302,1.2778154611587524,0.4960595369338989,-89.58592987060547,518,2.75,1.1278154611587503,-0.414070129394518,0.0016930103302001953,0.0016930103302001953
75.43576335906982,2.7524032592773438,1.2649431228637695,0.4959793984889984,-89.47518157958984,519,2.75,1.114943122863767,-0.5248184204101561,0.00240325927734375,0.00240325927734375
75.49475884437561,2.752963066101074,1.2536908388137817,0.49602067470550537,-89.33592224121094,519,2.75,1.1036908388137785,-0.6640777587890764,0.0029630661010742188,0.0029630661010742188
75.54506325721741,2.753594398498535,1.2393107414245605,0.4960532486438751,-89.1915054321289,520,2.75,1.0893107414245569,-0.8084945678710922,0.0035943984985351562,0.0035943984985351562
75.59486770629883,2.754117250442505,1.226534366607666,0.49616461992263794,-89.05364990234375,520,2.75,1.0765343666076643,-0.9463500976562466,0.004117250442504883,0.004117250442504883
75.64485836029053,2.7546820640563965,1.2135907411575317,0.49623361229896545,-88.94468688964844,521,2.75,1.0635907411575298,-1.0553131103515598,0.004682064056396484,0.004682064056396484
75.71379613876343,2.755758762359619,1.188506841659546,0.496661901473999,-88.80596923828125,522,2.75,1.0385068416595435,-1.194030761718759,0.005758762359619141,0.005758762359619141
75.76389861106873,2.756441354751587,1.1751625537872314,0.4970162808895111,-88.76661682128906,522,2.75,1.0251625537872293,-1.2333831787109326,0.006441354751586914,0.006441354751586914
75.81396985054016,2.756441354751587,1.1751625537872314,0.4970162808895111,-88.76661682128906,522,2.75,1.0251625537872293,-1.2333831787109326,0.006441354751586914,0.006441354751586914
75.86392307281494,2.7570011615753174,1.1623950004577637,0.49753376841545105,-88.7962875366211,523,2.75,1.0123950004577618,-1.203712463378902,0.007001161575317383,0.007001161575317383
75.93568110466003,2.758298635482788,1.1375415325164795,0.4987398087978363,-88.88196563720703,524,2.75,0.9875415325164769,-1.1180343627929659,0.008298635482788086,0.008298635482788086
75.9858226776123,2.75894832611084,1.1238858699798584,0.4992770850658417,-88.97225189208984,524,2.75,0.9738858699798548,-1.0277481079101525,0.008948326110839844,0.008948326110839844
76.03579115867615,2.759459972381592,1.1111868619918823,0.4995991587638855,-89.04761505126953,525,2.75,0.9611868619918784,-0.9523849487304585,0.009459972381591797,0.009459972381591797
76.08574748039246,2.7599003314971924,1.0983117818832397,0.5001235604286194,-89.18778228759766,525,2.75,0.9483117818832376,-0.8122177124023553,0.009900331497192383,0.009900331497192383
76.14546155929565,2.7601840496063232,1.0855849981307983,0.5005095601081848,-89.42633056640626,526,2.75,0.9355849981307962,-0.5736694335937418,0.010184049606323242,0.010184049606323242
76.1955156326294,2.7605178356170654,1.0730096101760864,0.5008420348167419,-89.63740539550781,526,2.75,0.9230096101760843,-0.3625946044921827,0.01051783561706543,0.01051783561706543
76.24554562568665,2.7612979412078857,1.060457706451416,0.5008808374404907,-89.82540893554688,527,2.75,0.9104577064514139,-0.17459106445312678,0.011297941207885742,0.011297941207885742
76.29554653167725,2.7615041732788086,1.0478806495666504,0.5009860992431641,-89.99348449707031,527,2.75,0.8978806495666483,-0.006515502929697789,0.011504173278808594,0.011504173278808594
76.37338662147522,2.7616426944732666,1.0223649740219116,0.5013453960418701,-90.27599334716797,528,2.75,0.8723649740219095,0.2759933471679665,0.011642694473266602,0.011642694473266602
76.42341446876526,2.7618911266326904,1.0096436738967896,0.5014488697052002,-90.41216278076172,529,2.75,0.8596436738967868,0.4121627807617227,0.01189112663269043,0.01189112663269043
76.47343897819519,2.7616400718688965,0.9971380233764648,0.5013246536254883,-90.54163360595703,529,2.75,0.8471380233764612,0.5416336059570247,0.011640071868896484,0.011640071868896484
76.5235071182251,2.7616794109344482,0.9846770763397217,0.5009563565254211,-90.60357666015625,530,2.75,0.8346770763397178,0.603576660156241,0.011679410934448242,0.011679410934448242
76.59320855140686,2.7614810466766357,0.9729690551757812,0.5006805658340454,-90.7156982421875,530,2.75,0.8229690551757791,0.715698242187502,0.011481046676635742,0.011481046676635742
76.64334082603455,2.7611286640167236,0.9599360227584839,0.5003656148910522,-90.81291961669922,531,2.75,0.8099360227584818,0.8129196166992382,0.011128664016723633,0.011128664016723633
76.69329166412354,2.76084041595459,0.9471616148948669,0.5003116130828857,-90.89913940429689,531,2.75,0.7971616148948648,0.89913940429687,0.010840415954589844,0.010840415954589844
76.74326539039612,2.7602670192718506,0.9347509145736694,0.5002634525299072,-90.9250259399414,532,2.75,0.7847509145736673,0.9250259399414023,0.010267019271850586,0.010267019271850586
76.80575132369995,2.759726047515869,0.922150194644928,0.5000989437103271,-90.94387817382812,532,2.75,0.7721501946449258,0.9438781738281102,0.00972604751586914,0.00972604751586914
76.85591530799866,2.7589752674102783,0.9095478653907776,0.4999580681324005,-90.99127197265625,533,2.75,0.7595478653907755,0.9912719726562688,0.00897526741027832,0.00897526741027832
76.9059157371521,2.7582104206085205,0.8968683481216431,0.499623566865921,-91.01946258544923,533,2.75,0.7468683481216409,1.0194625854492267,0.008210420608520508,0.008210420608520508
76.9559178352356,2.7572336196899414,0.8841542601585388,0.49952414631843567,-91.04057312011719,534,2.75,0.734154260158536,1.0405731201171715,0.007233619689941406,0.007233619689941406
77.01557850837708,2.7553670406341553,0.85999995470047,0.49921393394470215,-91.02397918701172,535,2.75,0.7099999547004698,1.0239791870117256,0.0053670406341552734,0.0053670406341552734
77.06574940681458,2.753955364227295,0.8455909490585327,0.49886980652809143,-91.0062026977539,535,2.75,0.6955909490585405,1.0062026977539111,0.003955364227294922,0.003955364227294922
77.11575484275818,2.7527921199798584,0.8323861360549927,0.4985584318637848,-90.96552276611328,536,2.75,0.6823861360550012,0.9655227661132785,0.0027921199798583984,0.0027921199798583984
77.16573309898376,2.7515063285827637,0.8192716836929321,0.49830925464630127,-90.8964614868164,536,2.75,0.6692716836929407,0.8964614868164081,0.0015063285827636719,0.0015063285827636719
77.22476840019226,2.7506015300750732,0.808327853679657,0.49795234203338623,-90.84925842285156,537,2.75,0.6583278536796647,0.8492584228515546,0.0006015300750732422,0.0006015300750732422
77.27492380142212,2.749279022216797,0.7945361733436584,0.4976806044578552,-90.74136352539062,537,2.75,0.6445361733436652,0.7413635253906117,0.000720977783203125,-0.000720977783203125
77.32484722137451,2.748383045196533,0.7810693383216858,0.49769914150238037,-90.62471008300781,538,2.75,0.6310693383216925,0.6247100830078057,0.0016169548034667969,-0.0016169548034667969
77.37495541572571,2.7474544048309326,0.7680917382240295,0.49769461154937744,-90.53494262695312,539,2.75,0.6180917382240363,0.5349426269531443,0.002545595169067383,-0.002545595169067383
77.43342185020447,2.7466776371002197,0.7549096941947937,0.497641384601593,-90.42018127441406,539,2.75,0.6049096941948005,0.4201812744140621,0.0033223628997802734,-0.0033223628997802734
77.48360896110535,2.7459163665771484,0.742071270942688,0.4977080523967743,-90.32250213623047,540,2.75,0.5920712709426947,0.32250213623048557,0.0040836334228515625,-0.0040836334228515625
77.53357028961182,2.745307445526123,0.7289629578590393,0.4978049099445343,-90.24366760253906,540,2.75,0.5789629578590478,0.24366760253906858,0.004692554473876953,-0.004692554473876953
77.58356833457947,2.7447750568389893,0.7160162329673767,0.497865229845047,-90.1468505859375,541,2.75,0.5660162329673835,0.1468505859375114,0.005224943161010742,-0.005224943161010742
77.64261746406555,2.7443251609802246,0.7012832760810852,0.4980742633342743,-90.0978775024414,541,2.75,0.5512832760810866,0.09787750244140457,0.005674839019775391,-0.005674839019775391
77.69265341758728,2.743967294692993,0.6871318221092224,0.49801307916641235,-90.10176849365234,542,2.75,0.5371318221092198,0.10176849365232724,0.006032705307006836,-0.006032705307006836
77.74272179603577,2.7437684535980225,0.6739907264709473,0.49820396304130554,-90.09598541259766,542,2.75,0.5239907264709437,0.09598541259765539,0.006231546401977539,-0.006231546401977539
77.79279470443726,2.743502378463745,0.6609228849411011,0.4982370138168335,-90.12128448486328,543,2.75,0.5109228849410972,0.12128448486327756,0.006497621536254883,-0.006497621536254883
77.8514997959137,2.743199110031128,0.6497005820274353,0.49823951721191406,-90.10025024414062,543,2.75,0.4997005820274331,0.10025024414061408,0.00680088996887207,-0.00680088996887207
77.90292501449585,2.74298095703125,0.6374077796936035,0.4982166588306427,-90.11444854736328,544,2.75,0.48740777969360133,0.11444854736328136,0.00701904296875,-0.00701904296875
77.95152926445007,2.7426199913024902,0.624539315700531,0.49803605675697327,-90.17585754394531,544,2.75,0.4745393157005289,0.17585754394529976,0.007380008697509766,-0.007380008697509766
78.00152540206909,2.742238759994507,0.6129669547080994,0.49799519777297974,-90.25625610351562,545,2.75,0.46296695470809723,0.2562561035156445,0.007761240005493164,-0.007761240005493164
78.07607936859131,2.741147994995117,0.5856515169143677,0.498009592294693,-90.28106689453126,546,2.75,0.4356515169143655,0.2810668945312578,0.008852005004882812,-0.008852005004882812
78.12611937522888,2.74066424369812,0.5728390216827393,0.498106986284256,-90.2869644165039,546,2.75,0.4228390216827371,0.2869644165039025,0.009335756301879883,-0.009335756301879883
78.17610692977905,2.740084409713745,0.5599148869514465,0.498338520526886,-90.31767272949219,547,2.75,0.4099148869514438,0.3176727294921859,0.009915590286254883,-0.009915590286254883
78.22623467445374,2.7395691871643066,0.5472018718719482,0.49854719638824463,-90.3773422241211,547,2.75,0.39720187187194456,0.377342224121094,0.01043081283569336,-0.01043081283569336
78.29649090766907,2.738908529281616,0.5343616008758545,0.4988214373588562,-90.4150161743164,548,2.75,0.3843616008758506,0.41501617431639254,0.011091470718383789,-0.011091470718383789
78.3466682434082,2.7384564876556396,0.5230892300605774,0.49909383058547974,-90.49260711669922,548,2.75,0.3730892300605753,0.49260711669920565,0.011543512344360352,-0.011543512344360352
78.39664626121521,2.7378430366516113,0.5113946199417114,0.49941888451576233,-90.48885345458984,549,2.75,0.36139461994170935,0.48885345458985036,0.012156963348388672,-0.012156963348388672
78.44662427902222,2.7372899055480957,0.49901506304740906,0.49976232647895813,-90.4911117553711,549,2.75,0.3490150630474069,0.4911117553711125,0.012710094451904297,-0.012710094451904297
78.51748466491699,2.7363131046295166,0.4795893132686615,0.5001543164253235,-90.4266128540039,550,2.75,0.3295893132686594,0.4266128540039047,0.013686895370483398,-0.013686895370483398
78.56751322746277,2.73532772064209,0.46228593587875366,0.5004705190658569,-90.3921585083008,551,2.75,0.3122859358787516,0.392158508300789,0.014672279357910156,-0.014672279357910156
78.61755013465881,2.7341349124908447,0.44741564989089966,0.5004904270172119,-90.36846923828126,551,2.75,0.2974156498908975,0.36846923828125827,0.015865087509155273,-0.015865087509155273
78.66751861572266,2.732997179031372,0.43294695019721985,0.5006391406059265,-90.2326889038086,552,2.75,0.28294695019721694,0.23268890380858412,0.01700282096862793,-0.01700282096862793
78.7338445186615,2.731684923171997,0.4186420142650604,0.5006622672080994,-90.12650299072266,553,2.75,0.26864201426505646,0.1265029907226593,0.01831507682800293,-0.01831507682800293
78.78391861915588,2.7306363582611084,0.40543055534362793,0.5008484721183777,-89.98530578613281,553,2.75,0.2554305553436245,-0.014694213867199143,0.0193636417388916,-0.0193636417388916
78.83391308784485,2.729454278945923,0.3925876021385193,0.5008812546730042,-89.84095764160156,554,2.75,0.25,-0.15904235839843128,0.02054572105407715,-0.02054572105407715
78.88386869430542,2.7285547256469727,0.3798774182796478,0.501022219657898,-89.71783447265625,554,2.75,0.25,-0.28216552734374584,0.021445274353027344,-0.021445274353027344
78.96319603919983,2.727112054824829,0.3552481532096863,0.5009364485740662,-89.53185272216797,555,2.75,0.25,-0.46814727783203375,0.0228879451751709,-0.0228879451751709
79.01328301429749,2.7263755798339844,0.343075692653656,0.5008994340896606,-89.39410400390625,556,2.75,0.25,-0.6058959960937383,0.023624420166015625,-0.023624420166015625
