t,x,y,z,yaw_deg,path_idx,target_x,target_y,eta_deg,cross_track_err
2.14,-0.0000,-0.0000,0.5526,0.00,0,0.2500,0.4000,57.99,0.3536
2.24,-0.0000,-0.0000,0.5886,0.00,0,0.2500,0.4000,57.99,0.3536
2.40,-0.0000,-0.0000,0.6518,0.00,0,0.2500,0.4000,57.99,0.3536
2.60,0.0032,0.0062,0.7060,1.72,0,0.2500,0.4000,56.20,0.3469
2.77,0.0082,0.0173,0.7115,4.56,0,0.2500,0.4000,53.15,0.3356
2.87,0.0110,0.0248,0.7093,6.60,0,0.2500,0.4000,50.91,0.3283
3.05,0.0148,0.0351,0.7047,9.37,0,0.2500,0.4000,47.83,0.3186
3.17,0.0175,0.0430,0.7013,11.39,0,0.2500,0.4000,45.54,0.3113
3.28,0.0205,0.0510,0.6983,13.48,0,0.2500,0.4000,43.20,0.3038
3.40,0.0233,0.0590,0.6955,15.54,0,0.2500,0.4000,40.84,0.2964
3.51,0.0257,0.0658,0.6936,17.25,0,0.2500,0.4000,38.89,0.2902
3.61,0.0283,0.0726,0.6919,18.96,0,0.2500,0.4000,36.93,0.2840
3.81,0.0337,0.0861,0.6892,22.42,0,0.2500,0.4000,33.02,0.2714
3.93,0.0372,0.0942,0.6878,24.51,0,0.2500,0.4000,30.66,0.2638
4.04,0.0406,0.1023,0.6864,26.61,0,0.2500,0.4000,28.26,0.2563
4.24,0.0459,0.1145,0.6850,29.77,0,0.2500,0.4000,24.66,0.2450
4.35,0.0493,0.1228,0.6841,31.87,0,0.2500,0.4000,22.24,0.2376
4.46,0.0530,0.1309,0.6835,33.98,0,0.2500,0.4000,19.81,0.2302
4.57,0.0559,0.1378,0.6829,35.74,0,0.2500,0.4000,17.76,0.2242
4.67,0.0589,0.1446,0.6825,37.50,0,0.2500,0.4000,15.70,0.2182
4.89,0.0662,0.1594,0.6820,41.39,0,0.2500,0.4000,11.23,0.2049
5.00,0.0696,0.1661,0.6818,43.16,0,0.2500,0.4000,9.20,0.1989
5.17,0.0759,0.1780,0.6811,46.36,0,0.2500,0.4000,5.53,0.1884
5.39,0.0841,0.1923,0.6806,50.28,0,0.2500,0.4000,1.11,0.1756
5.51,0.0886,0.2001,0.6802,52.42,0,0.2500,0.4000,-1.33,0.1689
5.61,0.0926,0.2065,0.6799,54.20,0,0.2500,0.4000,-3.32,0.1633
5.80,0.0997,0.2180,0.6794,57.41,0,0.2500,0.4000,-6.96,0.1536
5.98,0.1087,0.2301,0.6792,60.99,0,0.2500,0.4000,-10.74,0.1427
6.16,0.1168,0.2410,0.6788,64.19,0,0.2500,0.4000,-14.14,0.1335
6.26,0.1214,0.2470,0.6785,65.96,0,0.2500,0.4000,-16.01,0.1286
6.39,0.1272,0.2539,0.6781,68.09,0,0.2500,0.4039,-17.40,0.1228
6.50,0.1320,0.2598,0.6778,69.85,0,0.2500,0.4098,-18.03,0.1180
6.68,0.1413,0.2697,0.6776,73.01,0,0.2500,0.4197,-18.94,0.1087
6.86,0.1512,0.2791,0.6777,76.20,1,0.2500,0.4291,-19.56,0.0988
7.06,0.1632,0.2907,0.6773,80.09,1,0.2500,0.4407,-20.14,0.0868
7.17,0.1686,0.2960,0.6771,81.84,1,0.2500,0.4460,-20.33,0.0814
7.35,0.1783,0.3057,0.6770,84.88,2,0.2500,0.4557,-20.42,0.0717
7.53,0.1881,0.3153,0.6776,87.04,2,0.2500,0.4653,-19.45,0.0619
7.68,0.1970,0.3236,0.6777,88.52,2,0.2500,0.4736,-17.98,0.0530
7.80,0.2034,0.3297,0.6777,89.37,3,0.2500,0.4797,-16.65,0.0466
7.97,0.2117,0.3379,0.6777,89.91,3,0.2500,0.4879,-14.25,0.0383
8.15,0.2192,0.3465,0.6774,90.13,3,0.2500,0.4965,-11.75,0.0308
8.37,0.2268,0.3569,0.6762,90.25,4,0.2500,0.5069,-9.04,0.0232
8.53,0.2315,0.3645,0.6753,90.26,4,0.2500,0.5145,-7.28,0.0185
8.65,0.2346,0.3701,0.6746,90.25,4,0.2500,0.5201,-6.12,0.0154
8.76,0.2372,0.3758,0.6740,90.23,5,0.2500,0.5258,-5.12,0.0128
8.88,0.2391,0.3805,0.6734,90.21,5,0.2500,0.5305,-4.38,0.0109
9.05,0.2419,0.3890,0.6723,90.18,5,0.2500,0.5390,-3.28,0.0081
9.23,0.2438,0.3975,0.6711,90.16,5,0.2500,0.5475,-2.51,0.0062
9.35,0.2449,0.4031,0.6702,90.14,6,0.2500,0.5531,-2.09,0.0051
9.51,0.2461,0.4107,0.6692,90.13,6,0.2500,0.5607,-1.63,0.0039
9.69,0.2471,0.4192,0.6682,90.12,6,0.2500,0.5692,-1.22,0.0029
9.86,0.2478,0.4278,0.6672,90.12,7,0.2500,0.5778,-0.95,0.0022
9.99,0.2482,0.4335,0.6666,90.12,7,0.2500,0.5835,-0.81,0.0018
10.10,0.2484,0.4383,0.6662,90.12,7,0.2500,0.5883,-0.72,0.0016
10.22,0.2487,0.4440,0.6657,90.12,7,0.2500,0.5940,-0.63,0.0013
10.34,0.2489,0.4498,0.6652,90.12,7,0.2500,0.5998,-0.55,0.0011
10.45,0.2490,0.4555,0.6648,90.12,8,0.2500,0.6055,-0.50,0.0010
10.56,0.2491,0.4613,0.6644,90.12,8,0.2500,0.6113,-0.45,0.0009
10.67,0.2492,0.4661,0.6641,90.12,8,0.2500,0.6161,-0.42,0.0008
10.78,0.2493,0.4709,0.6638,90.12,8,0.2500,0.6209,-0.39,0.0007
10.88,0.2494,0.4766,0.6636,90.12,9,0.2500,0.6266,-0.36,0.0006
11.07,0.2494,0.4853,0.6632,90.12,9,0.2500,0.6353,-0.33,0.0006
11.19,0.2495,0.4911,0.6630,90.12,9,0.2500,0.6411,-0.32,0.0005
11.31,0.2495,0.4968,0.6628,90.12,9,0.2500,0.6468,-0.31,0.0005
11.47,0.2495,0.5046,0.6626,90.12,10,0.2500,0.6546,-0.29,0.0005
11.65,0.2496,0.5132,0.6624,90.12,10,0.2500,0.6632,-0.29,0.0004
11.87,0.2496,0.5238,0.6622,90.12,10,0.2500,0.6738,-0.28,0.0004
12.06,0.2496,0.5335,0.6621,90.12,11,0.2500,0.6835,-0.27,0.0004
12.23,0.2496,0.5412,0.6620,90.12,11,0.2500,0.6912,-0.27,0.0004
12.33,0.2496,0.5461,0.6619,90.12,11,0.2500,0.6961,-0.27,0.0004
12.45,0.2496,0.5518,0.6619,90.12,12,0.2500,0.7018,-0.26,0.0004
12.65,0.2496,0.5615,0.6618,90.12,12,0.2500,0.7115,-0.26,0.0004
12.77,0.2496,0.5673,0.6618,90.12,12,0.2500,0.7173,-0.26,0.0004
12.87,0.2496,0.5721,0.6617,90.12,12,0.2500,0.7221,-0.26,0.0004
12.99,0.2496,0.5779,0.6617,90.12,13,0.2500,0.7279,-0.26,0.0004
13.09,0.2496,0.5828,0.6617,90.12,13,0.2500,0.7328,-0.26,0.0004
13.26,0.2496,0.5905,0.6617,90.12,13,0.2500,0.7405,-0.26,0.0004
13.46,0.2496,0.6002,0.6616,90.12,14,0.2500,0.7502,-0.26,0.0004
13.66,0.2496,0.6098,0.6616,90.12,14,0.2500,0.7598,-0.26,0.0004
13.82,0.2496,0.6176,0.6616,90.12,14,0.2500,0.7676,-0.26,0.0004
13.99,0.2496,0.6263,0.6616,90.12,15,0.2500,0.7763,-0.26,0.0004
14.17,0.2496,0.6350,0.6616,90.12,15,0.2500,0.7850,-0.26,0.0004
14.35,0.2496,0.6437,0.6616,90.12,15,0.2500,0.7937,-0.26,0.0004
14.52,0.2496,0.6514,0.6616,90.12,16,0.2500,0.8014,-0.26,0.0004
14.69,0.2496,0.6601,0.6616,90.12,16,0.2500,0.8101,-0.26,0.0004
14.88,0.2496,0.6688,0.6616,90.12,16,0.2500,0.8188,-0.26,0.0004
15.09,0.2496,0.6795,0.6616,90.12,17,0.2500,0.8295,-0.26,0.0004
15.21,0.2496,0.6853,0.6616,90.12,17,0.2500,0.8353,-0.26,0.0004
15.36,0.2496,0.6920,0.6616,90.12,17,0.2500,0.8420,-0.26,0.0004
15.47,0.2496,0.6969,0.6616,90.12,17,0.2500,0.8469,-0.26,0.0004
15.59,0.2496,0.7027,0.6616,90.12,18,0.2500,0.8527,-0.26,0.0004
15.71,0.2496,0.7085,0.6615,90.12,18,0.2500,0.8585,-0.26,0.0004
15.91,0.2496,0.7181,0.6615,90.12,18,0.2500,0.8681,-0.26,0.0004
16.08,0.2496,0.7259,0.6615,90.12,19,0.2500,0.8759,-0.26,0.0004
16.20,0.2496,0.7326,0.6615,90.12,19,0.2500,0.8826,-0.26,0.0004
16.31,0.2496,0.7375,0.6615,90.12,19,0.2500,0.8875,-0.26,0.0004
16.52,0.2496,0.7472,0.6615,90.12,19,0.2500,0.8972,-0.26,0.0004
16.63,0.2496,0.7530,0.6615,90.12,20,0.2500,0.9030,-0.26,0.0004
16.84,0.2496,0.7636,0.6615,90.12,20,0.2500,0.9136,-0.26,0.0004
16.95,0.2496,0.7684,0.6615,90.12,20,0.2500,0.9184,-0.26,0.0004
17.12,0.2496,0.7771,0.6615,90.12,21,0.2500,0.9271,-0.26,0.0004
17.30,0.2496,0.7858,0.6615,90.12,21,0.2500,0.9358,-0.26,0.0004
17.48,0.2496,0.7936,0.6615,90.12,21,0.2500,0.9436,-0.26,0.0004
17.66,0.2496,0.8023,0.6615,90.12,22,0.2500,0.9523,-0.26,0.0004
17.83,0.2496,0.8110,0.6615,90.12,22,0.2500,0.9610,-0.26,0.0004
18.01,0.2496,0.8197,0.6615,90.12,22,0.2500,0.9697,-0.26,0.0004
18.13,0.2496,0.8255,0.6615,90.12,23,0.2500,0.9755,-0.26,0.0004
18.24,0.2496,0.8303,0.6615,90.12,23,0.2500,0.9803,-0.26,0.0004
18.36,0.2496,0.8371,0.6615,90.12,23,0.2500,0.9871,-0.26,0.0004
18.48,0.2496,0.8419,0.6615,90.12,23,0.2500,0.9919,-0.26,0.0004
18.59,0.2496,0.8477,0.6615,90.12,23,0.2500,0.9977,-0.26,0.0004
18.69,0.2496,0.8526,0.6615,90.12,24,0.2500,1.0026,-0.26,0.0004
18.87,0.2496,0.8613,0.6615,90.12,24,0.2500,1.0113,-0.26,0.0004
18.99,0.2496,0.8671,0.6615,90.12,24,0.2500,1.0171,-0.26,0.0004
19.10,0.2496,0.8719,0.6615,90.12,24,0.2500,1.0219,-0.26,0.0004
19.27,0.2496,0.8806,0.6615,90.12,25,0.2500,1.0306,-0.26,0.0004
19.45,0.2496,0.8893,0.6615,90.12,25,0.2500,1.0393,-0.26,0.0004
19.55,0.2496,0.8941,0.6615,90.12,25,0.2500,1.0441,-0.26,0.0004
19.68,0.2496,0.9009,0.6615,90.12,26,0.2500,1.0509,-0.26,0.0004
19.85,0.2496,0.9087,0.6615,90.12,26,0.2500,1.0587,-0.26,0.0004
20.06,0.2496,0.9183,0.6615,90.12,26,0.2500,1.0683,-0.26,0.0004
20.27,0.2496,0.9290,0.6615,90.12,27,0.2500,1.0790,-0.26,0.0004
20.38,0.2496,0.9348,0.6615,90.12,27,0.2500,1.0848,-0.26,0.0004
20.57,0.2496,0.9435,0.6615,90.12,27,0.2500,1.0935,-0.26,0.0004
20.67,0.2496,0.9483,0.6615,90.12,27,0.2500,1.0983,-0.26,0.0004
20.79,0.2496,0.9541,0.6615,90.12,28,0.2500,1.1041,-0.26,0.0004
20.97,0.2496,0.9628,0.6615,90.12,28,0.2500,1.1128,-0.26,0.0004
21.19,0.2496,0.9734,0.6615,90.12,28,0.2500,1.1234,-0.26,0.0004
21.30,0.2496,0.9783,0.6615,90.12,29,0.2500,1.1283,-0.26,0.0004
21.42,0.2496,0.9841,0.6615,90.12,29,0.2500,1.1341,-0.26,0.0004
21.53,0.2496,0.9899,0.6615,90.12,29,0.2500,1.1399,-0.26,0.0004
21.74,0.2496,1.0005,0.6615,90.12,30,0.2500,1.1505,-0.26,0.0004
21.85,0.2496,1.0054,0.6615,90.12,30,0.2500,1.1554,-0.26,0.0004
21.97,0.2496,1.0112,0.6615,90.12,30,0.2500,1.1612,-0.26,0.0004
22.08,0.2496,1.0160,0.6615,90.12,30,0.2500,1.1660,-0.26,0.0004
22.19,0.2496,1.0218,0.6615,90.12,30,0.2500,1.1718,-0.26,0.0004
22.29,0.2496,1.0266,0.6615,90.12,31,0.2500,1.1766,-0.26,0.0004
22.46,0.2496,1.0353,0.6615,90.12,31,0.2500,1.1853,-0.26,0.0004
22.65,0.2496,1.0440,0.6615,90.12,31,0.2500,1.1940,-0.26,0.0004
22.77,0.2496,1.0498,0.6615,90.12,31,0.2500,1.1998,-0.26,0.0004
22.93,0.2496,1.0576,0.6615,90.12,32,0.2500,1.2076,-0.26,0.0004
23.11,0.2496,1.0663,0.6615,90.12,32,0.2500,1.2163,-0.26,0.0004
23.23,0.2496,1.0721,0.6615,90.12,32,0.2500,1.2221,-0.26,0.0004
23.34,0.2496,1.0779,0.6615,90.12,33,0.2500,1.2279,-0.26,0.0004
23.45,0.2496,1.0827,0.6615,90.12,33,0.2500,1.2327,-0.26,0.0004
23.61,0.2496,1.0905,0.6615,90.12,33,0.2500,1.2405,-0.26,0.0004
23.80,0.2496,1.0992,0.6615,90.12,33,0.2500,1.2492,-0.26,0.0004
23.97,0.2496,1.1079,0.6615,90.12,34,0.2500,1.2579,-0.26,0.0004
24.15,0.2496,1.1166,0.6615,90.12,34,0.2500,1.2666,-0.26,0.0004
24.33,0.2496,1.1253,0.6615,90.12,35,0.2500,1.2753,-0.26,0.0004
24.44,0.2496,1.1301,0.6615,90.12,35,0.2500,1.2801,-0.26,0.0004
24.55,0.2496,1.1359,0.6615,90.12,35,0.2500,1.2859,-0.26,0.0004
24.73,0.2496,1.1446,0.6615,90.12,35,0.2500,1.2946,-0.26,0.0004
24.85,0.2496,1.1504,0.6615,90.12,36,0.2500,1.3004,-0.26,0.0004
25.02,0.2496,1.1591,0.6615,90.12,36,0.2500,1.3091,-0.26,0.0004
25.22,0.2496,1.1678,0.6615,90.12,36,0.2500,1.3178,-0.26,0.0004
25.33,0.2496,1.1736,0.6615,90.12,36,0.2500,1.3236,-0.26,0.0004
25.46,0.2496,1.1794,0.6615,90.12,37,0.2500,1.3294,-0.26,0.0004
25.57,0.2496,1.1852,0.6615,90.12,37,0.2500,1.3352,-0.26,0.0004
25.68,0.2496,1.1910,0.6615,90.12,37,0.2500,1.3410,-0.26,0.0004
25.79,0.2496,1.1959,0.6615,90.12,37,0.2500,1.3459,-0.26,0.0004
25.99,0.2496,1.2055,0.6615,90.12,38,0.2500,1.3555,-0.26,0.0004
26.21,0.2496,1.2162,0.6615,90.12,38,0.2500,1.3662,-0.26,0.0004
26.32,0.2496,1.2220,0.6615,90.12,38,0.2500,1.3720,-0.26,0.0004
26.43,0.2496,1.2268,0.6615,90.12,39,0.2500,1.3768,-0.26,0.0004
26.64,0.2496,1.2365,0.6615,90.12,39,0.2500,1.3865,-0.26,0.0004
26.80,0.2496,1.2442,0.6615,90.12,39,0.2500,1.3942,-0.26,0.0004
26.97,0.2496,1.2529,0.6615,90.12,40,0.2500,1.4029,-0.26,0.0004
27.15,0.2496,1.2616,0.6615,90.12,40,0.2500,1.4116,-0.26,0.0004
27.36,0.2496,1.2723,0.6615,90.12,40,0.2500,1.4223,-0.26,0.0004
27.47,0.2496,1.2771,0.6615,90.12,41,0.2500,1.4271,-0.26,0.0004
27.59,0.2496,1.2829,0.6615,90.12,41,0.2500,1.4329,-0.26,0.0004
27.70,0.2496,1.2887,0.6615,90.12,41,0.2500,1.4387,-0.26,0.0004
27.82,0.2496,1.2935,0.6615,90.12,41,0.2500,1.4435,-0.26,0.0004
27.92,0.2496,1.2993,0.6615,90.12,41,0.2500,1.4493,-0.26,0.0004
28.02,0.2496,1.3042,0.6615,90.12,42,0.2500,1.4542,-0.26,0.0004
28.13,0.2496,1.3090,0.6615,90.12,42,0.2500,1.4590,-0.26,0.0004
28.30,0.2496,1.3168,0.6615,90.12,42,0.2500,1.4668,-0.26,0.0004
28.48,0.2496,1.3255,0.6615,90.12,43,0.2500,1.4755,-0.26,0.0004
28.59,0.2496,1.3313,0.6615,90.12,43,0.2500,1.4813,-0.26,0.0004
28.76,0.2496,1.3390,0.6615,90.12,43,0.2500,1.4890,-0.26,0.0004
28.94,0.2496,1.3477,0.6615,90.12,43,0.2500,1.4977,-0.26,0.0004
29.14,0.2496,1.3574,0.6615,90.12,44,0.2500,1.5074,-0.26,0.0004
29.32,0.2496,1.3670,0.6615,90.12,44,0.2500,1.5170,-0.26,0.0004
29.51,0.2496,1.3757,0.6615,90.12,45,0.2500,1.5257,-0.26,0.0004
29.71,0.2496,1.3854,0.6615,90.12,45,0.2500,1.5354,-0.26,0.0004
29.85,0.2496,1.3922,0.6615,90.12,45,0.2500,1.5422,-0.26,0.0004
29.97,0.2496,1.3980,0.6615,90.12,45,0.2500,1.5480,-0.26,0.0004
30.17,0.2496,1.4077,0.6615,90.12,46,0.2500,1.5577,-0.26,0.0004
30.39,0.2496,1.4183,0.6615,90.12,46,0.2500,1.5683,-0.26,0.0004
30.57,0.2496,1.4270,0.6615,90.12,47,0.2500,1.5770,-0.26,0.0004
30.78,0.2496,1.4367,0.6615,90.12,47,0.2500,1.5867,-0.26,0.0004
30.91,0.2496,1.4434,0.6615,90.12,47,0.2500,1.5934,-0.26,0.0004
31.09,0.2496,1.4521,0.6615,90.12,48,0.2500,1.6021,-0.26,0.0004
31.28,0.2496,1.4608,0.6615,90.12,48,0.2500,1.6108,-0.26,0.0004
31.47,0.2496,1.4705,0.6615,90.12,48,0.2500,1.6205,-0.26,0.0004
31.59,0.2496,1.4763,0.6615,90.12,49,0.2500,1.6263,-0.26,0.0004
31.80,0.2496,1.4860,0.6615,90.12,49,0.2500,1.6360,-0.26,0.0004
31.92,0.2496,1.4918,0.6615,90.12,49,0.2500,1.6418,-0.26,0.0004
32.02,0.2496,1.4966,0.6615,90.12,49,0.2500,1.6466,-0.26,0.0004
32.15,0.2496,1.5034,0.6615,90.12,50,0.2500,1.6534,-0.26,0.0004
32.27,0.2496,1.5092,0.6615,90.12,50,0.2500,1.6592,-0.26,0.0004
32.45,0.2496,1.5179,0.6615,90.12,50,0.2500,1.6679,-0.26,0.0004
32.67,0.2496,1.5285,0.6615,90.12,51,0.2500,1.6785,-0.26,0.0004
32.87,0.2496,1.5382,0.6615,90.12,51,0.2500,1.6882,-0.26,0.0004
33.09,0.2496,1.5479,0.6615,90.12,51,0.2500,1.6979,-0.26,0.0004
33.20,0.2496,1.5537,0.6615,90.12,52,0.2500,1.7037,-0.26,0.0004
33.31,0.2496,1.5595,0.6615,90.12,52,0.2500,1.7095,-0.26,0.0004
33.48,0.2496,1.5672,0.6615,90.12,52,0.2500,1.7172,-0.26,0.0004
33.58,0.2496,1.5721,0.6615,90.12,52,0.2500,1.7221,-0.26,0.0004
33.76,0.2496,1.5808,0.6615,90.12,53,0.2500,1.7308,-0.26,0.0004
33.95,0.2496,1.5895,0.6615,90.12,53,0.2500,1.7395,-0.26,0.0004
34.13,0.2496,1.5991,0.6615,90.12,53,0.2500,1.7491,-0.26,0.0004
34.26,0.2496,1.6049,0.6615,90.12,54,0.2500,1.7549,-0.26,0.0004
34.38,0.2496,1.6107,0.6615,90.12,54,0.2500,1.7607,-0.26,0.0004
34.49,0.2496,1.6165,0.6615,90.12,54,0.2500,1.7665,-0.26,0.0004
34.61,0.2496,1.6223,0.6615,90.12,54,0.2500,1.7723,-0.26,0.0004
34.73,0.2496,1.6282,0.6615,90.12,55,0.2500,1.7782,-0.26,0.0004
34.92,0.2496,1.6369,0.6615,90.12,55,0.2500,1.7869,-0.26,0.0004
35.02,0.2496,1.6417,0.6615,90.12,55,0.2500,1.7917,-0.26,0.0004
35.18,0.2496,1.6485,0.6615,90.12,55,0.2500,1.7985,-0.26,0.0004
35.28,0.2496,1.6543,0.6615,90.12,56,0.2500,1.8043,-0.26,0.0004
35.49,0.2496,1.6639,0.6615,90.12,56,0.2500,1.8139,-0.26,0.0004
35.69,0.2496,1.6736,0.6615,90.12,56,0.2500,1.8236,-0.26,0.0004
35.88,0.2496,1.6833,0.6615,90.12,57,0.2500,1.8333,-0.26,0.0004
36.08,0.2496,1.6920,0.6615,90.12,57,0.2500,1.8420,-0.26,0.0004
36.27,0.2496,1.7016,0.6615,90.12,58,0.2500,1.8516,-0.26,0.0004
36.39,0.2496,1.7074,0.6615,90.12,58,0.2500,1.8574,-0.26,0.0004
36.49,0.2496,1.7123,0.6615,90.12,58,0.2500,1.8623,-0.26,0.0004
36.59,0.2496,1.7171,0.6615,90.12,58,0.2500,1.8671,-0.26,0.0004
36.72,0.2496,1.7229,0.6615,90.12,58,0.2500,1.8729,-0.26,0.0004
36.83,0.2496,1.7287,0.6615,90.12,59,0.2500,1.8787,-0.26,0.0004
36.95,0.2496,1.7345,0.6615,90.12,59,0.2500,1.8845,-0.26,0.0004
37.07,0.2496,1.7403,0.6615,90.12,59,0.2500,1.8903,-0.26,0.0004
37.17,0.2496,1.7452,0.6615,90.12,59,0.2500,1.8952,-0.26,0.0004
37.29,0.2496,1.7510,0.6615,90.12,60,0.2500,1.9010,-0.26,0.0004
37.41,0.2496,1.7568,0.6615,90.12,60,0.2500,1.9068,-0.26,0.0004
37.51,0.2496,1.7616,0.6615,90.12,60,0.2500,1.9116,-0.26,0.0004
37.66,0.2496,1.7684,0.6615,90.12,60,0.2500,1.9184,-0.26,0.0004
37.78,0.2496,1.7742,0.6615,90.12,60,0.2500,1.9242,-0.26,0.0004
37.90,0.2496,1.7800,0.6615,90.12,61,0.2500,1.9300,-0.26,0.0004
38.08,0.2496,1.7897,0.6615,90.12,61,0.2500,1.9397,-0.26,0.0004
38.18,0.2496,1.7945,0.6615,90.12,61,0.2500,1.9445,-0.26,0.0004
38.37,0.2496,1.8032,0.6615,90.12,62,0.2500,1.9532,-0.26,0.0004
38.51,0.2496,1.8100,0.6615,90.12,62,0.2500,1.9600,-0.26,0.0004
38.69,0.2496,1.8187,0.6615,90.12,62,0.2500,1.9687,-0.26,0.0004
38.82,0.2496,1.8245,0.6615,90.12,62,0.2500,1.9745,-0.26,0.0004
38.93,0.2496,1.8303,0.6615,90.12,63,0.2500,1.9803,-0.26,0.0004
39.03,0.2496,1.8351,0.6615,90.12,63,0.2500,1.9851,-0.26,0.0004
39.20,0.2496,1.8428,0.6615,90.12,63,0.2500,1.9928,-0.26,0.0004
39.34,0.2496,1.8496,0.6615,90.12,63,0.2500,1.9996,-0.26,0.0004
39.53,0.2496,1.8593,0.6615,90.12,64,0.2506,2.0093,-0.49,0.0004
39.72,0.2496,1.8680,0.6615,90.12,64,0.2512,2.0179,-0.71,0.0004
39.91,0.2496,1.8777,0.6616,90.09,65,0.2520,2.0276,-1.01,0.0004
40.02,0.2497,1.8825,0.6616,90.03,65,0.2528,2.0323,-1.23,0.0003
40.14,0.2497,1.8883,0.6617,89.95,65,0.2537,2.0381,-1.48,0.0003
40.24,0.2497,1.8931,0.6617,89.85,65,0.2544,2.0428,-1.65,0.0003
40.37,0.2498,1.8999,0.6618,89.68,65,0.2555,2.0495,-1.85,0.0002
40.49,0.2500,1.9057,0.6618,89.50,66,0.2569,2.0551,-2.16,0.0000
40.62,0.2501,1.9115,0.6619,89.27,66,0.2583,2.0607,-2.41,0.0001
40.74,0.2503,1.9173,0.6619,88.99,66,0.2597,2.0664,-2.60,0.0003
40.86,0.2506,1.9231,0.6619,88.66,66,0.2611,2.0720,-2.73,0.0006
40.97,0.2508,1.9289,0.6620,88.30,67,0.2629,2.0775,-2.94,0.0008
41.09,0.2512,1.9347,0.6620,87.89,67,0.2648,2.0829,-3.14,0.0012
41.28,0.2518,1.9434,0.6620,87.18,67,0.2677,2.0911,-3.32,0.0018
41.51,0.2528,1.9549,0.6620,86.06,68,0.2720,2.1018,-3.54,0.0028
41.63,0.2532,1.9597,0.6620,85.53,68,0.2742,2.1061,-3.67,0.0032
41.82,0.2542,1.9683,0.6621,84.52,68,0.2780,2.1138,-3.81,0.0042
41.92,0.2547,1.9731,0.6621,83.91,68,0.2801,2.1181,-3.83,0.0047
42.15,0.2562,1.9845,0.6621,82.26,69,0.2860,2.1279,-3.98,0.0062
42.27,0.2571,1.9902,0.6621,81.38,69,0.2890,2.1327,-4.00,0.0071
42.39,0.2578,1.9949,0.6621,80.63,69,0.2915,2.1367,-3.99,0.0078
42.51,0.2588,2.0006,0.6621,79.64,70,0.2948,2.1419,-3.97,0.0087
42.62,0.2598,2.0062,0.6622,78.58,70,0.2983,2.1464,-3.94,0.0093
42.73,0.2608,2.0118,0.6622,77.46,70,0.3017,2.1508,-3.83,0.0100
42.84,0.2617,2.0164,0.6622,76.48,70,0.3045,2.1545,-3.68,0.0106
42.97,0.2630,2.0228,0.6622,75.09,70,0.3084,2.1597,-3.44,0.0115
43.08,0.2640,2.0274,0.6621,74.08,71,0.3122,2.1641,-3.49,0.0119
43.21,0.2655,2.0338,0.6621,72.64,71,0.3166,2.1689,-3.34,0.0124
43.40,0.2676,2.0419,0.6621,70.74,71,0.3222,2.1750,-3.04,0.0131
43.50,0.2688,2.0464,0.6621,69.66,71,0.3253,2.1785,-2.84,0.0136
43.64,0.2705,2.0527,0.6620,68.14,72,0.3311,2.1837,-2.95,0.0138
43.76,0.2721,2.0580,0.6619,66.86,72,0.3353,2.1873,-2.88,0.0141
43.88,0.2738,2.0633,0.6619,65.58,72,0.3394,2.1910,-2.78,0.0144
44.00,0.2755,2.0685,0.6618,64.26,72,0.3436,2.1946,-2.61,0.0148
44.11,0.2774,2.0737,0.6618,62.94,73,0.3491,2.1987,-2.79,0.0149
44.23,0.2790,2.0781,0.6618,61.83,73,0.3529,2.2014,-2.77,0.0150
44.35,0.2814,2.0841,0.6617,60.28,73,0.3582,2.2050,-2.69,0.0152
44.47,0.2831,2.0883,0.6617,59.14,73,0.3619,2.2077,-2.57,0.0155
44.59,0.2858,2.0943,0.6617,57.54,74,0.3690,2.2121,-2.77,0.0156
44.72,0.2881,2.0993,0.6617,56.18,74,0.3738,2.2149,-2.72,0.0155
44.84,0.2906,2.1042,0.6616,54.81,74,0.3786,2.2176,-2.62,0.0156
44.95,0.2931,2.1091,0.6617,53.39,74,0.3834,2.2203,-2.43,0.0157
45.07,0.2959,2.1140,0.6617,51.99,75,0.3897,2.2237,-2.55,0.0157
45.20,0.2987,2.1188,0.6617,50.60,75,0.3948,2.2260,-2.49,0.0156
45.35,0.3021,2.1243,0.6616,49.02,75,0.4007,2.2287,-2.38,0.0156
45.46,0.3051,2.1289,0.6617,47.64,75,0.4057,2.2310,-2.23,0.0157
45.65,0.3099,2.1358,0.6617,45.60,76,0.4149,2.2346,-2.34,0.0157
45.83,0.3155,2.1432,0.6616,43.38,76,0.4237,2.2375,-2.29,0.0157
46.01,0.3207,2.1496,0.6616,41.38,76,0.4315,2.2402,-2.12,0.0159
46.20,0.3262,2.1560,0.6616,39.37,77,0.4411,2.2424,-2.40,0.0158
46.41,0.3331,2.1634,0.6615,36.97,77,0.4510,2.2445,-2.42,0.0159
46.60,0.3390,2.1692,0.6615,34.92,78,0.4609,2.2463,-2.60,0.0161
46.72,0.3431,2.1730,0.6615,33.56,78,0.4664,2.2470,-2.61,0.0159
46.90,0.3493,2.1784,0.6615,31.48,78,0.4746,2.2479,-2.47,0.0159
47.08,0.3558,2.1837,0.6616,29.36,79,0.4847,2.2489,-2.54,0.0161
47.27,0.3625,2.1888,0.6616,27.29,79,0.4930,2.2491,-2.48,0.0158
47.47,0.3700,2.1940,0.6616,24.96,79,0.5022,2.2494,-2.25,0.0158
47.59,0.3747,2.1971,0.6616,23.57,80,0.5093,2.2494,-2.33,0.0159
47.80,0.3835,2.2024,0.6616,21.08,80,0.5195,2.2487,-2.26,0.0157
47.91,0.3884,2.2051,0.6616,19.72,80,0.5251,2.2484,-2.14,0.0158
48.09,0.3950,2.2085,0.6617,17.92,81,0.5340,2.2476,-2.23,0.0160
48.19,0.3992,2.2106,0.6617,16.82,81,0.5386,2.2467,-2.30,0.0158
48.37,0.4076,2.2144,0.6616,14.62,81,0.5476,2.2449,-2.34,0.0158
48.56,0.4153,2.2176,0.6616,12.60,81,0.5558,2.2432,-2.25,0.0161
48.67,0.4196,2.2193,0.6616,11.48,82,0.5619,2.2416,-2.55,0.0160
48.78,0.4249,2.2211,0.6615,10.13,82,0.5672,2.2400,-2.56,0.0159
48.97,0.4336,2.2239,0.6615,7.86,82,0.5760,2.2374,-2.43,0.0161
49.10,0.4389,2.2255,0.6616,6.46,83,0.5831,2.2351,-2.62,0.0162
49.30,0.4479,2.2277,0.6616,4.15,83,0.5917,2.2317,-2.54,0.0159
49.52,0.4579,2.2297,0.6617,1.54,83,0.6011,2.2280,-2.24,0.0159
49.73,0.4671,2.2312,0.6617,-0.77,84,0.6109,2.2234,-2.34,0.0157
49.85,0.4726,2.2319,0.6617,-2.15,84,0.6159,2.2209,-2.25,0.0157
49.95,0.4773,2.2324,0.6616,-3.26,84,0.6200,2.2188,-2.17,0.0158
50.06,0.4827,2.2328,0.6616,-4.60,84,0.6249,2.2163,-2.03,0.0159
50.19,0.4883,2.2332,0.6616,-5.94,85,0.6308,2.2126,-2.28,0.0158
50.41,0.4985,2.2335,0.6616,-8.34,85,0.6393,2.2069,-2.32,0.0158
50.52,0.5040,2.2335,0.6616,-9.68,85,0.6439,2.2039,-2.26,0.0159
50.63,0.5086,2.2333,0.6616,-10.80,86,0.6489,2.2003,-2.45,0.0161
50.76,0.5151,2.2330,0.6616,-12.37,86,0.6539,2.1962,-2.50,0.0159
50.97,0.5252,2.2322,0.6615,-14.85,86,0.6617,2.1898,-2.41,0.0161
51.21,0.5353,2.2309,0.6616,-17.39,87,0.6708,2.1815,-2.62,0.0161
51.34,0.5417,2.2298,0.6616,-18.99,87,0.6754,2.1770,-2.56,0.0159
51.47,0.5470,2.2288,0.6615,-20.38,87,0.6793,2.1732,-2.43,0.0159
51.64,0.5552,2.2270,0.6616,-22.51,88,0.6860,2.1661,-2.43,0.0159
51.77,0.5606,2.2256,0.6616,-23.89,88,0.6897,2.1618,-2.39,0.0157
51.89,0.5659,2.2240,0.6616,-25.26,88,0.6932,2.1576,-2.30,0.0157
51.99,0.5703,2.2227,0.6616,-26.40,88,0.6962,2.1541,-2.19,0.0157
52.18,0.5792,2.2197,0.6616,-28.66,89,0.7028,2.1455,-2.29,0.0158
52.29,0.5835,2.2180,0.6616,-29.76,89,0.7054,2.1417,-2.31,0.0157
52.40,0.5886,2.2160,0.6615,-31.07,89,0.7084,2.1371,-2.30,0.0157
52.50,0.5929,2.2142,0.6615,-32.20,89,0.7110,2.1333,-2.23,0.0158
52.70,0.6013,2.2103,0.6615,-34.43,90,0.7165,2.1240,-2.42,0.0159
52.81,0.6055,2.2083,0.6615,-35.53,90,0.7186,2.1199,-2.45,0.0159
53.00,0.6136,2.2040,0.6614,-37.78,90,0.7229,2.1118,-2.38,0.0161
53.11,0.6176,2.2017,0.6614,-38.93,90,0.7250,2.1077,-2.28,0.0163
53.22,0.6224,2.1989,0.6614,-40.30,91,0.7280,2.1008,-2.59,0.0161
53.41,0.6294,2.1944,0.6614,-42.34,91,0.7311,2.0931,-2.53,0.0159
53.62,0.6376,2.1887,0.6614,-44.88,91,0.7349,2.0839,-2.26,0.0161
53.75,0.6421,2.1854,0.6615,-46.27,92,0.7371,2.0770,-2.49,0.0158
53.87,0.6465,2.1820,0.6615,-47.66,92,0.7387,2.0717,-2.41,0.0157
54.01,0.6514,2.1778,0.6615,-49.24,92,0.7406,2.0655,-2.29,0.0157
54.12,0.6556,2.1742,0.6615,-50.62,92,0.7422,2.0603,-2.12,0.0159
54.24,0.6597,2.1704,0.6616,-51.97,93,0.7437,2.0534,-2.35,0.0157
54.37,0.6637,2.1665,0.6616,-53.30,93,0.7448,2.0479,-2.33,0.0157
54.56,0.6701,2.1600,0.6616,-55.51,93,0.7466,2.0389,-2.20,0.0158
54.68,0.6739,2.1559,0.6616,-56.86,94,0.7477,2.0320,-2.37,0.0159
54.82,0.6781,2.1510,0.6616,-58.42,94,0.7482,2.0255,-2.42,0.0158
55.01,0.6834,2.1446,0.6616,-60.43,94,0.7488,2.0173,-2.38,0.0159
55.13,0.6868,2.1402,0.6616,-61.80,94,0.7492,2.0117,-2.29,0.0162
55.35,0.6928,2.1319,0.6616,-64.29,95,0.7496,1.9997,-2.44,0.0159
55.53,0.6973,2.1250,0.6615,-66.32,95,0.7498,1.9914,-2.21,0.0160
55.72,0.7021,2.1172,0.6614,-68.59,96,0.7500,1.9806,-2.08,0.0160
55.85,0.7048,2.1124,0.6615,-69.95,96,0.7500,1.9750,-1.84,0.0158
56.00,0.7079,2.1067,0.6615,-71.51,96,0.7500,1.9685,-1.53,0.0157
56.10,0.7103,2.1017,0.6615,-72.84,96,0.7500,1.9630,-1.21,0.0158
56.22,0.7128,2.0967,0.6616,-74.10,97,0.7500,1.9560,-1.08,0.0157
56.35,0.7151,2.0916,0.6617,-75.29,97,0.7500,1.9504,-0.81,0.0155
56.47,0.7173,2.0865,0.6617,-76.45,97,0.7500,1.9448,-0.55,0.0154
56.66,0.7204,2.0788,0.6617,-78.14,97,0.7500,1.9365,-0.11,0.0154
56.85,0.7237,2.0700,0.6618,-79.88,98,0.7500,1.9257,0.20,0.0149
56.96,0.7256,2.0647,0.6617,-80.87,98,0.7500,1.9201,0.46,0.0146
57.07,0.7271,2.0603,0.6617,-81.67,98,0.7500,1.9154,0.66,0.0145
57.19,0.7288,2.0550,0.6617,-82.57,99,0.7500,1.9084,0.80,0.0143
57.40,0.7318,2.0451,0.6619,-84.05,99,0.7500,1.8981,1.11,0.0133
57.59,0.7341,2.0369,0.6620,-85.17,99,0.7500,1.8896,1.35,0.0127
57.77,0.7362,2.0286,0.6622,-86.14,100,0.7500,1.8796,1.43,0.0117
57.98,0.7386,2.0184,0.6621,-87.18,100,0.7500,1.8692,1.56,0.0101
58.10,0.7398,2.0128,0.6622,-87.68,100,0.7500,1.8635,1.60,0.0093
58.31,0.7416,2.0033,0.6624,-88.38,101,0.7500,1.8535,1.58,0.0079
58.42,0.7426,1.9975,0.6625,-88.68,101,0.7500,1.8477,1.51,0.0071
58.53,0.7434,1.9928,0.6625,-88.92,101,0.7500,1.8429,1.46,0.0064
58.74,0.7447,1.9832,0.6626,-89.28,102,0.7500,1.8332,1.30,0.0053
58.93,0.7459,1.9736,0.6626,-89.54,102,0.7500,1.8236,1.11,0.0041
59.05,0.7465,1.9678,0.6625,-89.67,102,0.7500,1.8178,1.00,0.0035
59.16,0.7470,1.9630,0.6625,-89.75,102,0.7500,1.8130,0.90,0.0030
59.28,0.7476,1.9562,0.6625,-89.84,103,0.7500,1.8062,0.76,0.0024
59.41,0.7480,1.9504,0.6626,-89.87,103,0.7500,1.8004,0.63,0.0020
59.52,0.7484,1.9446,0.6626,-89.89,103,0.7500,1.7946,0.51,0.0016
59.63,0.7487,1.9398,0.6625,-89.90,103,0.7500,1.7898,0.41,0.0013
59.75,0.7489,1.9340,0.6625,-89.90,104,0.7500,1.7840,0.31,0.0011
59.93,0.7493,1.9253,0.6624,-89.90,104,0.7500,1.7753,0.18,0.0007
60.04,0.7494,1.9195,0.6624,-89.89,104,0.7500,1.7695,0.11,0.0006
60.18,0.7496,1.9138,0.6623,-89.89,104,0.7500,1.7638,0.04,0.0004
60.31,0.7498,1.9070,0.6622,-89.89,105,0.7500,1.7570,-0.03,0.0002
60.45,0.7499,1.9002,0.6622,-89.88,105,0.7500,1.7502,-0.08,0.0001
60.58,0.7500,1.8944,0.6621,-89.88,105,0.7500,1.7444,-0.11,0.0000
60.70,0.7501,1.8887,0.6621,-89.88,105,0.7500,1.7387,-0.14,0.0001
60.80,0.7501,1.8838,0.6620,-89.88,106,0.7500,1.7338,-0.16,0.0001
60.90,0.7502,1.8780,0.6620,-89.88,106,0.7500,1.7280,-0.18,0.0002
61.03,0.7502,1.8722,0.6620,-89.88,106,0.7500,1.7222,-0.19,0.0002
61.13,0.7502,1.8674,0.6619,-89.88,106,0.7500,1.7174,-0.20,0.0002
61.24,0.7502,1.8626,0.6619,-89.88,106,0.7500,1.7126,-0.21,0.0002
61.38,0.7503,1.8558,0.6618,-89.88,107,0.7500,1.7058,-0.22,0.0003
61.50,0.7503,1.8500,0.6618,-89.88,107,0.7500,1.7000,-0.23,0.0003
61.73,0.7503,1.8384,0.6618,-89.88,107,0.7500,1.6884,-0.24,0.0003
61.96,0.7503,1.8278,0.6617,-89.88,108,0.7500,1.6778,-0.24,0.0003
62.08,0.7503,1.8220,0.6617,-89.88,108,0.7500,1.6720,-0.25,0.0003
62.18,0.7503,1.8172,0.6617,-89.88,108,0.7500,1.6672,-0.25,0.0003
62.37,0.7503,1.8075,0.6617,-89.88,109,0.7500,1.6575,-0.25,0.0003
62.50,0.7503,1.8007,0.6616,-89.88,109,0.7500,1.6507,-0.25,0.0003
62.68,0.7503,1.7930,0.6616,-89.88,109,0.7500,1.6430,-0.25,0.0003
62.78,0.7503,1.7881,0.6616,-89.88,109,0.7500,1.6381,-0.25,0.0003
62.94,0.7503,1.7804,0.6616,-89.88,110,0.7500,1.6304,-0.26,0.0003
63.14,0.7504,1.7707,0.6616,-89.88,110,0.7500,1.6207,-0.26,0.0004
63.25,0.7504,1.7649,0.6616,-89.88,110,0.7500,1.6149,-0.26,0.0004
63.36,0.7504,1.7601,0.6616,-89.88,110,0.7500,1.6101,-0.26,0.0004
63.46,0.7504,1.7553,0.6616,-89.88,111,0.7500,1.6053,-0.26,0.0004
63.64,0.7504,1.7466,0.6616,-89.88,111,0.7500,1.5966,-0.26,0.0004
63.90,0.7504,1.7340,0.6616,-89.88,112,0.7500,1.5840,-0.26,0.0004
64.02,0.7504,1.7282,0.6616,-89.88,112,0.7500,1.5782,-0.26,0.0004
64.23,0.7504,1.7176,0.6616,-89.88,112,0.7500,1.5676,-0.26,0.0004
64.42,0.7504,1.7079,0.6616,-89.88,113,0.7500,1.5579,-0.26,0.0004
64.65,0.7504,1.6973,0.6616,-89.88,113,0.7500,1.5473,-0.26,0.0004
64.77,0.7504,1.6915,0.6615,-89.88,113,0.7500,1.5415,-0.26,0.0004
64.89,0.7504,1.6856,0.6615,-89.88,113,0.7500,1.5356,-0.26,0.0004
65.01,0.7504,1.6798,0.6615,-89.88,114,0.7500,1.5298,-0.26,0.0004
65.12,0.7504,1.6750,0.6615,-89.88,114,0.7500,1.5250,-0.26,0.0004
65.32,0.7504,1.6653,0.6615,-89.88,114,0.7500,1.5153,-0.26,0.0004
65.44,0.7504,1.6595,0.6615,-89.88,115,0.7500,1.5095,-0.26,0.0004
65.60,0.7504,1.6518,0.6615,-89.88,115,0.7500,1.5018,-0.26,0.0004
65.80,0.7504,1.6421,0.6615,-89.88,115,0.7500,1.4921,-0.26,0.0004
65.90,0.7504,1.6373,0.6615,-89.88,115,0.7500,1.4873,-0.26,0.0004
66.01,0.7504,1.6315,0.6615,-89.88,116,0.7500,1.4815,-0.26,0.0004
66.12,0.7504,1.6267,0.6615,-89.88,116,0.7500,1.4767,-0.26,0.0004
66.25,0.7504,1.6199,0.6615,-89.88,116,0.7500,1.4699,-0.26,0.0004
66.37,0.7504,1.6141,0.6615,-89.88,116,0.7500,1.4641,-0.26,0.0004
66.60,0.7504,1.6034,0.6615,-89.88,117,0.7500,1.4534,-0.26,0.0004
66.74,0.7504,1.5976,0.6615,-89.88,117,0.7500,1.4476,-0.26,0.0004
66.86,0.7504,1.5918,0.6615,-89.88,117,0.7500,1.4418,-0.26,0.0004
66.98,0.7504,1.5860,0.6615,-89.88,117,0.7500,1.4360,-0.26,0.0004
67.08,0.7504,1.5812,0.6615,-89.88,118,0.7500,1.4312,-0.26,0.0004
67.22,0.7504,1.5744,0.6615,-89.88,118,0.7500,1.4244,-0.26,0.0004
67.35,0.7504,1.5677,0.6615,-89.88,118,0.7500,1.4177,-0.26,0.0004
67.45,0.7504,1.5628,0.6615,-89.88,118,0.7500,1.4128,-0.26,0.0004
67.55,0.7504,1.5580,0.6615,-89.88,119,0.7500,1.4080,-0.26,0.0004
67.74,0.7504,1.5493,0.6615,-89.88,119,0.7500,1.3993,-0.26,0.0004
67.87,0.7504,1.5425,0.6615,-89.88,119,0.7500,1.3925,-0.26,0.0004
68.00,0.7504,1.5367,0.6615,-89.88,119,0.7500,1.3867,-0.26,0.0004
68.13,0.7504,1.5300,0.6615,-89.88,120,0.7500,1.3800,-0.26,0.0004
68.24,0.7504,1.5251,0.6615,-89.88,120,0.7500,1.3751,-0.26,0.0004
68.48,0.7504,1.5135,0.6615,-89.88,120,0.7500,1.3635,-0.26,0.0004
68.71,0.7504,1.5019,0.6615,-89.88,121,0.7500,1.3519,-0.26,0.0004
68.85,0.7504,1.4951,0.6615,-89.88,121,0.7500,1.3451,-0.26,0.0004
69.06,0.7504,1.4855,0.6615,-89.88,121,0.7500,1.3355,-0.26,0.0004
69.24,0.7504,1.4768,0.6615,-89.88,122,0.7500,1.3268,-0.26,0.0004
69.37,0.7504,1.4700,0.6615,-89.88,122,0.7500,1.3200,-0.26,0.0004
69.54,0.7504,1.4623,0.6615,-89.88,122,0.7500,1.3123,-0.26,0.0004
69.73,0.7504,1.4526,0.6615,-89.88,123,0.7500,1.3026,-0.26,0.0004
69.92,0.7504,1.4439,0.6615,-89.88,123,0.7500,1.2939,-0.26,0.0004
70.06,0.7504,1.4371,0.6615,-89.88,123,0.7500,1.2871,-0.26,0.0004
70.19,0.7504,1.4303,0.6615,-89.88,124,0.7500,1.2803,-0.26,0.0004
70.33,0.7504,1.4236,0.6615,-89.88,124,0.7500,1.2736,-0.26,0.0004
70.48,0.7504,1.4168,0.6615,-89.88,124,0.7500,1.2668,-0.26,0.0004
70.59,0.7504,1.4110,0.6615,-89.88,124,0.7500,1.2610,-0.26,0.0004
70.82,0.7504,1.4004,0.6615,-89.88,125,0.7500,1.2504,-0.26,0.0004
70.93,0.7504,1.3946,0.6615,-89.88,125,0.7500,1.2446,-0.26,0.0004
71.04,0.7504,1.3897,0.6615,-89.88,125,0.7500,1.2397,-0.26,0.0004
71.16,0.7504,1.3839,0.6615,-89.88,126,0.7500,1.2339,-0.26,0.0004
71.28,0.7504,1.3781,0.6615,-89.88,126,0.7500,1.2281,-0.26,0.0004
71.48,0.7504,1.3685,0.6615,-89.88,126,0.7500,1.2185,-0.26,0.0004
71.66,0.7504,1.3597,0.6615,-89.88,127,0.7500,1.2097,-0.26,0.0004
71.84,0.7504,1.3510,0.6615,-89.88,127,0.7500,1.2010,-0.26,0.0004
72.02,0.7504,1.3423,0.6615,-89.88,127,0.7500,1.1923,-0.26,0.0004
72.21,0.7504,1.3327,0.6615,-89.88,128,0.7500,1.1827,-0.26,0.0004
72.32,0.7504,1.3278,0.6615,-89.88,128,0.7500,1.1778,-0.26,0.0004
72.51,0.7504,1.3182,0.6615,-89.88,128,0.7500,1.1682,-0.26,0.0004
72.61,0.7504,1.3133,0.6615,-89.88,128,0.7500,1.1633,-0.26,0.0004
72.72,0.7504,1.3085,0.6615,-89.88,129,0.7500,1.1585,-0.26,0.0004
72.94,0.7504,1.2979,0.6615,-89.88,129,0.7500,1.1479,-0.26,0.0004
73.04,0.7504,1.2930,0.6615,-89.88,129,0.7500,1.1430,-0.26,0.0004
73.16,0.7504,1.2872,0.6615,-89.88,129,0.7500,1.1372,-0.26,0.0004
73.37,0.7504,1.2766,0.6615,-89.88,130,0.7500,1.1266,-0.26,0.0004
73.56,0.7504,1.2679,0.6615,-89.88,130,0.7500,1.1179,-0.26,0.0004
73.67,0.7504,1.2630,0.6615,-89.88,130,0.7500,1.1130,-0.26,0.0004
73.80,0.7504,1.2563,0.6615,-89.88,131,0.7500,1.1063,-0.26,0.0004
73.96,0.7504,1.2485,0.6615,-89.88,131,0.7500,1.0985,-0.26,0.0004
74.08,0.7504,1.2427,0.6615,-89.88,131,0.7500,1.0927,-0.26,0.0004
74.29,0.7504,1.2321,0.6615,-89.88,132,0.7500,1.0821,-0.26,0.0004
74.49,0.7504,1.2224,0.6615,-89.88,132,0.7500,1.0724,-0.26,0.0004
74.62,0.7504,1.2166,0.6615,-89.88,132,0.7500,1.0666,-0.26,0.0004
74.74,0.7504,1.2108,0.6615,-89.88,132,0.7500,1.0608,-0.26,0.0004
74.85,0.7504,1.2060,0.6615,-89.88,133,0.7500,1.0560,-0.26,0.0004
74.97,0.7504,1.2002,0.6615,-89.88,133,0.7500,1.0502,-0.26,0.0004
75.09,0.7504,1.1934,0.6615,-89.88,133,0.7500,1.0434,-0.26,0.0004
75.20,0.7504,1.1886,0.6615,-89.88,133,0.7500,1.0386,-0.26,0.0004
75.33,0.7504,1.1828,0.6615,-89.88,134,0.7500,1.0328,-0.26,0.0004
75.45,0.7504,1.1760,0.6615,-89.88,134,0.7500,1.0260,-0.26,0.0004
75.58,0.7504,1.1702,0.6615,-89.88,134,0.7500,1.0202,-0.26,0.0004
75.68,0.7504,1.1654,0.6615,-89.88,134,0.7500,1.0154,-0.26,0.0004
75.81,0.7504,1.1596,0.6615,-89.88,135,0.7500,1.0096,-0.26,0.0004
75.95,0.7504,1.1528,0.6615,-89.88,135,0.7500,1.0028,-0.26,0.0004
76.15,0.7504,1.1422,0.6615,-89.88,135,0.7500,0.9922,-0.26,0.0004
76.29,0.7504,1.1364,0.6615,-89.88,135,0.7500,0.9864,-0.26,0.0004
76.42,0.7504,1.1296,0.6615,-89.88,136,0.7500,0.9796,-0.26,0.0004
76.56,0.7504,1.1228,0.6615,-89.88,136,0.7500,0.9728,-0.26,0.0004
76.67,0.7504,1.1180,0.6615,-89.88,136,0.7500,0.9680,-0.26,0.0004
76.80,0.7504,1.1112,0.6615,-89.88,136,0.7500,0.9612,-0.26,0.0004
76.92,0.7504,1.1054,0.6615,-89.88,137,0.7500,0.9554,-0.26,0.0004
77.10,0.7504,1.0967,0.6615,-89.88,137,0.7500,0.9467,-0.26,0.0004
77.28,0.7504,1.0880,0.6615,-89.88,137,0.7500,0.9380,-0.26,0.0004
77.40,0.7504,1.0822,0.6615,-89.88,138,0.7500,0.9322,-0.26,0.0004
77.52,0.7504,1.0764,0.6615,-89.88,138,0.7500,0.9264,-0.26,0.0004
77.65,0.7504,1.0706,0.6615,-89.88,138,0.7500,0.9206,-0.26,0.0004
77.76,0.7504,1.0648,0.6615,-89.88,138,0.7500,0.9148,-0.26,0.0004
77.89,0.7504,1.0590,0.6615,-89.88,139,0.7500,0.9090,-0.26,0.0004
78.01,0.7504,1.0532,0.6615,-89.88,139,0.7500,0.9032,-0.26,0.0004
78.21,0.7504,1.0435,0.6615,-89.88,139,0.7500,0.8935,-0.26,0.0004
78.70,0.7504,1.0193,0.6615,-89.88,140,0.7500,0.8693,-0.26,0.0004
78.83,0.7504,1.0126,0.6615,-89.88,140,0.7500,0.8626,-0.26,0.0004
79.02,0.7504,1.0039,0.6615,-89.88,141,0.7500,0.8539,-0.26,0.0004
79.24,0.7504,0.9932,0.6615,-89.88,141,0.7500,0.8432,-0.26,0.0004
79.42,0.7504,0.9845,0.6615,-89.88,142,0.7500,0.8345,-0.26,0.0004
79.53,0.7504,0.9787,0.6615,-89.88,142,0.7500,0.8287,-0.26,0.0004
79.63,0.7504,0.9739,0.6615,-89.88,142,0.7500,0.8239,-0.26,0.0004
79.85,0.7504,0.9633,0.6615,-89.88,142,0.7500,0.8133,-0.26,0.0004
80.05,0.7504,0.9536,0.6615,-89.88,143,0.7500,0.8036,-0.26,0.0004
80.17,0.7504,0.9487,0.6615,-89.88,143,0.7500,0.7987,-0.26,0.0004
80.41,0.7504,0.9371,0.6615,-89.88,143,0.7500,0.7871,-0.26,0.0004
80.51,0.7504,0.9323,0.6615,-89.88,144,0.7500,0.7823,-0.26,0.0004
80.70,0.7504,0.9226,0.6615,-89.88,144,0.7500,0.7726,-0.26,0.0004
80.83,0.7504,0.9168,0.6615,-89.88,144,0.7500,0.7668,-0.26,0.0004
81.05,0.7504,0.9052,0.6615,-89.88,145,0.7500,0.7552,-0.26,0.0004
81.17,0.7504,0.8994,0.6615,-89.88,145,0.7500,0.7494,-0.26,0.0004
81.29,0.7504,0.8936,0.6615,-89.88,145,0.7500,0.7436,-0.26,0.0004
81.41,0.7504,0.8888,0.6615,-89.88,145,0.7500,0.7388,-0.26,0.0004
81.57,0.7504,0.8801,0.6615,-89.88,146,0.7500,0.7301,-0.26,0.0004
81.85,0.7504,0.8665,0.6615,-89.88,146,0.7500,0.7165,-0.26,0.0004
82.71,0.7504,0.8259,0.6615,-89.88,148,0.7500,0.6759,-0.26,0.0004
82.89,0.7504,0.8172,0.6615,-89.88,148,0.7500,0.6672,-0.26,0.0004
83.81,0.7504,0.7727,0.6615,-89.88,150,0.7500,0.6227,-0.26,0.0004
84.13,0.7504,0.7573,0.6615,-89.88,151,0.7500,0.6073,-0.26,0.0004
84.48,0.7504,0.7399,0.6615,-89.88,151,0.7500,0.5899,-0.26,0.0004
85.14,0.7504,0.7079,0.6615,-89.88,153,0.7500,0.5579,-0.26,0.0004
85.27,0.7504,0.7021,0.6615,-89.88,153,0.7500,0.5521,-0.26,0.0004
85.49,0.7504,0.6915,0.6615,-89.88,153,0.7500,0.5415,-0.26,0.0004
85.68,0.7504,0.6818,0.6615,-89.88,154,0.7500,0.5318,-0.26,0.0004
85.87,0.7504,0.6731,0.6615,-89.88,154,0.7500,0.5231,-0.26,0.0004
87.44,0.7504,0.5967,0.6615,-89.88,157,0.7562,0.4472,2.10,0.0004
87.64,0.7504,0.5871,0.6615,-89.88,157,0.7580,0.4377,2.82,0.0004
87.95,0.7505,0.5715,0.6622,-89.04,158,0.7627,0.4229,3.73,0.0005
88.21,0.7512,0.5609,0.6624,-88.12,158,0.7661,0.4129,3.88,0.0012
88.34,0.7517,0.5541,0.6624,-87.39,159,0.7688,0.4067,3.99,0.0017
88.45,0.7522,0.5493,0.6625,-86.82,159,0.7707,0.4023,4.00,0.0022
88.56,0.7528,0.5436,0.6625,-86.09,159,0.7731,0.3970,3.94,0.0028
88.77,0.7540,0.5340,0.6624,-84.80,160,0.7770,0.3883,3.75,0.0040
88.93,0.7551,0.5264,0.6623,-83.68,160,0.7807,0.3816,3.71,0.0051
89.06,0.7560,0.5206,0.6623,-82.83,160,0.7835,0.3766,3.64,0.0060
89.17,0.7569,0.5149,0.6623,-81.95,160,0.7862,0.3717,3.53,0.0069
89.27,0.7576,0.5102,0.6623,-81.18,160,0.7885,0.3675,3.39,0.0076
89.40,0.7586,0.5045,0.6623,-80.21,161,0.7919,0.3626,3.39,0.0084
89.54,0.7600,0.4970,0.6623,-78.85,161,0.7961,0.3563,3.26,0.0094
90.60,0.7712,0.4494,0.6615,-69.11,163,0.8294,0.3183,3.03,0.0152
91.54,0.7865,0.4084,0.6615,-58.28,165,0.8667,0.2893,2.21,0.0170
91.65,0.7889,0.4034,0.6614,-56.83,165,0.8713,0.2863,1.97,0.0171
91.83,0.7927,0.3960,0.6612,-54.64,166,0.8798,0.2811,1.80,0.0175
92.02,0.7968,0.3887,0.6614,-52.51,166,0.8873,0.2774,1.66,0.0175
92.37,0.8052,0.3742,0.6615,-48.32,167,0.9039,0.2697,1.68,0.0176
92.98,0.8214,0.3514,0.6612,-41.36,168,0.9324,0.2601,1.93,0.0172
93.08,0.8244,0.3478,0.6612,-40.20,168,0.9369,0.2589,1.90,0.0171
93.34,0.8325,0.3387,0.6611,-37.16,169,0.9504,0.2556,1.97,0.0170
93.52,0.8384,0.3327,0.6611,-35.06,169,0.9587,0.2542,1.92,0.0167
93.73,0.8459,0.3257,0.6611,-32.48,169,0.9688,0.2525,1.68,0.0167
93.85,0.8501,0.3220,0.6612,-31.08,170,0.9759,0.2516,1.82,0.0167
93.97,0.8530,0.3196,0.6612,-30.16,170,0.9797,0.2513,1.82,0.0166
94.09,0.8582,0.3155,0.6612,-28.58,170,0.9862,0.2509,1.79,0.0165
94.31,0.8657,0.3100,0.6614,-26.32,170,0.9955,0.2503,1.62,0.0167
94.44,0.8711,0.3063,0.6614,-24.75,171,1.0036,0.2505,1.90,0.0167
94.57,0.8758,0.3033,0.6614,-23.42,171,1.0092,0.2508,1.94,0.0167
94.69,0.8805,0.3003,0.6614,-22.10,171,1.0147,0.2511,1.94,0.0167
94.81,0.8852,0.2975,0.6614,-20.74,171,1.0202,0.2514,1.85,0.0169
94.93,0.8901,0.2948,0.6614,-19.37,172,1.0276,0.2522,2.16,0.0168
97.66,1.0118,0.2683,0.6608,12.60,177,1.1512,0.3018,0.94,0.0174
97.76,1.0165,0.2686,0.6608,13.79,177,1.1549,0.3046,0.78,0.0175
98.26,1.0397,0.2716,0.6611,19.21,178,1.1739,0.3209,0.97,0.0174
98.39,1.0461,0.2726,0.6611,20.65,179,1.1796,0.3265,1.31,0.0174
98.63,1.0560,0.2747,0.6610,22.94,179,1.1864,0.3341,1.60,0.0170
98.76,1.0623,0.2762,0.6611,24.48,179,1.1906,0.3390,1.62,0.0170
98.88,1.0678,0.2776,0.6612,25.81,180,1.1953,0.3446,1.89,0.0171
98.99,1.0723,0.2790,0.6612,26.92,180,1.1980,0.3484,1.99,0.0169
99.17,1.0811,0.2819,0.6613,29.19,180,1.2034,0.3559,2.00,0.0169
99.30,1.0864,0.2839,0.6614,30.59,180,1.2067,0.3605,1.90,0.0170
99.43,1.0924,0.2863,0.6614,32.23,181,1.2114,0.3678,2.19,0.0169
99.55,1.0975,0.2886,0.6614,33.61,181,1.2142,0.3726,2.15,0.0167
99.80,1.1074,0.2934,0.6614,36.42,181,1.2197,0.3821,1.88,0.0167
99.94,1.1132,0.2965,0.6615,38.08,182,1.2234,0.3892,2.00,0.0165
100.06,1.1181,0.2993,0.6616,39.47,182,1.2258,0.3943,1.93,0.0164
100.24,1.1252,0.3037,0.6615,41.52,182,1.2294,0.4019,1.78,0.0165
100.37,1.1306,0.3073,0.6616,43.12,183,1.2326,0.4092,1.85,0.0166
100.55,1.1367,0.3116,0.6616,44.93,183,1.2350,0.4163,1.87,0.0164
100.68,1.1419,0.3155,0.6616,46.50,183,1.2371,0.4225,1.82,0.0165
100.80,1.1463,0.3190,0.6616,47.87,183,1.2389,0.4278,1.72,0.0167
100.92,1.1507,0.3226,0.6616,49.22,184,1.2409,0.4347,1.95,0.0167
101.04,1.1549,0.3263,0.6616,50.56,184,1.2421,0.4402,2.00,0.0167
101.59,1.1733,0.3446,0.6615,56.99,185,1.2471,0.4677,2.08,0.0167
101.80,1.1794,0.3516,0.6613,59.30,185,1.2483,0.4769,1.89,0.0168
102.32,1.1937,0.3710,0.6611,65.29,186,1.2502,0.5027,1.51,0.0166
102.50,1.1982,0.3780,0.6610,67.35,187,1.2508,0.5125,1.30,0.0164
102.70,1.2029,0.3859,0.6610,69.52,187,1.2514,0.5217,0.83,0.0164
102.80,1.2052,0.3899,0.6610,70.57,187,1.2517,0.5263,0.58,0.0165
102.99,1.2095,0.3982,0.6612,72.61,188,1.2532,0.5370,-0.10,0.0164
103.18,1.2132,0.4058,0.6613,74.32,188,1.2548,0.5453,-0.91,0.0163
103.35,1.2167,0.4133,0.6614,75.90,188,1.2563,0.5535,-1.68,0.0164
103.54,1.2201,0.4211,0.6616,77.29,189,1.2590,0.5634,-2.56,0.0157
103.73,1.2234,0.4289,0.6617,78.50,189,1.2613,0.5715,-3.37,0.0151
103.92,1.2269,0.4375,0.6619,79.61,190,1.2645,0.5819,-4.19,0.0142
104.11,1.2301,0.4455,0.6622,80.37,190,1.2675,0.5898,-4.90,0.0128
104.24,1.2325,0.4518,0.6623,80.81,190,1.2699,0.5960,-5.32,0.0118
104.37,1.2346,0.4572,0.6625,80.96,190,1.2719,0.6014,-5.46,0.0110
104.50,1.2371,0.4636,0.6627,80.99,191,1.2752,0.6083,-5.78,0.0094
104.61,1.2391,0.4691,0.6628,80.90,191,1.2778,0.6134,-5.89,0.0081
104.84,1.2429,0.4791,0.6630,80.38,191,1.2824,0.6228,-5.76,0.0056
105.02,1.2459,0.4875,0.6631,79.72,192,1.2871,0.6303,-5.82,0.0033
105.23,1.2493,0.4967,0.6631,78.88,192,1.2923,0.6382,-5.81,0.0005
105.38,1.2519,0.5041,0.6632,78.03,192,1.2965,0.6444,-5.66,0.0016
105.48,1.2535,0.5087,0.6633,77.42,193,1.2993,0.6482,-5.62,0.0029
105.87,1.2598,0.5270,0.6635,74.14,193,1.3110,0.6627,-4.82,0.0080
105.98,1.2613,0.5315,0.6634,73.24,194,1.3148,0.6669,-4.78,0.0089
106.21,1.2653,0.5422,0.6632,70.92,194,1.3226,0.6750,-4.26,0.0109
106.34,1.2671,0.5475,0.6634,69.60,194,1.3264,0.6790,-3.88,0.0117
106.45,1.2690,0.5528,0.6634,68.27,195,1.3312,0.6837,-3.69,0.0125
106.57,1.2705,0.5572,0.6633,67.14,195,1.3347,0.6868,-3.50,0.0128
106.77,1.2737,0.5659,0.6631,64.89,195,1.3417,0.6928,-3.07,0.0135
106.88,1.2757,0.5711,0.6630,63.54,195,1.3459,0.6965,-2.79,0.0140
107.06,1.2788,0.5789,0.6627,61.52,196,1.3537,0.7022,-2.76,0.0145
107.25,1.2825,0.5874,0.6625,59.34,196,1.3614,0.7074,-2.65,0.0149
107.44,1.2859,0.5949,0.6623,57.35,196,1.3682,0.7120,-2.46,0.0154
107.54,1.2879,0.5991,0.6622,56.23,197,1.3735,0.7150,-2.66,0.0154
107.68,1.2909,0.6049,0.6621,54.68,197,1.3792,0.7181,-2.64,0.0155
107.87,1.2953,0.6129,0.6619,52.43,197,1.3873,0.7224,-2.48,0.0159
108.13,1.3009,0.6225,0.6619,49.67,198,1.3992,0.7279,-2.65,0.0158
108.23,1.3034,0.6264,0.6618,48.53,198,1.4034,0.7297,-2.59,0.0158
108.41,1.3080,0.6332,0.6617,46.48,198,1.4109,0.7329,-2.40,0.0158
108.60,1.3134,0.6406,0.6617,44.15,199,1.4209,0.7365,-2.43,0.0157
108.71,1.3163,0.6443,0.6617,43.02,199,1.4254,0.7379,-2.38,0.0156
108.93,1.3233,0.6528,0.6617,40.30,199,1.4359,0.7413,-2.14,0.0158
109.12,1.3289,0.6590,0.6616,38.28,200,1.4454,0.7435,-2.33,0.0157
109.80,1.3519,0.6805,0.6615,30.69,201,1.4780,0.7483,-2.43,0.0160
110.19,1.3660,0.6912,0.6613,26.40,202,1.4976,0.7498,-2.39,0.0160
110.37,1.3728,0.6958,0.6612,24.35,202,1.5059,0.7504,-2.06,0.0160
110.49,1.3774,0.6988,0.6612,22.98,202,1.5113,0.7507,-1.77,0.0161
110.67,1.3846,0.7031,0.6612,20.94,203,1.5212,0.7516,-1.37,0.0158
110.87,1.3935,0.7080,0.6613,18.60,203,1.5314,0.7526,-0.66,0.0157
111.01,1.3984,0.7105,0.6613,17.39,203,1.5369,0.7531,-0.28,0.0158
111.13,1.4043,0.7133,0.6615,16.02,204,1.5447,0.7545,0.33,0.0154
111.32,1.4119,0.7169,0.6616,14.48,204,1.5529,0.7562,1.09,0.0151
111.61,1.4239,0.7221,0.6619,12.42,205,1.5669,0.7595,2.25,0.0146
111.74,1.4299,0.7246,0.6620,11.55,205,1.5731,0.7616,2.91,0.0140
111.93,1.4387,0.7282,0.6621,10.53,205,1.5821,0.7645,3.68,0.0133
112.07,1.4440,0.7303,0.6623,10.06,206,1.5888,0.7670,4.16,0.0127
112.25,1.4520,0.7334,0.6623,9.52,206,1.5966,0.7703,4.80,0.0112
112.35,1.4574,0.7354,0.6625,9.35,206,1.6018,0.7725,5.05,0.0102
112.48,1.4628,0.7375,0.6627,9.25,206,1.6070,0.7748,5.23,0.0093
112.65,1.4711,0.7407,0.6629,9.38,207,1.6155,0.7791,5.53,0.0070
112.84,1.4793,0.7437,0.6630,9.78,207,1.6229,0.7831,5.56,0.0047
113.03,1.4875,0.7468,0.6631,10.39,207,1.6304,0.7872,5.40,0.0024
113.53,1.5116,0.7554,0.6633,13.25,208,1.6508,0.8008,4.79,0.0046
113.67,1.5180,0.7577,0.6631,14.13,209,1.6560,0.8051,4.82,0.0063
113.82,1.5243,0.7601,0.6630,15.03,209,1.6609,0.8094,4.82,0.0081
113.98,1.5307,0.7626,0.6633,16.35,209,1.6659,0.8137,4.38,0.0100
114.13,1.5379,0.7649,0.6634,17.96,210,1.6722,0.8195,4.17,0.0115
114.24,1.5424,0.7664,0.6634,19.05,210,1.6755,0.8229,3.94,0.0121
114.43,1.5512,0.7694,0.6632,21.31,210,1.6819,0.8296,3.42,0.0133
114.61,1.5591,0.7722,0.6631,23.44,211,1.6887,0.8369,3.09,0.0145
114.80,1.5679,0.7755,0.6628,25.79,211,1.6945,0.8442,2.70,0.0149
115.38,1.5928,0.7860,0.6622,32.57,212,1.7112,0.8672,1.90,0.0159
115.49,1.5970,0.7880,0.6621,33.73,212,1.7137,0.8711,1.72,0.0161
115.61,1.6020,0.7906,0.6619,35.12,213,1.7175,0.8771,1.70,0.0165
115.74,1.6069,0.7933,0.6618,36.44,213,1.7200,0.8821,1.71,0.0165
115.85,1.6118,0.7960,0.6618,37.75,213,1.7225,0.8871,1.72,0.0166
115.98,1.6166,0.7987,0.6619,39.08,213,1.7249,0.8921,1.68,0.0167
116.09,1.6215,0.8016,0.6618,40.41,213,1.7274,0.8972,1.63,0.0169
116.20,1.6262,0.8046,0.6618,41.75,214,1.7301,0.9038,1.94,0.0169
116.38,1.6332,0.8092,0.6616,43.74,214,1.7331,0.9116,1.97,0.0169
116.49,1.6369,0.8118,0.6616,44.89,214,1.7347,0.9159,1.90,0.0169
116.62,1.6414,0.8151,0.6617,46.28,215,1.7373,0.9232,2.13,0.0172
116.80,1.6480,0.8203,0.6616,48.36,215,1.7395,0.9313,2.10,0.0168
117.29,1.6652,0.8361,0.6618,54.31,216,1.7453,0.9554,1.83,0.0165
117.42,1.6698,0.8408,0.6616,55.96,216,1.7465,0.9618,1.67,0.0165
117.53,1.6729,0.8442,0.6615,57.13,216,1.7473,0.9664,1.53,0.0166
117.72,1.6784,0.8506,0.6615,59.16,217,1.7484,0.9763,1.71,0.0166
117.82,1.6819,0.8550,0.6614,60.47,217,1.7488,0.9819,1.74,0.0166
118.03,1.6876,0.8623,0.6613,62.64,217,1.7494,0.9912,1.71,0.0167
118.15,1.6908,0.8668,0.6614,63.98,218,1.7499,0.9982,1.81,0.0168
118.38,1.6970,0.8761,0.6614,66.65,218,1.7506,1.0094,1.44,0.0167
118.51,1.6999,0.8808,0.6614,68.02,218,1.7510,1.0149,1.15,0.0169
118.74,1.7051,0.8898,0.6615,70.45,219,1.7522,1.0272,0.61,0.0168
118.86,1.7077,0.8947,0.6615,71.70,219,1.7530,1.0328,0.14,0.0166
118.97,1.7102,0.8996,0.6615,72.95,219,1.7537,1.0382,-0.36,0.0165
119.10,1.7130,0.9053,0.6615,74.34,220,1.7549,1.0461,-0.88,0.0165
119.22,1.7154,0.9105,0.6616,75.41,220,1.7561,1.0516,-1.49,0.0161
119.41,1.7189,0.9182,0.6619,76.84,220,1.7580,1.0599,-2.26,0.0156
119.83,1.7266,0.9367,0.6622,79.41,221,1.7638,1.0804,-3.92,0.0139
119.95,1.7288,0.9420,0.6622,80.03,221,1.7657,1.0857,-4.43,0.0132
120.07,1.7308,0.9473,0.6620,80.66,221,1.7675,1.0911,-4.96,0.0127
120.20,1.7331,0.9535,0.6622,81.09,222,1.7706,1.0982,-5.60,0.0116
120.42,1.7368,0.9635,0.6626,81.19,222,1.7751,1.1077,-6.05,0.0098
120.54,1.7389,0.9690,0.6628,81.03,222,1.7775,1.1128,-6.08,0.0088
120.67,1.7409,0.9745,0.6628,80.86,223,1.7807,1.1187,-6.28,0.0074
120.78,1.7430,0.9800,0.6629,80.58,223,1.7835,1.1235,-6.35,0.0057
120.98,1.7464,0.9892,0.6630,79.82,223,1.7883,1.1316,-6.21,0.0029
121.27,1.7511,1.0021,0.6633,78.21,224,1.7956,1.1426,-5.77,0.0010
121.56,1.7561,1.0159,0.6633,76.09,224,1.8038,1.1541,-5.16,0.0050
121.69,1.7580,1.0214,0.6635,75.10,225,1.8075,1.1588,-4.90,0.0065
121.87,1.7609,1.0296,0.6635,73.56,225,1.8131,1.1652,-4.59,0.0083
122.07,1.7640,1.0385,0.6636,71.60,225,1.8192,1.1722,-4.05,0.0102
122.26,1.7667,1.0466,0.6635,69.76,226,1.8258,1.1789,-3.80,0.0115
122.48,1.7701,1.0562,0.6633,67.45,226,1.8334,1.1857,-3.50,0.0127
122.60,1.7724,1.0623,0.6632,65.93,226,1.8382,1.1899,-3.24,0.0135
122.72,1.7743,1.0675,0.6630,64.61,227,1.8436,1.1944,-3.28,0.0140
122.84,1.7763,1.0728,0.6629,63.27,227,1.8481,1.1977,-3.16,0.0143
122.97,1.7784,1.0779,0.6628,61.93,227,1.8526,1.2009,-3.02,0.0146
123.15,1.7815,1.0855,0.6626,59.86,227,1.8592,1.2058,-2.70,0.0151
123.35,1.7854,1.0939,0.6624,57.56,228,1.8685,1.2117,-2.77,0.0152
123.48,1.7878,1.0989,0.6622,56.19,228,1.8732,1.2146,-2.64,0.0152
123.58,1.7903,1.1038,0.6621,54.84,228,1.8779,1.2174,-2.49,0.0154
123.80,1.7951,1.1127,0.6620,52.32,229,1.8880,1.2229,-2.46,0.0155
124.04,1.8003,1.1214,0.6619,49.85,229,1.8972,1.2273,-2.31,0.0155
124.23,1.8053,1.1292,0.6618,47.60,230,1.9069,1.2318,-2.29,0.0158
124.36,1.8090,1.1346,0.6617,46.04,230,1.9131,1.2339,-2.34,0.0157
124.46,1.8118,1.1383,0.6617,44.94,230,1.9175,1.2354,-2.35,0.0157
124.83,1.8222,1.1514,0.6616,40.92,231,1.9349,1.2407,-2.50,0.0160
124.97,1.8264,1.1562,0.6615,39.35,231,1.9411,1.2422,-2.50,0.0160
125.09,1.8302,1.1603,0.6614,38.01,231,1.9465,1.2435,-2.45,0.0161
125.28,1.8367,1.1669,0.6614,35.71,232,1.9576,1.2457,-2.63,0.0162
125.48,1.8427,1.1726,0.6613,33.64,232,1.9658,1.2468,-2.55,0.0159
125.61,1.8475,1.1769,0.6613,31.99,232,1.9721,1.2477,-2.37,0.0159
125.73,1.8518,1.1805,0.6614,30.57,233,1.9791,1.2486,-2.41,0.0160
125.85,1.8561,1.1840,0.6615,29.18,233,1.9847,1.2490,-2.35,0.0158
125.98,1.8613,1.1879,0.6615,27.60,233,1.9912,1.2494,-2.24,0.0157
126.24,1.8704,1.1943,0.6616,24.87,233,2.0023,1.2502,-1.90,0.0160
126.54,1.8823,1.2016,0.6615,21.56,234,2.0177,1.2512,-1.46,0.0158
126.66,1.8879,1.2048,0.6614,20.07,234,2.0242,1.2516,-1.12,0.0159
126.78,1.8927,1.2074,0.6614,18.79,235,2.0311,1.2524,-0.80,0.0160
126.90,1.8976,1.2099,0.6614,17.58,235,2.0364,1.2533,-0.23,0.0158
127.02,1.9026,1.2124,0.6614,16.43,235,2.0419,1.2543,0.29,0.0158
127.14,1.9076,1.2148,0.6616,15.35,235,2.0474,1.2552,0.77,0.0158
127.25,1.9118,1.2168,0.6617,14.51,236,2.0539,1.2565,1.10,0.0159
127.38,1.9169,1.2191,0.6618,13.55,236,2.0593,1.2579,1.71,0.0153
127.49,1.9221,1.2213,0.6618,12.68,236,2.0647,1.2594,2.26,0.0148
127.68,1.9307,1.2250,0.6621,11.43,236,2.0737,1.2618,3.00,0.0141
127.87,1.9387,1.2283,0.6624,10.59,237,2.0830,1.2649,3.65,0.0130
128.07,1.9475,1.2318,0.6624,9.90,237,2.0919,1.2682,4.24,0.0116
128.18,1.9528,1.2339,0.6625,9.64,237,2.0972,1.2701,4.46,0.0107
128.32,1.9583,1.2360,0.6626,9.44,238,2.1033,1.2728,4.80,0.0097
128.43,1.9637,1.2381,0.6628,9.43,238,2.1084,1.2753,5.01,0.0084
128.55,1.9692,1.2401,0.6629,9.53,238,2.1135,1.2778,5.11,0.0071
128.78,1.9802,1.2441,0.6630,10.00,239,2.1241,1.2833,5.21,0.0045
128.88,1.9848,1.2458,0.6631,10.32,239,2.1280,1.2858,5.28,0.0032
129.08,1.9941,1.2491,0.6631,11.12,239,2.1359,1.2909,5.30,0.0005
129.19,1.9987,1.2508,0.6633,11.67,239,2.1399,1.2935,5.17,0.0009
129.30,2.0042,1.2527,0.6633,12.36,240,2.1446,1.2967,5.06,0.0024
129.52,2.0144,1.2562,0.6634,14.00,240,2.1527,1.3031,4.74,0.0052
129.65,2.0199,1.2580,0.6634,14.99,240,2.1571,1.3065,4.49,0.0067
129.76,2.0253,1.2598,0.6632,15.98,240,2.1614,1.3099,4.24,0.0081
129.95,2.0334,1.2627,0.6631,17.63,241,2.1684,1.3162,4.01,0.0098
130.15,2.0424,1.2657,0.6631,19.61,241,2.1752,1.3226,3.56,0.0112
130.28,2.0485,1.2679,0.6629,21.07,241,2.1798,1.3270,3.17,0.0123
130.40,2.0538,1.2698,0.6629,22.35,242,2.1844,1.3319,3.11,0.0129
130.59,2.0617,1.2727,0.6627,24.29,242,2.1900,1.3383,2.79,0.0137
130.77,2.0696,1.2756,0.6627,26.28,242,2.1955,1.3445,2.41,0.0145
130.98,2.0782,1.2791,0.6624,28.49,243,2.2018,1.3531,2.43,0.0150
131.08,2.0825,1.2809,0.6623,29.58,243,2.2044,1.3570,2.37,0.0152
131.20,2.0884,1.2835,0.6622,31.11,243,2.2080,1.3623,2.28,0.0156
131.30,2.0926,1.2855,0.6621,32.23,243,2.2106,1.3661,2.14,0.0159
131.43,2.0976,1.2879,0.6620,33.58,244,2.2142,1.3724,2.36,0.0160
131.63,2.1059,1.2921,0.6618,35.84,244,2.2187,1.3805,2.26,0.0161
131.73,2.1099,1.2942,0.6617,36.97,244,2.2209,1.3845,2.15,0.0163
131.84,2.1139,1.2965,0.6617,38.14,244,2.2231,1.3885,1.99,0.0165
132.06,2.1227,1.3018,0.6617,40.70,245,2.2281,1.3996,2.16,0.0163
132.18,2.1274,1.3048,0.6617,42.08,245,2.2303,1.4047,2.05,0.0163
132.29,2.1319,1.3079,0.6616,43.44,245,2.2325,1.4097,1.90,0.0164
132.39,2.1356,1.3105,0.6615,44.59,246,2.2347,1.4154,2.02,0.0164
132.58,2.1431,1.3162,0.6616,46.87,246,2.2376,1.4242,1.93,0.0163
132.77,2.1495,1.3214,0.6617,48.94,246,2.2403,1.4321,1.71,0.0164
132.87,2.1531,1.3245,0.6617,50.07,247,2.2420,1.4381,1.86,0.0165
133.06,2.1593,1.3302,0.6617,52.09,247,2.2437,1.4463,1.91,0.0164
133.45,2.1724,1.3435,0.6617,56.60,248,2.2471,1.4663,2.07,0.0167
133.65,2.1785,1.3505,0.6616,58.86,248,2.2480,1.4755,2.05,0.0167
133.77,2.1820,1.3548,0.6615,60.24,248,2.2486,1.4811,1.95,0.0169
133.97,2.1877,1.3622,0.6614,62.57,249,2.2491,1.4925,2.17,0.0168
134.08,2.1904,1.3660,0.6614,63.72,249,2.2492,1.4971,2.13,0.0167
134.18,2.1935,1.3706,0.6613,65.10,249,2.2492,1.5027,2.03,0.0166
134.29,2.1960,1.3744,0.6613,66.29,249,2.2493,1.5072,1.87,0.0167
134.43,2.1995,1.3799,0.6614,67.94,250,2.2489,1.5153,1.99,0.0166
134.56,2.2023,1.3848,0.6615,69.31,250,2.2485,1.5209,1.94,0.0164
134.68,2.2050,1.3897,0.6615,70.67,250,2.2480,1.5264,1.85,0.0164
134.80,2.2075,1.3946,0.6614,72.05,250,2.2476,1.5319,1.70,0.0165
134.97,2.2112,1.4022,0.6615,74.09,251,2.2461,1.5417,1.89,0.0165
135.21,2.2156,1.4124,0.6614,76.75,251,2.2439,1.5527,1.87,0.0165
135.43,2.2193,1.4219,0.6615,79.24,252,2.2412,1.5641,2.01,0.0167
135.56,2.2211,1.4272,0.6615,80.59,252,2.2395,1.5694,2.04,0.0166
135.76,2.2238,1.4360,0.6614,82.86,252,2.2367,1.5782,1.95,0.0168
135.88,2.2255,1.4423,0.6614,84.48,253,2.2339,1.5864,2.18,0.0170
136.11,2.2279,1.4523,0.6614,87.02,253,2.2300,1.5958,2.11,0.0167
136.22,2.2288,1.4568,0.6614,88.22,253,2.2283,1.6000,1.97,0.0167
136.33,2.2297,1.4623,0.6616,89.66,253,2.2261,1.6052,1.79,0.0168
136.46,2.2306,1.4679,0.6616,91.06,254,2.2229,1.6117,1.99,0.0166
136.62,2.2316,1.4762,0.6616,93.13,254,2.2190,1.6191,1.89,0.0165
136.76,2.2321,1.4817,0.6615,94.49,254,2.2164,1.6240,1.77,0.0165
136.86,2.2324,1.4873,0.6616,95.88,255,2.2130,1.6302,1.85,0.0167
136.99,2.2326,1.4929,0.6616,97.25,255,2.2099,1.6349,1.86,0.0165
137.10,2.2327,1.4985,0.6616,98.59,255,2.2068,1.6396,1.85,0.0165
137.22,2.2327,1.5031,0.6616,99.73,255,2.2042,1.6434,1.76,0.0165
137.35,2.2325,1.5097,0.6617,101.31,255,2.2005,1.6489,1.64,0.0168
137.46,2.2322,1.5153,0.6617,102.65,256,2.1960,1.6544,1.93,0.0166
137.69,2.2313,1.5255,0.6615,105.10,256,2.1894,1.6622,1.95,0.0167
137.92,2.2300,1.5355,0.6616,107.61,257,2.1813,1.6712,2.14,0.0169
138.05,2.2290,1.5420,0.6616,109.22,257,2.1767,1.6758,2.13,0.0167
138.17,2.2279,1.5474,0.6615,110.59,257,2.1727,1.6796,2.06,0.0167
138.27,2.2270,1.5519,0.6615,111.76,257,2.1695,1.6828,1.94,0.0167
138.49,2.2244,1.5619,0.6616,114.35,258,2.1604,1.6908,2.06,0.0166
138.60,2.2229,1.5672,0.6616,115.73,258,2.1561,1.6943,1.99,0.0165
138.74,2.2209,1.5734,0.6615,117.34,258,2.1511,1.6984,1.84,0.0165
138.84,2.2194,1.5778,0.6615,118.50,258,2.1475,1.7013,1.69,0.0167
138.95,2.2178,1.5821,0.6615,119.65,259,2.1424,1.7049,1.91,0.0165
139.09,2.2154,1.5882,0.6615,121.24,259,2.1370,1.7085,1.86,0.0164
139.19,2.2136,1.5925,0.6615,122.35,259,2.1331,1.7111,1.80,0.0165
139.30,2.2117,1.5967,0.6615,123.48,259,2.1293,1.7136,1.69,0.0166
139.41,2.2093,1.6018,0.6616,124.83,260,2.1232,1.7173,1.88,0.0167
139.51,2.2072,1.6059,0.6616,125.95,260,2.1190,1.7194,1.93,0.0166
139.71,2.2033,1.6133,0.6616,127.97,260,2.1116,1.7231,1.92,0.0166
139.87,2.1996,1.6197,0.6616,129.79,260,2.1049,1.7264,1.81,0.0169
140.00,2.1967,1.6245,0.6616,131.16,261,2.0981,1.7292,2.12,0.0168
140.17,2.1931,1.6300,0.6615,132.75,261,2.0920,1.7316,2.10,0.0167
140.32,2.1895,1.6353,0.6615,134.37,261,2.0861,1.7339,1.98,0.0168
140.43,2.1862,1.6398,0.6616,135.78,262,2.0790,1.7366,2.13,0.0170
140.53,2.1833,1.6435,0.6616,136.95,262,2.0745,1.7379,2.11,0.0167
140.66,2.1793,1.6485,0.6615,138.56,262,2.0683,1.7397,2.04,0.0166
140.78,2.1757,1.6527,0.6615,139.98,262,2.0630,1.7412,1.88,0.0166
140.97,2.1700,1.6590,0.6617,142.10,263,2.0534,1.7437,1.92,0.0166
141.17,2.1635,1.6657,0.6617,144.37,263,2.0442,1.7455,1.84,0.0164
141.28,2.1595,1.6695,0.6616,145.74,263,2.0387,1.7466,1.71,0.0165
141.49,2.1525,1.6758,0.6616,148.02,264,2.0280,1.7482,1.82,0.0166
141.62,2.1475,1.6800,0.6616,149.57,264,2.0214,1.7486,1.88,0.0165
141.76,2.1425,1.6840,0.6615,151.13,264,2.0150,1.7490,1.85,0.0166
141.87,2.1388,1.6868,0.6615,152.26,264,2.0103,1.7493,1.79,0.0168
141.99,2.1342,1.6902,0.6615,153.62,265,2.0031,1.7496,1.98,0.0168
142.19,2.1265,1.6954,0.6614,155.87,265,1.9938,1.7498,1.84,0.0167
142.34,2.1211,1.6988,0.6615,157.49,265,1.9874,1.7499,1.60,0.0169
142.47,2.1154,1.7022,0.6615,159.11,266,1.9787,1.7500,1.62,0.0170
142.60,2.1106,1.7049,0.6615,160.46,266,1.9731,1.7500,1.37,0.0167
142.71,2.1056,1.7075,0.6615,161.80,266,1.9675,1.7500,1.10,0.0166
142.83,2.1007,1.7100,0.6616,163.14,266,1.9620,1.7500,0.77,0.0166
142.95,2.0956,1.7124,0.6617,164.41,267,1.9548,1.7500,0.64,0.0166
143.06,2.0913,1.7144,0.6618,165.44,267,1.9501,1.7500,0.40,0.0163
143.18,2.0862,1.7166,0.6618,166.65,267,1.9445,1.7500,0.08,0.0161
143.29,2.0810,1.7187,0.6618,167.82,267,1.9389,1.7500,-0.23,0.0160
143.41,2.0757,1.7208,0.6619,168.94,267,1.9332,1.7500,-0.52,0.0160
143.53,2.0704,1.7228,0.6619,169.97,268,1.9261,1.7500,-0.66,0.0157
143.64,2.0651,1.7246,0.6619,170.93,268,1.9205,1.7500,-0.87,0.0153
143.83,2.0571,1.7273,0.6618,172.31,268,1.9120,1.7500,-1.19,0.0150
144.01,2.0491,1.7299,0.6619,173.60,269,1.9022,1.7500,-1.41,0.0144
144.11,2.0445,1.7312,0.6619,174.30,269,1.8975,1.7500,-1.59,0.0140
144.31,2.0354,1.7337,0.6620,175.51,269,1.8881,1.7500,-1.82,0.0133
144.50,2.0270,1.7358,0.6621,176.46,270,1.8779,1.7500,-1.90,0.0124
144.68,2.0177,1.7379,0.6621,177.39,270,1.8684,1.7500,-2.01,0.0109
144.91,2.0073,1.7401,0.6623,178.29,270,1.8579,1.7500,-2.09,0.0094
145.01,2.0025,1.7410,0.6624,178.60,271,1.8527,1.7500,-2.05,0.0087
145.19,1.9938,1.7424,0.6625,179.09,271,1.8440,1.7500,-1.98,0.0074
145.32,1.9881,1.7433,0.6626,179.32,271,1.8382,1.7500,-1.89,0.0066
145.50,1.9794,1.7444,0.6626,179.62,272,1.8294,1.7500,-1.74,0.0056
145.60,1.9746,1.7450,0.6626,179.72,272,1.8246,1.7500,-1.64,0.0050
145.71,1.9688,1.7456,0.6626,179.85,272,1.8188,1.7500,-1.53,0.0044
145.84,1.9620,1.7462,0.6626,179.94,272,1.8120,1.7500,-1.38,0.0038
145.97,1.9562,1.7467,0.6626,179.99,273,1.8062,1.7500,-1.25,0.0033
146.09,1.9504,1.7471,0.6626,-179.96,273,1.8004,1.7500,-1.15,0.0029
146.29,1.9408,1.7477,0.6625,-179.91,273,1.7908,1.7500,-0.96,0.0023
146.42,1.9350,1.7480,0.6625,-179.90,273,1.7850,1.7500,-0.86,0.0020
146.63,1.9244,1.7485,0.6624,-179.88,274,1.7744,1.7500,-0.71,0.0015
146.75,1.9186,1.7486,0.6623,-179.88,274,1.7686,1.7500,-0.64,0.0014
146.87,1.9128,1.7488,0.6623,-179.88,274,1.7628,1.7500,-0.58,0.0012
146.99,1.9070,1.7490,0.6622,-179.87,274,1.7570,1.7500,-0.52,0.0010
147.10,1.9022,1.7491,0.6622,-179.87,275,1.7522,1.7500,-0.48,0.0009
147.28,1.8925,1.7492,0.6621,-179.87,275,1.7425,1.7500,-0.42,0.0008
147.41,1.8867,1.7493,0.6621,-179.88,275,1.7367,1.7500,-0.39,0.0007
147.61,1.8770,1.7494,0.6620,-179.88,276,1.7270,1.7500,-0.35,0.0006
147.71,1.8722,1.7494,0.6620,-179.88,276,1.7222,1.7500,-0.34,0.0006
147.82,1.8674,1.7495,0.6619,-179.88,276,1.7174,1.7500,-0.33,0.0005
147.94,1.8616,1.7495,0.6619,-179.88,276,1.7116,1.7500,-0.31,0.0005
148.06,1.8548,1.7495,0.6619,-179.88,277,1.7048,1.7500,-0.30,0.0005
148.18,1.8500,1.7495,0.6618,-179.88,277,1.7000,1.7500,-0.30,0.0005
148.38,1.8394,1.7496,0.6618,-179.88,277,1.6894,1.7500,-0.28,0.0004
148.60,1.8297,1.7496,0.6617,-179.88,278,1.6797,1.7500,-0.28,0.0004
148.77,1.8210,1.7496,0.6617,-179.88,278,1.6710,1.7500,-0.27,0.0004
148.90,1.8142,1.7496,0.6617,-179.88,278,1.6642,1.7500,-0.27,0.0004
149.03,1.8084,1.7496,0.6617,-179.88,278,1.6584,1.7500,-0.27,0.0004
149.14,1.8026,1.7496,0.6616,-179.88,279,1.6526,1.7500,-0.26,0.0004
149.34,1.7939,1.7496,0.6616,-179.88,279,1.6439,1.7500,-0.26,0.0004
149.47,1.7872,1.7496,0.6616,-179.88,279,1.6372,1.7500,-0.26,0.0004
149.64,1.7794,1.7496,0.6616,-179.88,280,1.6294,1.7500,-0.26,0.0004
149.78,1.7727,1.7496,0.6616,-179.88,280,1.6227,1.7500,-0.26,0.0004
149.89,1.7669,1.7496,0.6616,-179.88,280,1.6169,1.7500,-0.26,0.0004
150.09,1.7572,1.7496,0.6616,-179.88,280,1.6072,1.7500,-0.26,0.0004
150.22,1.7514,1.7496,0.6616,-179.88,281,1.6014,1.7500,-0.26,0.0004
150.33,1.7456,1.7496,0.6616,-179.88,281,1.5956,1.7500,-0.26,0.0004
150.51,1.7369,1.7496,0.6616,-179.88,281,1.5869,1.7500,-0.26,0.0004
150.69,1.7282,1.7496,0.6616,-179.88,282,1.5782,1.7500,-0.26,0.0004
150.88,1.7195,1.7496,0.6616,-179.88,282,1.5695,1.7500,-0.26,0.0004
151.07,1.7098,1.7496,0.6616,-179.88,282,1.5598,1.7500,-0.26,0.0004
151.29,1.6992,1.7496,0.6616,-179.88,283,1.5492,1.7500,-0.26,0.0004
151.42,1.6934,1.7496,0.6616,-179.88,283,1.5434,1.7500,-0.26,0.0004
151.53,1.6876,1.7496,0.6615,-179.88,283,1.5376,1.7500,-0.26,0.0004
151.65,1.6818,1.7496,0.6615,-179.88,284,1.5318,1.7500,-0.26,0.0004
151.76,1.6769,1.7496,0.6615,-179.88,284,1.5269,1.7500,-0.26,0.0004
151.88,1.6711,1.7496,0.6615,-179.88,284,1.5211,1.7500,-0.26,0.0004
152.06,1.6624,1.7496,0.6615,-179.88,284,1.5124,1.7500,-0.26,0.0004
152.25,1.6527,1.7496,0.6615,-179.88,285,1.5028,1.7502,-0.33,0.0004
152.47,1.6421,1.7496,0.6615,-179.88,285,1.4921,1.7507,-0.52,0.0004
152.60,1.6363,1.7496,0.6616,-179.89,285,1.4863,1.7510,-0.62,0.0004
152.71,1.6305,1.7496,0.6616,-179.90,286,1.4806,1.7513,-0.75,0.0004
152.83,1.6247,1.7497,0.6616,-179.94,286,1.4748,1.7520,-0.97,0.0003
152.95,1.6189,1.7497,0.6616,179.99,286,1.4690,1.7527,-1.16,0.0003
153.06,1.6131,1.7497,0.6617,179.91,286,1.4633,1.7534,-1.33,0.0003
153.24,1.6053,1.7498,0.6617,179.76,287,1.4557,1.7545,-1.55,0.0002
153.43,1.5957,1.7500,0.6618,179.48,287,1.4462,1.7565,-1.98,0.0000
153.56,1.5899,1.7501,0.6618,179.29,287,1.4405,1.7577,-2.20,0.0001
153.68,1.5841,1.7503,0.6618,179.07,287,1.4349,1.7589,-2.38,0.0003
153.87,1.5744,1.7507,0.6619,178.57,288,1.4256,1.7618,-2.84,0.0007
154.00,1.5686,1.7510,0.6620,178.19,288,1.4202,1.7637,-3.08,0.0010
154.13,1.5619,1.7514,0.6620,177.73,288,1.4138,1.7658,-3.30,0.0014
154.25,1.5561,1.7518,0.6620,177.22,289,1.4083,1.7678,-3.40,0.0018
154.43,1.5474,1.7525,0.6620,176.40,289,1.4005,1.7714,-3.73,0.0025
154.55,1.5417,1.7530,0.6621,175.78,289,1.3952,1.7738,-3.86,0.0030
154.67,1.5359,1.7536,0.6620,175.13,289,1.3900,1.7762,-3.94,0.0036
154.85,1.5273,1.7546,0.6621,174.04,290,1.3824,1.7802,-4.04,0.0046
154.97,1.5216,1.7553,0.6621,173.21,290,1.3775,1.7830,-4.09,0.0053
155.10,1.5159,1.7561,0.6621,172.36,290,1.3725,1.7859,-4.08,0.0061
155.20,1.5111,1.7568,0.6621,171.60,290,1.3684,1.7882,-4.00,0.0068
155.32,1.5055,1.7578,0.6621,170.63,291,1.3633,1.7914,-3.93,0.0077
155.50,1.4970,1.7592,0.6622,169.07,291,1.3564,1.7962,-3.83,0.0087
155.71,1.4868,1.7611,0.6622,167.06,291,1.3480,1.8022,-3.55,0.0101
155.83,1.4813,1.7622,0.6621,165.91,292,1.3428,1.8060,-3.48,0.0109
156.01,1.4730,1.7640,0.6621,164.16,292,1.3365,1.8116,-3.38,0.0117
156.12,1.4684,1.7650,0.6621,163.17,292,1.3330,1.8146,-3.30,0.0121
156.24,1.4630,1.7663,0.6621,161.94,292,1.3288,1.8183,-3.12,0.0128
156.45,1.4531,1.7689,0.6620,159.63,293,1.3208,1.8264,-3.13,0.0135
156.67,1.4433,1.7717,0.6619,157.29,293,1.3140,1.8339,-2.99,0.0142
156.80,1.4380,1.7733,0.6618,155.97,293,1.3103,1.8380,-2.82,0.0147
156.98,1.4301,1.7760,0.6618,153.97,294,1.3041,1.8459,-2.98,0.0149
157.10,1.4241,1.7782,0.6617,152.39,294,1.3002,1.8511,-2.86,0.0150
157.23,1.4189,1.7802,0.6616,151.04,294,1.2969,1.8554,-2.71,0.0152
157.34,1.4138,1.7822,0.6617,149.64,295,1.2928,1.8612,-2.76,0.0155
157.45,1.4096,1.7841,0.6617,148.49,295,1.2903,1.8651,-2.70,0.0153
157.67,1.4004,1.7883,0.6616,145.95,295,1.2850,1.8738,-2.47,0.0154
157.79,1.3954,1.7908,0.6617,144.56,295,1.2821,1.8785,-2.28,0.0155
157.91,1.3904,1.7935,0.6617,143.18,296,1.2787,1.8847,-2.40,0.0155
158.03,1.3856,1.7962,0.6617,141.84,296,1.2762,1.8897,-2.37,0.0155
158.21,1.3785,1.8005,0.6617,139.84,296,1.2726,1.8972,-2.24,0.0156
158.34,1.3737,1.8035,0.6617,138.49,296,1.2701,1.9022,-2.10,0.0158
158.52,1.3668,1.8081,0.6617,136.50,297,1.2667,1.9114,-2.40,0.0157
158.63,1.3623,1.8114,0.6616,135.19,297,1.2649,1.9166,-2.42,0.0158
158.73,1.3586,1.8141,0.6615,134.10,297,1.2634,1.9210,-2.40,0.0159
158.91,1.3521,1.8192,0.6616,132.06,298,1.2605,1.9305,-2.60,0.0160
159.11,1.3450,1.8252,0.6615,129.80,298,1.2583,1.9395,-2.58,0.0159
159.24,1.3410,1.8289,0.6616,128.39,298,1.2569,1.9448,-2.44,0.0160
159.35,1.3369,1.8328,0.6616,126.99,298,1.2556,1.9502,-2.29,0.0162
159.55,1.3304,1.8394,0.6616,124.67,299,1.2538,1.9612,-2.51,0.0158
159.69,1.3261,1.8441,0.6615,123.09,299,1.2529,1.9676,-2.40,0.0158
159.81,1.3225,1.8483,0.6614,121.73,299,1.2520,1.9730,-2.27,0.0159
159.93,1.3189,1.8524,0.6615,120.35,300,1.2513,1.9798,-2.40,0.0158
160.05,1.3155,1.8568,0.6615,119.00,300,1.2510,1.9854,-2.37,0.0156
160.17,1.3121,1.8612,0.6615,117.66,300,1.2507,1.9909,-2.30,0.0156
160.28,1.3095,1.8649,0.6615,116.53,300,1.2504,1.9955,-2.19,0.0157
160.46,1.3042,1.8726,0.6616,114.29,301,1.2504,2.0062,-2.35,0.0158
160.57,1.3018,1.8766,0.6616,113.19,301,1.2507,2.0109,-2.38,0.0157
160.75,1.2975,1.8836,0.6615,111.21,301,1.2513,2.0191,-2.36,0.0158
160.85,1.2952,1.8877,0.6615,110.08,301,1.2516,2.0237,-2.28,0.0160
160.98,1.2926,1.8926,0.6615,108.73,302,1.2525,2.0308,-2.55,0.0160
161.10,1.2901,1.8975,0.6614,107.38,302,1.2534,2.0363,-2.55,0.0159
161.22,1.2878,1.9025,0.6614,106.04,302,1.2543,2.0417,-2.51,0.0160
161.33,1.2855,1.9075,0.6615,104.64,302,1.2551,2.0471,-2.37,0.0162
161.51,1.2823,1.9153,0.6615,102.56,303,1.2574,2.0572,-2.60,0.0160
161.70,1.2795,1.9230,0.6614,100.50,303,1.2595,2.0652,-2.49,0.0159
161.82,1.2777,1.9282,0.6615,99.09,303,1.2608,2.0705,-2.32,0.0159
161.94,1.2761,1.9336,0.6616,97.68,304,1.2628,2.0773,-2.41,0.0159
162.06,1.2746,1.9390,0.6616,96.31,304,1.2647,2.0825,-2.37,0.0157
162.25,1.2724,1.9479,0.6616,94.04,304,1.2678,2.0912,-2.21,0.0157
162.43,1.2707,1.9561,0.6616,92.00,305,1.2714,2.1004,-2.27,0.0159
162.53,1.2698,1.9607,0.6616,90.87,305,1.2734,2.1046,-2.30,0.0158
162.66,1.2690,1.9662,0.6616,89.56,305,1.2759,2.1096,-2.31,0.0158
162.77,1.2683,1.9717,0.6616,88.22,305,1.2783,2.1145,-2.25,0.0159
162.89,1.2676,1.9772,0.6616,86.88,305,1.2808,2.1195,-2.16,0.0161
163.01,1.2672,1.9828,0.6616,85.54,306,1.2845,2.1255,-2.45,0.0160
163.13,1.2668,1.9883,0.6615,84.21,306,1.2874,2.1302,-2.47,0.0160
163.24,1.2666,1.9929,0.6615,83.10,306,1.2899,2.1341,-2.44,0.0160
163.36,1.2665,1.9984,0.6615,81.71,306,1.2928,2.1387,-2.33,0.0162
163.47,1.2665,2.0040,0.6616,80.34,307,1.2972,2.1450,-2.61,0.0162
163.59,1.2667,2.0095,0.6615,78.96,307,1.3005,2.1494,-2.58,0.0160
163.77,1.2671,2.0177,0.6615,76.88,307,1.3055,2.1559,-2.42,0.0159
163.97,1.2680,2.0270,0.6617,74.54,308,1.3124,2.1642,-2.45,0.0159
164.08,1.2686,2.0316,0.6617,73.38,308,1.3155,2.1677,-2.41,0.0158
164.31,1.2704,2.0425,0.6616,70.64,308,1.3230,2.1758,-2.18,0.0158
164.43,1.2715,2.0480,0.6616,69.28,309,1.3279,2.1809,-2.29,0.0159
164.60,1.2734,2.0562,0.6616,67.27,309,1.3342,2.1864,-2.31,0.0157
164.80,1.2755,2.0642,0.6616,65.27,309,1.3404,2.1919,-2.22,0.0158
164.94,1.2774,2.0704,0.6616,63.71,310,1.3465,2.1970,-2.35,0.0160
165.05,1.2791,2.0757,0.6616,62.37,310,1.3511,2.2002,-2.41,0.0159
165.17,1.2810,2.0809,0.6616,61.05,310,1.3557,2.2034,-2.44,0.0159
165.28,1.2826,2.0852,0.6615,59.92,310,1.3594,2.2060,-2.39,0.0160
165.48,1.2861,2.0938,0.6616,57.64,311,1.3688,2.2121,-2.59,0.0162
165.61,1.2888,2.0997,0.6615,56.05,311,1.3744,2.2153,-2.58,0.0160
165.73,1.2912,2.1047,0.6615,54.68,311,1.3792,2.2180,-2.50,0.0159
165.84,1.2933,2.1087,0.6615,53.50,311,1.3832,2.2202,-2.37,0.0160
165.96,1.2960,2.1137,0.6616,52.10,312,1.3896,2.2236,-2.51,0.0161
166.08,1.2988,2.1185,0.6615,50.70,312,1.3947,2.2259,-2.46,0.0159
166.26,1.3036,2.1263,0.6615,48.41,312,1.4031,2.2297,-2.30,0.0158
166.37,1.3062,2.1302,0.6616,47.25,312,1.4073,2.2316,-2.17,0.0159
166.51,1.3099,2.1356,0.6616,45.64,313,1.4148,2.2345,-2.31,0.0158
166.63,1.3132,2.1401,0.6616,44.31,313,1.4201,2.2363,-2.30,0.0157
166.74,1.3160,2.1437,0.6616,43.20,313,1.4244,2.2378,-2.25,0.0157
166.92,1.3213,2.1502,0.6616,41.17,313,1.4323,2.2405,-2.07,0.0160
167.10,1.3268,2.1565,0.6616,39.17,314,1.4419,2.2427,-2.36,0.0158
167.32,1.3337,2.1639,0.6615,36.78,314,1.4518,2.2447,-2.39,0.0160
167.44,1.3376,2.1678,0.6615,35.42,314,1.4572,2.2458,-2.30,0.0162
167.56,1.3416,2.1716,0.6615,34.06,315,1.4644,2.2468,-2.60,0.0160
167.67,1.3457,2.1754,0.6615,32.70,315,1.4699,2.2474,-2.59,0.0159
167.77,1.3492,2.1784,0.6615,31.57,315,1.4745,2.2479,-2.53,0.0159
167.90,1.3534,2.1819,0.6615,30.18,315,1.4799,2.2485,-2.39,0.0161
168.00,1.3570,2.1847,0.6616,29.01,316,1.4864,2.2490,-2.60,0.0161
168.12,1.3615,2.1881,0.6616,27.63,316,1.4919,2.2491,-2.56,0.0159
168.29,1.3682,2.1929,0.6616,25.54,316,1.5001,2.2493,-2.39,0.0158
168.50,1.3760,2.1979,0.6617,23.22,317,1.5109,2.2493,-2.38,0.0159
168.63,1.3816,2.2013,0.6617,21.63,317,1.5174,2.2488,-2.34,0.0157
168.73,1.3856,2.2036,0.6617,20.50,317,1.5220,2.2485,-2.27,0.0157
168.85,1.3905,2.2062,0.6617,19.13,317,1.5276,2.2481,-2.14,0.0158
168.98,1.3955,2.2088,0.6616,17.78,318,1.5346,2.2475,-2.24,0.0159
169.08,1.3997,2.2108,0.6616,16.67,318,1.5392,2.2466,-2.30,0.0158
169.18,1.4039,2.2128,0.6616,15.57,318,1.5437,2.2457,-2.34,0.0158
169.36,1.4115,2.2161,0.6616,13.56,318,1.5519,2.2440,-2.29,0.0159
169.46,1.4159,2.2178,0.6616,12.44,318,1.5565,2.2431,-2.23,0.0161
169.57,1.4211,2.2198,0.6616,11.09,319,1.5633,2.2412,-2.52,0.0160
169.74,1.4281,2.2222,0.6615,9.30,319,1.5704,2.2391,-2.52,0.0160
169.87,1.4342,2.2241,0.6615,7.71,319,1.5765,2.2373,-2.42,0.0161
169.98,1.4386,2.2253,0.6615,6.55,320,1.5828,2.2353,-2.62,0.0163
170.16,1.4467,2.2274,0.6616,4.47,320,1.5906,2.2322,-2.58,0.0159
170.29,1.4530,2.2288,0.6616,2.83,320,1.5965,2.2298,-2.43,0.0159
170.41,1.4585,2.2298,0.6617,1.39,320,1.6017,2.2277,-2.25,0.0159
170.60,1.4668,2.2312,0.6618,-0.69,321,1.6106,2.2235,-2.37,0.0158
170.73,1.4732,2.2320,0.6617,-2.25,321,1.6164,2.2205,-2.32,0.0157
170.85,1.4787,2.2326,0.6616,-3.60,321,1.6213,2.2180,-2.21,0.0157
170.97,1.4842,2.2330,0.6616,-4.95,321,1.6263,2.2155,-2.06,0.0159
171.09,1.4889,2.2333,0.6616,-6.07,322,1.6314,2.2122,-2.32,0.0158
171.20,1.4945,2.2334,0.6616,-7.40,322,1.6361,2.2091,-2.34,0.0157
171.32,1.5000,2.2335,0.6615,-8.70,322,1.6407,2.2060,-2.34,0.0158
171.43,1.5055,2.2335,0.6616,-10.05,322,1.6452,2.2030,-2.25,0.0159
171.55,1.5101,2.2333,0.6616,-11.17,323,1.6501,2.1994,-2.46,0.0160
171.73,1.5194,2.2327,0.6615,-13.41,323,1.6573,2.1934,-2.49,0.0159
171.84,1.5239,2.2323,0.6615,-14.53,323,1.6608,2.1905,-2.45,0.0160
171.96,1.5294,2.2317,0.6616,-15.92,323,1.6650,2.1870,-2.33,0.0163
172.09,1.5350,2.2309,0.6616,-17.30,324,1.6706,2.1818,-2.62,0.0162
172.21,1.5414,2.2299,0.6616,-18.90,324,1.6752,2.1772,-2.58,0.0159
172.33,1.5459,2.2290,0.6615,-20.04,324,1.6784,2.1740,-2.51,0.0159
172.45,1.5521,2.2277,0.6616,-21.69,324,1.6830,2.1695,-2.30,0.0160
172.56,1.5567,2.2266,0.6617,-22.86,325,1.6871,2.1649,-2.47,0.0159
172.78,1.5665,2.2239,0.6617,-25.38,325,1.6936,2.1571,-2.34,0.0157
172.96,1.5744,2.2214,0.6617,-27.45,325,1.6990,2.1507,-2.12,0.0158
173.09,1.5806,2.2192,0.6617,-29.03,326,1.7037,2.1442,-2.30,0.0158
173.22,1.5858,2.2172,0.6617,-30.37,326,1.7068,2.1396,-2.29,0.0157
173.34,1.5909,2.2151,0.6617,-31.69,326,1.7098,2.1350,-2.26,0.0158
173.45,1.5960,2.2128,0.6617,-33.04,326,1.7129,2.1304,-2.16,0.0159
173.57,1.6010,2.2105,0.6617,-34.38,327,1.7165,2.1243,-2.37,0.0159
173.69,1.6052,2.2084,0.6617,-35.49,327,1.7186,2.1202,-2.42,0.0159
173.81,1.6109,2.2054,0.6616,-37.03,327,1.7215,2.1144,-2.43,0.0159
173.93,1.6149,2.2033,0.6616,-38.17,327,1.7236,2.1104,-2.35,0.0161
174.04,1.6198,2.2005,0.6616,-39.54,328,1.7269,2.1036,-2.58,0.0162
174.16,1.6245,2.1976,0.6616,-40.90,328,1.7290,2.0985,-2.58,0.0160
174.35,1.6322,2.1925,0.6615,-43.20,328,1.7324,2.0900,-2.45,0.0159
174.53,1.6390,2.1877,0.6617,-45.31,329,1.7360,2.0807,-2.49,0.0161
174.71,1.6456,2.1826,0.6616,-47.39,329,1.7384,2.0727,-2.43,0.0158
174.90,1.6520,2.1773,0.6616,-49.47,329,1.7408,2.0647,-2.24,0.0158
175.00,1.6555,2.1742,0.6617,-50.62,329,1.7422,2.0603,-2.12,0.0159
175.14,1.6603,2.1698,0.6617,-52.20,330,1.7439,2.0525,-2.31,0.0158
175.27,1.6649,2.1652,0.6616,-53.75,330,1.7452,2.0461,-2.29,0.0157
175.39,1.6688,2.1613,0.6615,-55.06,330,1.7463,2.0407,-2.23,0.0158
175.51,1.6726,2.1573,0.6615,-56.40,330,1.7473,2.0353,-2.09,0.0160
175.63,1.6757,2.1538,0.6616,-57.51,331,1.7479,2.0292,-2.37,0.0159
175.81,1.6816,2.1468,0.6615,-59.71,331,1.7486,2.0200,-2.43,0.0158
176.00,1.6867,2.1403,0.6615,-61.71,331,1.7492,2.0118,-2.36,0.0161
176.19,1.6916,2.1336,0.6615,-63.75,332,1.7496,2.0018,-2.52,0.0159
176.32,1.6952,2.1282,0.6615,-65.33,332,1.7497,1.9953,-2.38,0.0159
176.54,1.7006,2.1197,0.6615,-67.85,332,1.7500,1.9853,-1.99,0.0161
176.66,1.7034,2.1149,0.6616,-69.21,333,1.7500,1.9779,-2.02,0.0159
176.84,1.7074,2.1076,0.6615,-71.23,333,1.7500,1.9695,-1.61,0.0157
177.03,1.7111,2.1003,0.6616,-73.19,333,1.7500,1.9613,-1.17,0.0158
177.15,1.7139,2.0943,0.6617,-74.68,334,1.7500,1.9533,-0.94,0.0156
177.27,1.7161,2.0892,0.6617,-75.91,334,1.7500,1.9477,-0.63,0.0154
177.40,1.7183,2.0840,0.6617,-77.08,334,1.7500,1.9421,-0.32,0.0153
177.52,1.7203,2.0789,0.6618,-78.19,334,1.7500,1.9365,-0.03,0.0154
177.63,1.7223,2.0736,0.6619,-79.22,335,1.7500,1.9295,0.09,0.0151
177.75,1.7242,2.0684,0.6619,-80.19,335,1.7500,1.9239,0.30,0.0148
177.87,1.7261,2.0631,0.6619,-81.13,335,1.7500,1.9183,0.50,0.0146
177.98,1.7276,2.0587,0.6618,-81.90,335,1.7500,1.9137,0.68,0.0144
178.15,1.7299,2.0515,0.6620,-83.05,336,1.7500,1.9048,0.85,0.0139
178.38,1.7331,2.0407,0.6619,-84.60,336,1.7500,1.8935,1.17,0.0130
178.48,1.7343,2.0362,0.6619,-85.21,336,1.7500,1.8888,1.30,0.0126
178.67,1.7364,2.0279,0.6620,-86.24,337,1.7500,1.8788,1.45,0.0116
178.79,1.7379,2.0214,0.6621,-86.90,337,1.7500,1.8722,1.53,0.0106
178.92,1.7392,2.0158,0.6621,-87.45,337,1.7500,1.8665,1.61,0.0097
179.04,1.7403,2.0102,0.6622,-87.91,337,1.7500,1.8609,1.62,0.0090
179.16,1.7414,2.0045,0.6624,-88.28,338,1.7500,1.8547,1.56,0.0081
179.28,1.7424,1.9987,0.6625,-88.60,338,1.7500,1.8489,1.51,0.0073
179.45,1.7437,1.9901,0.6625,-89.01,338,1.7500,1.8403,1.40,0.0061
179.66,1.7451,1.9805,0.6625,-89.35,339,1.7500,1.8305,1.23,0.0049
179.76,1.7456,1.9757,0.6625,-89.48,339,1.7500,1.8257,1.15,0.0044
179.86,1.7462,1.9709,0.6625,-89.59,339,1.7500,1.8209,1.05,0.0038
180.08,1.7472,1.9603,0.6626,-89.76,339,1.7500,1.8103,0.83,0.0028
180.26,1.7479,1.9516,0.6625,-89.83,340,1.7500,1.8016,0.65,0.0021
180.39,1.7483,1.9449,0.6625,-89.87,340,1.7500,1.7949,0.51,0.0017
180.51,1.7486,1.9391,0.6625,-89.89,340,1.7500,1.7891,0.41,0.0014
180.63,1.7489,1.9343,0.6625,-89.89,340,1.7500,1.7843,0.32,0.0011
180.73,1.7491,1.9285,0.6624,-89.89,341,1.7500,1.7785,0.23,0.0009
180.92,1.7494,1.9198,0.6624,-89.89,341,1.7500,1.7698,0.12,0.0006
181.05,1.7496,1.9140,0.6623,-89.89,341,1.7500,1.7640,0.05,0.0004
181.16,1.7497,1.9082,0.6622,-89.89,342,1.7500,1.7582,-0.00,0.0003
181.36,1.7499,1.8985,0.6622,-89.88,342,1.7500,1.7485,-0.08,0.0001
181.49,1.7500,1.8928,0.6621,-89.88,342,1.7500,1.7428,-0.12,0.0000
181.59,1.7501,1.8879,0.6621,-89.88,342,1.7500,1.7379,-0.14,0.0001
181.69,1.7501,1.8821,0.6620,-89.88,343,1.7500,1.7321,-0.17,0.0001
181.79,1.7502,1.8773,0.6620,-89.88,343,1.7500,1.7273,-0.18,0.0002
181.92,1.7502,1.8715,0.6620,-89.88,343,1.7500,1.7215,-0.20,0.0002
182.11,1.7502,1.8628,0.6619,-89.88,343,1.7500,1.7128,-0.21,0.0002
182.22,1.7503,1.8570,0.6619,-89.88,344,1.7500,1.7070,-0.22,0.0003
182.32,1.7503,1.8522,0.6618,-89.88,344,1.7500,1.7022,-0.23,0.0003
182.44,1.7503,1.8464,0.6618,-89.88,344,1.7500,1.6964,-0.23,0.0003
182.64,1.7503,1.8367,0.6618,-89.88,344,1.7500,1.6867,-0.24,0.0003
182.77,1.7503,1.8309,0.6617,-89.88,345,1.7500,1.6809,-0.24,0.0003
182.89,1.7503,1.8242,0.6617,-89.88,345,1.7500,1.6742,-0.25,0.0003
183.07,1.7503,1.8155,0.6617,-89.88,345,1.7500,1.6655,-0.25,0.0003
183.25,1.7503,1.8068,0.6617,-89.88,346,1.7500,1.6568,-0.25,0.0003
183.44,1.7503,1.7981,0.6616,-89.88,346,1.7500,1.6481,-0.25,0.0003
183.62,1.7503,1.7894,0.6616,-89.88,346,1.7500,1.6394,-0.25,0.0003
183.73,1.7503,1.7845,0.6616,-89.88,346,1.7500,1.6345,-0.25,0.0003
183.85,1.7503,1.7787,0.6616,-89.88,347,1.7500,1.6287,-0.26,0.0003
184.04,1.7504,1.7700,0.6616,-89.88,347,1.7500,1.6200,-0.26,0.0004
184.25,1.7504,1.7594,0.6616,-89.88,347,1.7500,1.6094,-0.26,0.0004
184.47,1.7504,1.7487,0.6616,-89.88,348,1.7500,1.5987,-0.26,0.0004
184.58,1.7504,1.7439,0.6616,-89.88,348,1.7500,1.5939,-0.26,0.0004
184.76,1.7504,1.7352,0.6616,-89.88,348,1.7500,1.5852,-0.26,0.0004
184.95,1.7504,1.7255,0.6616,-89.88,349,1.7500,1.5755,-0.26,0.0004
185.13,1.7504,1.7168,0.6616,-89.88,349,1.7500,1.5668,-0.26,0.0004
185.24,1.7504,1.7120,0.6616,-89.88,349,1.7500,1.5620,-0.26,0.0004
185.37,1.7504,1.7052,0.6616,-89.88,350,1.7500,1.5552,-0.26,0.0004
185.49,1.7504,1.6994,0.6616,-89.88,350,1.7500,1.5494,-0.26,0.0004
185.62,1.7504,1.6936,0.6616,-89.88,350,1.7500,1.5436,-0.26,0.0004
185.73,1.7504,1.6878,0.6615,-89.88,350,1.7500,1.5378,-0.26,0.0004
185.94,1.7504,1.6772,0.6615,-89.88,351,1.7500,1.5272,-0.26,0.0004
186.16,1.7504,1.6665,0.6615,-89.88,351,1.7500,1.5165,-0.26,0.0004
186.28,1.7504,1.6617,0.6615,-89.88,351,1.7500,1.5117,-0.26,0.0004
186.45,1.7504,1.6530,0.6615,-89.88,352,1.7500,1.5030,-0.26,0.0004
186.64,1.7504,1.6443,0.6615,-89.88,352,1.7500,1.4943,-0.26,0.0004
186.82,1.7504,1.6346,0.6615,-89.88,352,1.7500,1.4846,-0.26,0.0004
187.01,1.7504,1.6259,0.6615,-89.88,353,1.7500,1.4759,-0.26,0.0004
187.20,1.7504,1.6172,0.6615,-89.88,353,1.7500,1.4672,-0.26,0.0004
187.31,1.7504,1.6114,0.6615,-89.88,353,1.7500,1.4614,-0.26,0.0004
187.44,1.7504,1.6056,0.6615,-89.88,354,1.7500,1.4556,-0.26,0.0004
187.55,1.7504,1.5998,0.6615,-89.88,354,1.7500,1.4498,-0.26,0.0004
187.67,1.7504,1.5940,0.6615,-89.88,354,1.7500,1.4440,-0.26,0.0004
187.80,1.7504,1.5882,0.6615,-89.88,354,1.7500,1.4382,-0.26,0.0004
187.97,1.7504,1.5795,0.6615,-89.88,355,1.7500,1.4295,-0.26,0.0004
188.16,1.7504,1.5708,0.6615,-89.88,355,1.7500,1.4208,-0.26,0.0004
188.29,1.7504,1.5640,0.6615,-89.88,355,1.7500,1.4140,-0.26,0.0004
188.40,1.7504,1.5582,0.6615,-89.88,356,1.7500,1.4082,-0.26,0.0004
188.51,1.7504,1.5534,0.6615,-89.88,356,1.7500,1.4034,-0.26,0.0004
188.63,1.7504,1.5476,0.6615,-89.88,356,1.7500,1.3976,-0.26,0.0004
188.75,1.7504,1.5418,0.6615,-89.88,356,1.7500,1.3918,-0.26,0.0004
188.87,1.7504,1.5360,0.6615,-89.88,356,1.7500,1.3860,-0.26,0.0004
188.99,1.7504,1.5302,0.6615,-89.88,357,1.7500,1.3802,-0.26,0.0004
189.11,1.7504,1.5244,0.6615,-89.88,357,1.7500,1.3744,-0.26,0.0004
189.32,1.7504,1.5147,0.6615,-89.88,357,1.7500,1.3647,-0.26,0.0004
189.44,1.7504,1.5089,0.6615,-89.88,358,1.7500,1.3589,-0.26,0.0004
189.56,1.7504,1.5031,0.6615,-89.88,358,1.7500,1.3531,-0.26,0.0004
189.77,1.7504,1.4925,0.6615,-89.88,358,1.7500,1.3425,-0.26,0.0004
189.97,1.7504,1.4828,0.6615,-89.88,359,1.7500,1.3328,-0.26,0.0004
190.10,1.7504,1.4770,0.6615,-89.88,359,1.7500,1.3270,-0.26,0.0004
190.20,1.7504,1.4712,0.6615,-89.88,359,1.7500,1.3212,-0.26,0.0004
190.38,1.7504,1.4625,0.6615,-89.88,359,1.7500,1.3125,-0.26,0.0004
190.56,1.7504,1.4538,0.6615,-89.88,360,1.7500,1.3038,-0.26,0.0004
190.78,1.7504,1.4432,0.6615,-89.88,360,1.7500,1.2932,-0.26,0.0004
190.91,1.7504,1.4374,0.6615,-89.88,360,1.7500,1.2874,-0.26,0.0004
191.03,1.7504,1.4316,0.6615,-89.88,361,1.7500,1.2816,-0.26,0.0004
191.16,1.7504,1.4258,0.6615,-89.88,361,1.7500,1.2758,-0.26,0.0004
191.26,1.7504,1.4199,0.6615,-89.88,361,1.7500,1.2699,-0.26,0.0004
191.40,1.7504,1.4141,0.6615,-89.88,361,1.7500,1.2641,-0.26,0.0004
191.58,1.7504,1.4054,0.6615,-89.88,362,1.7500,1.2554,-0.26,0.0004
191.77,1.7504,1.3958,0.6615,-89.88,362,1.7500,1.2458,-0.26,0.0004
191.94,1.7504,1.3880,0.6615,-89.88,362,1.7500,1.2380,-0.26,0.0004
192.07,1.7504,1.3813,0.6615,-89.88,363,1.7500,1.2313,-0.26,0.0004
192.19,1.7504,1.3755,0.6615,-89.88,363,1.7500,1.2255,-0.26,0.0004
192.38,1.7504,1.3668,0.6615,-89.88,363,1.7500,1.2168,-0.26,0.0004
192.48,1.7504,1.3619,0.6615,-89.88,363,1.7500,1.2119,-0.26,0.0004
192.68,1.7504,1.3523,0.6615,-89.88,364,1.7500,1.2023,-0.26,0.0004
192.82,1.7504,1.3455,0.6615,-89.88,364,1.7500,1.1955,-0.26,0.0004
192.93,1.7504,1.3397,0.6615,-89.88,364,1.7500,1.1897,-0.26,0.0004
193.11,1.7504,1.3310,0.6615,-89.88,365,1.7500,1.1810,-0.26,0.0004
193.29,1.7504,1.3223,0.6615,-89.88,365,1.7500,1.1723,-0.26,0.0004
193.48,1.7504,1.3136,0.6615,-89.88,365,1.7500,1.1636,-0.26,0.0004
193.67,1.7504,1.3039,0.6615,-89.88,366,1.7500,1.1539,-0.26,0.0004
193.89,1.7504,1.2933,0.6615,-89.88,366,1.7500,1.1433,-0.26,0.0004
194.02,1.7504,1.2875,0.6615,-89.88,366,1.7500,1.1375,-0.26,0.0004
194.17,1.7504,1.2797,0.6615,-89.88,367,1.7500,1.1297,-0.26,0.0004
194.35,1.7504,1.2710,0.6615,-89.88,367,1.7500,1.1210,-0.26,0.0004
194.57,1.7504,1.2604,0.6615,-89.88,367,1.7500,1.1104,-0.26,0.0004
194.70,1.7504,1.2546,0.6615,-89.88,368,1.7500,1.1046,-0.26,0.0004
194.80,1.7504,1.2497,0.6615,-89.88,368,1.7500,1.0997,-0.26,0.0004
194.98,1.7504,1.2410,0.6615,-89.88,368,1.7500,1.0910,-0.26,0.0004
195.10,1.7504,1.2352,0.6615,-89.88,368,1.7500,1.0852,-0.26,0.0004
195.33,1.7504,1.2236,0.6615,-89.88,369,1.7500,1.0736,-0.26,0.0004
195.46,1.7504,1.2178,0.6615,-89.88,369,1.7500,1.0678,-0.26,0.0004
195.65,1.7504,1.2082,0.6615,-89.88,370,1.7500,1.0582,-0.26,0.0004
195.77,1.7504,1.2024,0.6615,-89.88,370,1.7500,1.0524,-0.26,0.0004
196.00,1.7504,1.1917,0.6615,-89.88,370,1.7500,1.0417,-0.26,0.0004
196.12,1.7504,1.1859,0.6615,-89.88,370,1.7500,1.0359,-0.26,0.0004
196.23,1.7504,1.1801,0.6615,-89.88,371,1.7500,1.0301,-0.26,0.0004
196.41,1.7504,1.1714,0.6615,-89.88,371,1.7500,1.0214,-0.26,0.0004
196.54,1.7504,1.1656,0.6615,-89.88,371,1.7500,1.0156,-0.26,0.0004
196.66,1.7504,1.1598,0.6615,-89.88,371,1.7500,1.0098,-0.26,0.0004
196.85,1.7504,1.1501,0.6615,-89.88,372,1.7500,1.0001,-0.26,0.0004
196.97,1.7504,1.1443,0.6615,-89.88,372,1.7500,0.9943,-0.26,0.0004
197.09,1.7504,1.1385,0.6615,-89.88,372,1.7500,0.9885,-0.26,0.0004
197.20,1.7504,1.1337,0.6615,-89.88,373,1.7500,0.9837,-0.26,0.0004
197.33,1.7504,1.1269,0.6615,-89.88,373,1.7500,0.9769,-0.26,0.0004
197.43,1.7504,1.1221,0.6615,-89.88,373,1.7500,0.9721,-0.26,0.0004
197.55,1.7504,1.1163,0.6615,-89.88,373,1.7500,0.9663,-0.26,0.0004
197.67,1.7504,1.1105,0.6615,-89.88,373,1.7500,0.9605,-0.26,0.0004
197.79,1.7504,1.1047,0.6615,-89.88,374,1.7500,0.9547,-0.26,0.0004
197.90,1.7504,1.0998,0.6615,-89.88,374,1.7500,0.9498,-0.26,0.0004
198.09,1.7504,1.0902,0.6615,-89.88,374,1.7500,0.9402,-0.26,0.0004
198.22,1.7504,1.0844,0.6615,-89.88,374,1.7500,0.9344,-0.26,0.0004
198.34,1.7504,1.0786,0.6615,-89.88,375,1.7500,0.9286,-0.26,0.0004
198.46,1.7504,1.0728,0.6615,-89.88,375,1.7500,0.9228,-0.26,0.0004
198.65,1.7504,1.0631,0.6615,-89.88,375,1.7500,0.9131,-0.26,0.0004
198.77,1.7504,1.0573,0.6615,-89.88,376,1.7500,0.9073,-0.26,0.0004
198.88,1.7504,1.0525,0.6615,-89.88,376,1.7500,0.9025,-0.26,0.0004
198.98,1.7504,1.0476,0.6615,-89.88,376,1.7500,0.8976,-0.26,0.0004
199.19,1.7504,1.0370,0.6615,-89.88,376,1.7500,0.8870,-0.26,0.0004
199.32,1.7504,1.0312,0.6615,-89.88,377,1.7500,0.8812,-0.26,0.0004
199.43,1.7504,1.0254,0.6615,-89.88,377,1.7500,0.8754,-0.26,0.0004
199.53,1.7504,1.0206,0.6615,-89.88,377,1.7500,0.8706,-0.26,0.0004
199.67,1.7504,1.0138,0.6615,-89.88,377,1.7500,0.8638,-0.26,0.0004
199.78,1.7504,1.0089,0.6615,-89.88,378,1.7500,0.8589,-0.26,0.0004
199.97,1.7504,0.9993,0.6615,-89.88,378,1.7500,0.8493,-0.26,0.0004
200.14,1.7504,0.9915,0.6615,-89.88,378,1.7500,0.8415,-0.26,0.0004
200.27,1.7504,0.9848,0.6615,-89.88,378,1.7500,0.8348,-0.26,0.0004
200.40,1.7504,0.9790,0.6615,-89.88,379,1.7500,0.8290,-0.26,0.0004
200.52,1.7504,0.9732,0.6615,-89.88,379,1.7500,0.8232,-0.26,0.0004
200.63,1.7504,0.9674,0.6615,-89.88,379,1.7500,0.8174,-0.26,0.0004
200.73,1.7504,0.9625,0.6615,-89.88,379,1.7500,0.8125,-0.26,0.0004
200.87,1.7504,0.9558,0.6615,-89.88,380,1.7500,0.8058,-0.26,0.0004
200.98,1.7504,0.9509,0.6615,-89.88,380,1.7500,0.8009,-0.26,0.0004
201.14,1.7504,0.9432,0.6615,-89.88,380,1.7500,0.7932,-0.26,0.0004
201.26,1.7504,0.9374,0.6615,-89.88,380,1.7500,0.7874,-0.26,0.0004
201.46,1.7504,0.9277,0.6615,-89.88,381,1.7500,0.7777,-0.26,0.0004
201.64,1.7504,0.9190,0.6615,-89.88,381,1.7500,0.7690,-0.26,0.0004
201.83,1.7504,0.9093,0.6615,-89.88,381,1.7500,0.7593,-0.26,0.0004
201.95,1.7504,0.9035,0.6615,-89.88,382,1.7500,0.7535,-0.26,0.0004
202.08,1.7504,0.8977,0.6615,-89.88,382,1.7500,0.7477,-0.26,0.0004
202.19,1.7504,0.8919,0.6615,-89.88,382,1.7500,0.7419,-0.26,0.0004
202.32,1.7504,0.8861,0.6615,-89.88,382,1.7500,0.7361,-0.26,0.0004
202.42,1.7504,0.8813,0.6615,-89.88,383,1.7500,0.7313,-0.26,0.0004
202.60,1.7504,0.8716,0.6615,-89.88,383,1.7500,0.7216,-0.26,0.0004
202.80,1.7504,0.8629,0.6615,-89.88,383,1.7500,0.7129,-0.26,0.0004
202.94,1.7504,0.8561,0.6615,-89.88,384,1.7500,0.7061,-0.26,0.0004
203.06,1.7504,0.8503,0.6615,-89.88,384,1.7500,0.7003,-0.26,0.0004
203.28,1.7504,0.8397,0.6615,-89.88,384,1.7500,0.6897,-0.26,0.0004
203.40,1.7504,0.8329,0.6615,-89.88,385,1.7500,0.6829,-0.26,0.0004
203.52,1.7504,0.8281,0.6615,-89.88,385,1.7500,0.6781,-0.26,0.0004
203.64,1.7504,0.8223,0.6615,-89.88,385,1.7500,0.6723,-0.26,0.0004
203.75,1.7504,0.8165,0.6615,-89.88,385,1.7500,0.6665,-0.26,0.0004
203.95,1.7504,0.8068,0.6615,-89.88,386,1.7500,0.6568,-0.26,0.0004
204.13,1.7504,0.7981,0.6615,-89.88,386,1.7500,0.6481,-0.26,0.0004
204.32,1.7504,0.7894,0.6615,-89.88,386,1.7500,0.6394,-0.26,0.0004
204.51,1.7504,0.7798,0.6615,-89.88,387,1.7500,0.6298,-0.26,0.0004
204.62,1.7504,0.7749,0.6615,-89.88,387,1.7500,0.6249,-0.26,0.0004
204.80,1.7504,0.7662,0.6615,-89.88,387,1.7500,0.6162,-0.26,0.0004
205.00,1.7504,0.7565,0.6615,-89.88,388,1.7500,0.6065,-0.26,0.0004
205.14,1.7504,0.7498,0.6615,-89.88,388,1.7500,0.5998,-0.26,0.0004
205.26,1.7504,0.7440,0.6615,-89.88,388,1.7500,0.5940,-0.26,0.0004
205.38,1.7504,0.7382,0.6615,-89.88,388,1.7500,0.5882,-0.26,0.0004
205.60,1.7504,0.7275,0.6615,-89.88,389,1.7500,0.5775,-0.26,0.0004
205.73,1.7504,0.7208,0.6615,-89.88,389,1.7500,0.5708,-0.26,0.0004
205.90,1.7504,0.7121,0.6615,-89.88,389,1.7500,0.5621,-0.26,0.0004
206.11,1.7504,0.7024,0.6615,-89.88,390,1.7500,0.5524,-0.26,0.0004
206.22,1.7504,0.6976,0.6615,-89.88,390,1.7500,0.5476,-0.26,0.0004
206.32,1.7504,0.6927,0.6615,-89.88,390,1.7500,0.5427,-0.26,0.0004
206.45,1.7504,0.6859,0.6615,-89.88,390,1.7500,0.5359,-0.26,0.0004
206.58,1.7504,0.6801,0.6615,-89.88,391,1.7500,0.5301,-0.26,0.0004
206.76,1.7504,0.6714,0.6615,-89.88,391,1.7500,0.5214,-0.26,0.0004
206.95,1.7504,0.6618,0.6615,-89.88,391,1.7500,0.5118,-0.26,0.0004
207.14,1.7504,0.6531,0.6615,-89.88,392,1.7502,0.5031,-0.16,0.0004
207.28,1.7504,0.6463,0.6615,-89.88,392,1.7505,0.4963,-0.05,0.0004
207.40,1.7504,0.6405,0.6615,-89.88,392,1.7508,0.4905,0.04,0.0004
207.57,1.7504,0.6318,0.6616,-89.85,393,1.7513,0.4818,0.21,0.0004
207.70,1.7504,0.6260,0.6616,-89.81,393,1.7519,0.4761,0.40,0.0004
207.82,1.7504,0.6202,0.6616,-89.76,393,1.7525,0.4703,0.58,0.0004
207.95,1.7504,0.6134,0.6617,-89.66,393,1.7533,0.4636,0.74,0.0004
208.07,1.7505,0.6076,0.6617,-89.55,394,1.7540,0.4579,0.90,0.0005
208.19,1.7506,0.6018,0.6617,-89.42,394,1.7552,0.4522,1.18,0.0006
208.31,1.7507,0.5960,0.6618,-89.26,394,1.7563,0.4465,1.41,0.0007
208.50,1.7509,0.5873,0.6618,-88.93,394,1.7581,0.4379,1.66,0.0009
208.60,1.7511,0.5824,0.6619,-88.69,395,1.7592,0.4333,1.80,0.0011
208.73,1.7514,0.5757,0.6619,-88.33,395,1.7614,0.4269,2.18,0.0014
208.85,1.7516,0.5699,0.6619,-87.97,395,1.7632,0.4214,2.44,0.0016
208.97,1.7520,0.5641,0.6619,-87.59,395,1.7651,0.4159,2.65,0.0020
209.14,1.7525,0.5564,0.6619,-86.99,396,1.7678,0.4087,2.92,0.0025
209.36,1.7533,0.5458,0.6620,-85.97,396,1.7721,0.3990,3.27,0.0033
209.55,1.7543,0.5362,0.6620,-84.92,396,1.7761,0.3903,3.41,0.0043
209.68,1.7549,0.5304,0.6620,-84.21,397,1.7787,0.3852,3.50,0.0049
209.80,1.7556,0.5247,0.6620,-83.45,397,1.7815,0.3802,3.59,0.0056
209.92,1.7564,0.5190,0.6620,-82.61,397,1.7843,0.3752,3.59,0.0064
210.04,1.7572,0.5133,0.6620,-81.70,397,1.7871,0.3702,3.49,0.0072
210.16,1.7581,0.5076,0.6620,-80.75,398,1.7902,0.3651,3.42,0.0080
210.28,1.7590,0.5019,0.6620,-79.76,398,1.7934,0.3604,3.40,0.0087
210.40,1.7601,0.4963,0.6620,-78.74,398,1.7966,0.3557,3.30,0.0095
210.51,1.7611,0.4907,0.6620,-77.66,398,1.7998,0.3511,3.14,0.0103
210.63,1.7622,0.4851,0.6620,-76.54,398,1.8030,0.3464,2.92,0.0112
210.75,1.7633,0.4796,0.6620,-75.38,399,1.8071,0.3416,2.99,0.0117
210.86,1.7643,0.4750,0.6620,-74.40,399,1.8102,0.3381,2.95,0.0122
210.98,1.7655,0.4695,0.6619,-73.23,399,1.8139,0.3339,2.86,0.0128
211.10,1.7668,0.4640,0.6619,-72.00,399,1.8176,0.3297,2.71,0.0135
211.29,1.7691,0.4550,0.6618,-69.90,400,1.8251,0.3222,2.77,0.0142
211.42,1.7706,0.4496,0.6618,-68.61,400,1.8292,0.3185,2.68,0.0146
211.61,1.7732,0.4407,0.6617,-66.41,400,1.8359,0.3122,2.42,0.0154
211.73,1.7749,0.4354,0.6616,-65.05,401,1.8417,0.3074,2.61,0.0155
211.85,1.7767,0.4301,0.6616,-63.69,401,1.8461,0.3040,2.51,0.0156
212.05,1.7799,0.4215,0.6615,-61.40,401,1.8534,0.2984,2.24,0.0158
212.17,1.7819,0.4163,0.6616,-59.99,402,1.8590,0.2942,2.26,0.0160
212.28,1.7837,0.4120,0.6617,-58.82,402,1.8630,0.2917,2.19,0.0159
212.47,1.7876,0.4035,0.6617,-56.52,402,1.8709,0.2867,1.98,0.0160
212.64,1.7909,0.3968,0.6618,-54.68,402,1.8772,0.2827,1.75,0.0163
212.84,1.7954,0.3886,0.6617,-52.42,403,1.8868,0.2777,1.93,0.0162
213.03,1.8001,0.3805,0.6616,-50.22,403,1.8952,0.2735,1.85,0.0164
213.22,1.8044,0.3735,0.6615,-48.22,404,1.9041,0.2695,1.99,0.0166
213.41,1.8097,0.3658,0.6615,-45.98,404,1.9129,0.2664,2.03,0.0165
213.59,1.8146,0.3591,0.6615,-43.94,404,1.9207,0.2636,1.93,0.0168
213.72,1.8181,0.3547,0.6615,-42.56,405,1.9279,0.2613,2.18,0.0169
213.85,1.8222,0.3497,0.6615,-40.96,405,1.9342,0.2596,2.16,0.0167
213.97,1.8258,0.3455,0.6614,-39.59,405,1.9395,0.2583,2.09,0.0166
214.14,1.8308,0.3401,0.6615,-37.70,405,1.9466,0.2564,1.87,0.0168
214.33,1.8374,0.3334,0.6616,-35.35,406,1.9575,0.2544,2.03,0.0165
214.45,1.8414,0.3296,0.6616,-33.97,406,1.9630,0.2535,1.94,0.0165
214.58,1.8455,0.3258,0.6615,-32.61,406,1.9685,0.2526,1.82,0.0165
214.70,1.8497,0.3222,0.6615,-31.23,407,1.9754,0.2516,1.91,0.0166
214.81,1.8540,0.3187,0.6615,-29.86,407,1.9810,0.2512,1.90,0.0164
214.99,1.8606,0.3136,0.6616,-27.82,407,1.9894,0.2507,1.79,0.0164
215.18,1.8675,0.3087,0.6617,-25.78,408,1.9993,0.2501,1.83,0.0167
215.31,1.8729,0.3050,0.6616,-24.21,408,2.0059,0.2501,1.76,0.0166
215.43,1.8768,0.3025,0.6616,-23.10,408,2.0105,0.2500,1.67,0.0166
215.55,1.8816,0.2996,0.6616,-21.74,408,2.0161,0.2500,1.49,0.0167
215.77,1.8913,0.2941,0.6616,-19.06,409,2.0291,0.2500,1.30,0.0168
215.90,1.8963,0.2916,0.6615,-17.76,409,2.0347,0.2500,1.04,0.0167
216.08,1.9038,0.2879,0.6614,-15.82,409,2.0430,0.2500,0.58,0.0167
216.27,1.9114,0.2845,0.6615,-13.96,410,2.0533,0.2500,0.31,0.0165
216.49,1.9218,0.2802,0.6615,-11.62,410,2.0645,0.2500,-0.32,0.0160
216.61,1.9270,0.2782,0.6616,-10.51,410,2.0701,0.2500,-0.63,0.0159
216.73,1.9323,0.2762,0.6617,-9.43,411,2.0772,0.2500,-0.84,0.0156
216.85,1.9377,0.2744,0.6618,-8.49,411,2.0829,0.2500,-1.05,0.0152
216.97,1.9431,0.2726,0.6618,-7.58,411,2.0886,0.2500,-1.25,0.0148
217.15,1.9511,0.2701,0.6619,-6.30,411,2.0970,0.2500,-1.54,0.0144
217.34,1.9594,0.2677,0.6620,-5.17,412,2.1069,0.2500,-1.69,0.0135
217.53,1.9686,0.2653,0.6620,-4.02,412,2.1164,0.2500,-1.90,0.0126
217.72,1.9768,0.2633,0.6620,-3.09,413,2.1260,0.2500,-2.00,0.0117
217.90,1.9853,0.2614,0.6621,-2.27,413,2.1346,0.2500,-2.10,0.0104
218.12,1.9957,0.2594,0.6623,-1.48,413,2.1451,0.2500,-2.12,0.0091
218.25,2.0025,0.2582,0.6624,-1.10,414,2.1524,0.2500,-2.04,0.0081
218.43,2.0111,0.2569,0.6624,-0.62,414,2.1611,0.2500,-2.00,0.0068
218.63,2.0207,0.2555,0.6625,-0.27,414,2.1707,0.2500,-1.84,0.0055
218.77,2.0265,0.2548,0.6625,-0.10,415,2.1765,0.2500,-1.74,0.0048
218.88,2.0323,0.2542,0.6625,0.02,415,2.1823,0.2500,-1.62,0.0042
219.05,2.0410,0.2533,0.6626,0.12,415,2.1910,0.2500,-1.40,0.0033
219.27,2.0516,0.2526,0.6626,0.16,416,2.2016,0.2500,-1.14,0.0026
219.45,2.0603,0.2520,0.6625,0.17,416,2.2103,0.2500,-0.95,0.0020
219.64,2.0690,0.2516,0.6625,0.16,416,2.2190,0.2500,-0.78,0.0016
219.77,2.0758,0.2514,0.6625,0.15,417,2.2258,0.2500,-0.67,0.0014
219.90,2.0816,0.2512,0.6624,0.14,417,2.2316,0.2500,-0.59,0.0012
220.01,2.0874,0.2510,0.6624,0.14,417,2.2374,0.2500,-0.52,0.0010
220.20,2.0961,0.2508,0.6623,0.13,417,2.2461,0.2500,-0.44,0.0008
220.32,2.1018,0.2507,0.6622,0.13,418,2.2518,0.2500,-0.41,0.0007
220.45,2.1086,0.2506,0.6622,0.13,418,2.2586,0.2500,-0.37,0.0006
220.56,2.1134,0.2506,0.6621,0.12,418,2.2634,0.2500,-0.35,0.0006
220.74,2.1221,0.2505,0.6620,0.12,418,2.2721,0.2500,-0.32,0.0005
220.85,2.1279,0.2505,0.6620,0.12,419,2.2779,0.2500,-0.31,0.0005
220.96,2.1328,0.2505,0.6620,0.12,419,2.2828,0.2500,-0.30,0.0005
221.15,2.1424,0.2504,0.6619,0.12,419,2.2924,0.2500,-0.29,0.0004
221.29,2.1482,0.2504,0.6618,0.12,419,2.2982,0.2500,-0.28,0.0004
221.40,2.1540,0.2504,0.6618,0.12,420,2.3040,0.2500,-0.27,0.0004
221.59,2.1627,0.2504,0.6618,0.12,420,2.3127,0.2500,-0.27,0.0004
221.72,2.1695,0.2504,0.6617,0.12,420,2.3195,0.2500,-0.27,0.0004
221.84,2.1753,0.2504,0.6617,0.12,421,2.3253,0.2500,-0.26,0.0004
221.96,2.1811,0.2504,0.6617,0.12,421,2.3311,0.2500,-0.26,0.0004
222.16,2.1907,0.2504,0.6617,0.12,421,2.3407,0.2500,-0.26,0.0004
222.28,2.1965,0.2504,0.6616,0.12,421,2.3465,0.2500,-0.26,0.0004
222.47,2.2052,0.2504,0.6616,0.12,422,2.3552,0.2500,-0.26,0.0004
222.57,2.2110,0.2504,0.6616,0.12,422,2.3610,0.2500,-0.26,0.0004
222.70,2.2168,0.2504,0.6616,0.12,422,2.3668,0.2500,-0.26,0.0004
222.83,2.2226,0.2504,0.6616,0.12,422,2.3726,0.2500,-0.26,0.0004
223.02,2.2323,0.2504,0.6616,0.12,423,2.3823,0.2500,-0.26,0.0004
223.15,2.2391,0.2504,0.6616,0.12,423,2.3891,0.2500,-0.26,0.0004
223.37,2.2497,0.2504,0.6616,0.12,424,2.3997,0.2500,-0.26,0.0004
223.50,2.2555,0.2504,0.6616,0.12,424,2.4055,0.2500,-0.26,0.0004
223.62,2.2613,0.2504,0.6616,0.12,424,2.4113,0.2500,-0.26,0.0004
223.73,2.2671,0.2504,0.6616,0.12,424,2.4171,0.2500,-0.26,0.0004
223.85,2.2729,0.2504,0.6616,0.12,424,2.4229,0.2500,-0.26,0.0004
224.05,2.2826,0.2504,0.6616,0.12,425,2.4326,0.2500,-0.26,0.0004
224.16,2.2874,0.2504,0.6616,0.12,425,2.4374,0.2500,-0.26,0.0004
224.29,2.2942,0.2504,0.6616,0.12,425,2.4442,0.2500,-0.26,0.0004
224.48,2.3029,0.2504,0.6616,0.12,426,2.4529,0.2500,-0.26,0.0004
224.66,2.3116,0.2504,0.6615,0.12,426,2.4616,0.2500,-0.26,0.0004
224.86,2.3213,0.2504,0.6615,0.12,426,2.4713,0.2500,-0.26,0.0004
225.05,2.3300,0.2504,0.6615,0.12,427,2.4800,0.2500,-0.26,0.0004
225.15,2.3358,0.2504,0.6615,0.12,427,2.4858,0.2500,-0.26,0.0004
225.29,2.3416,0.2504,0.6615,0.12,427,2.4916,0.2500,-0.26,0.0004
225.41,2.3484,0.2504,0.6615,0.12,427,2.4984,0.2500,-0.26,0.0004
225.63,2.3590,0.2504,0.6615,0.12,428,2.5090,0.2506,-0.01,0.0004
225.74,2.3638,0.2504,0.6615,0.12,428,2.5138,0.2509,0.10,0.0004
225.95,2.3745,0.2503,0.6616,0.14,429,2.5244,0.2517,0.37,0.0003
226.12,2.3822,0.2504,0.6616,0.21,429,2.5320,0.2528,0.73,0.0004
226.32,2.3919,0.2504,0.6617,0.34,429,2.5416,0.2542,1.12,0.0004
226.42,2.3967,0.2505,0.6617,0.43,429,2.5464,0.2550,1.28,0.0005
226.56,2.4035,0.2506,0.6618,0.62,430,2.5530,0.2564,1.61,0.0006
226.75,2.4122,0.2508,0.6619,0.94,430,2.5614,0.2585,2.00,0.0008
226.93,2.4219,0.2511,0.6619,1.43,430,2.5708,0.2607,2.26,0.0011
227.13,2.4306,0.2516,0.6620,1.98,431,2.5791,0.2634,2.58,0.0016
227.31,2.4402,0.2522,0.6620,2.69,431,2.5882,0.2665,2.84,0.0022
227.54,2.4508,0.2530,0.6620,3.64,432,2.5981,0.2702,3.03,0.0030
227.67,2.4566,0.2535,0.6621,4.26,432,2.6033,0.2728,3.22,0.0035
227.79,2.4624,0.2541,0.6620,4.88,432,2.6084,0.2753,3.38,0.0041
227.90,2.4681,0.2548,0.6620,5.56,432,2.6136,0.2779,3.47,0.0048
228.07,2.4767,0.2558,0.6621,6.73,433,2.6212,0.2819,3.52,0.0058
228.26,2.4853,0.2570,0.6621,8.04,433,2.6285,0.2864,3.57,0.0070
228.44,2.4938,0.2583,0.6620,9.45,433,2.6357,0.2909,3.48,0.0083
228.67,2.5051,0.2602,0.6620,11.47,434,2.6455,0.2976,3.44,0.0098
228.85,2.5135,0.2619,0.6620,13.10,434,2.6522,0.3027,3.29,0.0109
228.96,2.5181,0.2628,0.6620,14.05,434,2.6560,0.3055,3.13,0.0116
229.10,2.5245,0.2642,0.6620,15.45,435,2.6619,0.3102,3.08,0.0124
229.23,2.5300,0.2655,0.6620,16.67,435,2.6661,0.3140,2.96,0.0128
229.41,2.5391,0.2677,0.6620,18.79,435,2.6730,0.3202,2.63,0.0136
229.53,2.5437,0.2688,0.6620,19.87,435,2.6765,0.3233,2.44,0.0141
229.72,2.5527,0.2714,0.6619,22.04,436,2.6837,0.3312,2.49,0.0146
229.82,2.5571,0.2727,0.6618,23.11,436,2.6868,0.3347,2.43,0.0148
230.01,2.5651,0.2752,0.6617,25.05,436,2.6923,0.3409,2.27,0.0154
230.12,2.5703,0.2770,0.6616,26.38,437,2.6966,0.3463,2.39,0.0157
230.25,2.5764,0.2792,0.6616,27.94,437,2.7004,0.3517,2.35,0.0158
230.38,2.5816,0.2812,0.6616,29.31,437,2.7036,0.3562,2.25,0.0160
230.50,2.5868,0.2833,0.6616,30.70,437,2.7068,0.3607,2.10,0.0164
230.61,2.5919,0.2856,0.6616,32.09,438,2.7110,0.3672,2.33,0.0165
230.73,2.5970,0.2879,0.6616,33.47,438,2.7138,0.3720,2.27,0.0164
230.85,2.6011,0.2899,0.6615,34.63,438,2.7161,0.3760,2.18,0.0163
230.95,2.6053,0.2920,0.6616,35.82,438,2.7184,0.3799,2.02,0.0164
231.05,2.6102,0.2946,0.6617,37.25,438,2.7213,0.3848,1.82,0.0165
231.28,2.6192,0.2998,0.6617,39.81,439,2.7263,0.3955,1.95,0.0163
231.39,2.6239,0.3028,0.6616,41.15,439,2.7287,0.4006,1.85,0.0163
231.52,2.6285,0.3058,0.6615,42.50,439,2.7310,0.4056,1.73,0.0165
231.64,2.6331,0.3089,0.6615,43.85,440,2.7336,0.4121,1.90,0.0164
231.76,2.6376,0.3122,0.6615,45.18,440,2.7354,0.4174,1.92,0.0164
231.95,2.6442,0.3172,0.6614,47.18,440,2.7381,0.4253,1.85,0.0164
232.13,2.6514,0.3231,0.6615,49.44,441,2.7412,0.4356,1.99,0.0166
232.25,2.6556,0.3268,0.6615,50.79,441,2.7424,0.4411,2.02,0.0165
232.38,2.6597,0.3306,0.6615,52.13,441,2.7435,0.4466,2.01,0.0166
232.48,2.6630,0.3338,0.6614,53.27,441,2.7445,0.4511,1.94,0.0168
232.60,2.6670,0.3377,0.6615,54.65,442,2.7459,0.4585,2.17,0.0169
232.72,2.6708,0.3418,0.6615,56.03,442,2.7466,0.4640,2.16,0.0167
232.94,2.6776,0.3494,0.6615,58.62,442,2.7479,0.4741,1.96,0.0167
233.12,2.6829,0.3560,0.6616,60.76,443,2.7489,0.4842,2.01,0.0167
233.31,2.6880,0.3627,0.6616,62.86,443,2.7493,0.4927,1.87,0.0165
233.42,2.6912,0.3672,0.6615,64.24,443,2.7496,0.4982,1.73,0.0165
233.62,2.6963,0.3750,0.6616,66.54,444,2.7500,0.5091,1.65,0.0166
233.75,2.6998,0.3806,0.6616,68.11,444,2.7500,0.5156,1.48,0.0165
233.95,2.7044,0.3887,0.6616,70.33,444,2.7500,0.5249,1.16,0.0165
234.08,2.7070,0.3937,0.6616,71.64,445,2.7500,0.5321,1.12,0.0167
234.18,2.7092,0.3978,0.6616,72.72,445,2.7500,0.5368,0.90,0.0166
234.37,2.7131,0.4062,0.6616,74.80,445,2.7500,0.5461,0.44,0.0165
234.51,2.7154,0.4114,0.6617,76.02,445,2.7500,0.5517,0.15,0.0166
234.61,2.7176,0.4166,0.6617,77.22,446,2.7500,0.5592,0.00,0.0166
234.75,2.7197,0.4218,0.6617,78.32,446,2.7500,0.5648,-0.27,0.0163
234.96,2.7234,0.4314,0.6618,80.27,446,2.7500,0.5751,-0.77,0.0159
235.06,2.7250,0.4358,0.6619,81.13,446,2.7500,0.5798,-0.99,0.0158
235.19,2.7268,0.4412,0.6619,82.12,447,2.7500,0.5873,-1.15,0.0152
235.29,2.7282,0.4457,0.6619,82.88,447,2.7500,0.5920,-1.35,0.0148
235.39,2.7299,0.4511,0.6619,83.73,447,2.7500,0.5976,-1.55,0.0143
235.51,2.7312,0.4556,0.6620,84.40,447,2.7500,0.6023,-1.69,0.0139
235.69,2.7335,0.4639,0.6622,85.46,448,2.7500,0.6121,-1.80,0.0130
235.87,2.7359,0.4732,0.6622,86.49,448,2.7500,0.6216,-1.93,0.0118
236.07,2.7378,0.4816,0.6622,87.32,448,2.7500,0.6302,-2.02,0.0109
236.26,2.7398,0.4911,0.6623,88.11,449,2.7500,0.6406,-2.03,0.0095
236.45,2.7413,0.4996,0.6623,88.70,449,2.7500,0.6492,-2.02,0.0084
236.55,2.7421,0.5043,0.6623,88.99,449,2.7500,0.6540,-2.00,0.0078
236.69,2.7432,0.5110,0.6624,89.32,450,2.7500,0.6610,-1.93,0.0068
236.80,2.7440,0.5168,0.6624,89.55,450,2.7500,0.6668,-1.85,0.0060
236.93,2.7447,0.5226,0.6624,89.73,450,2.7500,0.6726,-1.75,0.0053
237.04,2.7454,0.5283,0.6625,89.86,450,2.7500,0.6783,-1.63,0.0046
237.16,2.7459,0.5341,0.6625,89.95,451,2.7500,0.6841,-1.50,0.0041
237.37,2.7469,0.5448,0.6625,90.07,451,2.7500,0.6948,-1.27,0.0031
237.50,2.7473,0.5506,0.6625,90.10,451,2.7500,0.7006,-1.14,0.0027
237.61,2.7476,0.5564,0.6625,90.13,452,2.7500,0.7064,-1.03,0.0024
237.84,2.7482,0.5670,0.6624,90.14,452,2.7500,0.7170,-0.82,0.0018
237.96,2.7484,0.5728,0.6624,90.14,452,2.7500,0.7228,-0.74,0.0016
238.08,2.7486,0.5786,0.6623,90.14,452,2.7500,0.7286,-0.66,0.0014
238.20,2.7488,0.5844,0.6623,90.13,453,2.7500,0.7344,-0.58,0.0012
238.32,2.7490,0.5902,0.6623,90.13,453,2.7500,0.7402,-0.52,0.0010
238.42,2.7491,0.5950,0.6622,90.13,453,2.7500,0.7450,-0.48,0.0009
238.59,2.7492,0.6037,0.6622,90.13,453,2.7500,0.7537,-0.42,0.0008
238.73,2.7493,0.6095,0.6621,90.12,454,2.7500,0.7595,-0.39,0.0007
238.84,2.7494,0.6153,0.6620,90.12,454,2.7500,0.7653,-0.37,0.0006
239.02,2.7494,0.6240,0.6620,90.12,454,2.7500,0.7740,-0.34,0.0006
239.21,2.7495,0.6327,0.6619,90.12,455,2.7500,0.7827,-0.31,0.0005
239.40,2.7495,0.6423,0.6619,90.12,455,2.7500,0.7923,-0.30,0.0005
239.50,2.7496,0.6472,0.6618,90.12,455,2.7500,0.7972,-0.29,0.0004
239.64,2.7496,0.6539,0.6618,90.12,455,2.7500,0.8039,-0.28,0.0004
239.76,2.7496,0.6597,0.6618,90.12,456,2.7500,0.8097,-0.28,0.0004
239.94,2.7496,0.6684,0.6617,90.12,456,2.7500,0.8184,-0.27,0.0004
240.07,2.7496,0.6742,0.6617,90.12,456,2.7500,0.8242,-0.27,0.0004
240.19,2.7496,0.6810,0.6617,90.12,456,2.7500,0.8310,-0.26,0.0004
240.31,2.7496,0.6868,0.6617,90.12,457,2.7500,0.8368,-0.26,0.0004
240.43,2.7496,0.6916,0.6617,90.12,457,2.7500,0.8416,-0.26,0.0004
240.55,2.7496,0.6974,0.6616,90.12,457,2.7500,0.8474,-0.26,0.0004
240.67,2.7496,0.7042,0.6616,90.12,457,2.7500,0.8542,-0.26,0.0004
240.79,2.7496,0.7090,0.6616,90.12,458,2.7500,0.8590,-0.26,0.0004
240.90,2.7496,0.7148,0.6616,90.12,458,2.7500,0.8648,-0.26,0.0004
241.07,2.7496,0.7235,0.6616,90.12,458,2.7500,0.8735,-0.26,0.0004
241.26,2.7496,0.7322,0.6616,90.12,459,2.7500,0.8822,-0.26,0.0004
241.39,2.7496,0.7390,0.6616,90.12,459,2.7500,0.8890,-0.26,0.0004
241.52,2.7496,0.7448,0.6616,90.12,459,2.7500,0.8948,-0.26,0.0004
241.64,2.7496,0.7506,0.6616,90.12,459,2.7500,0.9006,-0.26,0.0004
241.75,2.7496,0.7564,0.6616,90.12,460,2.7500,0.9064,-0.26,0.0004
241.93,2.7496,0.7641,0.6616,90.12,460,2.7500,0.9141,-0.26,0.0004
242.05,2.7496,0.7709,0.6616,90.12,460,2.7500,0.9209,-0.26,0.0004
242.23,2.7496,0.7786,0.6616,90.12,460,2.7500,0.9286,-0.26,0.0004
242.42,2.7496,0.7883,0.6616,90.12,461,2.7500,0.9383,-0.26,0.0004
242.61,2.7496,0.7970,0.6616,90.12,461,2.7500,0.9470,-0.26,0.0004
242.80,2.7496,0.8067,0.6616,90.12,462,2.7500,0.9567,-0.26,0.0004
242.93,2.7496,0.8135,0.6615,90.12,462,2.7500,0.9635,-0.26,0.0004
243.03,2.7496,0.8183,0.6615,90.12,462,2.7500,0.9683,-0.26,0.0004
243.21,2.7496,0.8270,0.6615,90.12,462,2.7500,0.9770,-0.26,0.0004
243.39,2.7496,0.8357,0.6615,90.12,463,2.7500,0.9857,-0.26,0.0004
243.53,2.7496,0.8415,0.6615,90.12,463,2.7500,0.9915,-0.26,0.0004
243.65,2.7496,0.8483,0.6615,90.12,463,2.7500,0.9983,-0.26,0.0004
243.83,2.7496,0.8570,0.6615,90.12,464,2.7500,1.0070,-0.26,0.0004
244.01,2.7496,0.8657,0.6615,90.12,464,2.7500,1.0157,-0.26,0.0004
244.20,2.7496,0.8744,0.6615,90.12,464,2.7500,1.0244,-0.26,0.0004
244.31,2.7496,0.8792,0.6615,90.12,464,2.7500,1.0292,-0.26,0.0004
244.44,2.7496,0.8860,0.6615,90.12,465,2.7500,1.0360,-0.26,0.0004
244.56,2.7496,0.8918,0.6615,90.12,465,2.7500,1.0418,-0.26,0.0004
244.68,2.7496,0.8976,0.6615,90.12,465,2.7500,1.0476,-0.26,0.0004
244.80,2.7496,0.9034,0.6615,90.12,465,2.7500,1.0534,-0.26,0.0004
244.92,2.7496,0.9092,0.6615,90.12,466,2.7500,1.0592,-0.26,0.0004
245.03,2.7496,0.9150,0.6615,90.12,466,2.7500,1.0650,-0.26,0.0004
245.20,2.7496,0.9227,0.6615,90.12,466,2.7500,1.0727,-0.26,0.0004
245.38,2.7496,0.9314,0.6615,90.12,467,2.7500,1.0814,-0.26,0.0004
245.57,2.7496,0.9401,0.6615,90.12,467,2.7500,1.0901,-0.26,0.0004
245.75,2.7496,0.9498,0.6615,90.12,467,2.7500,1.0998,-0.26,0.0004
245.94,2.7496,0.9585,0.6615,90.12,468,2.7500,1.1085,-0.26,0.0004
246.13,2.7496,0.9682,0.6615,90.12,468,2.7500,1.1182,-0.26,0.0004
246.32,2.7496,0.9769,0.6615,90.12,468,2.7500,1.1269,-0.26,0.0004
246.51,2.7496,0.9866,0.6615,90.12,469,2.7500,1.1366,-0.26,0.0004
246.62,2.7496,0.9914,0.6615,90.12,469,2.7500,1.1414,-0.26,0.0004
246.84,2.7496,1.0020,0.6615,90.12,469,2.7500,1.1520,-0.26,0.0004
246.94,2.7496,1.0069,0.6615,90.12,470,2.7500,1.1569,-0.26,0.0004
247.12,2.7496,1.0156,0.6615,90.12,470,2.7500,1.1656,-0.26,0.0004
247.36,2.7496,1.0272,0.6615,90.12,470,2.7500,1.1772,-0.26,0.0004
247.46,2.7496,1.0320,0.6615,90.12,471,2.7500,1.1820,-0.26,0.0004
247.65,2.7496,1.0407,0.6615,90.12,471,2.7500,1.1907,-0.26,0.0004
247.84,2.7496,1.0504,0.6615,90.12,471,2.7500,1.2004,-0.26,0.0004
247.95,2.7496,1.0562,0.6615,90.12,472,2.7500,1.2062,-0.26,0.0004
248.13,2.7496,1.0649,0.6615,90.12,472,2.7500,1.2149,-0.26,0.0004
248.33,2.7496,1.0736,0.6615,90.12,472,2.7500,1.2236,-0.26,0.0004
248.46,2.7496,1.0804,0.6615,90.12,472,2.7500,1.2304,-0.26,0.0004
248.58,2.7496,1.0862,0.6615,90.12,473,2.7500,1.2362,-0.26,0.0004
248.69,2.7496,1.0920,0.6615,90.12,473,2.7500,1.2420,-0.26,0.0004
248.88,2.7496,1.1007,0.6615,90.12,473,2.7500,1.2507,-0.26,0.0004
249.00,2.7496,1.1065,0.6615,90.12,474,2.7500,1.2565,-0.26,0.0004
249.18,2.7496,1.1152,0.6615,90.12,474,2.7500,1.2652,-0.26,0.0004
249.29,2.7496,1.1200,0.6615,90.12,474,2.7500,1.2700,-0.26,0.0004
249.40,2.7496,1.1258,0.6615,90.12,474,2.7500,1.2758,-0.26,0.0004
249.62,2.7496,1.1365,0.6615,90.12,475,2.7500,1.2865,-0.26,0.0004
249.75,2.7496,1.1432,0.6615,90.12,475,2.7500,1.2932,-0.26,0.0004
249.86,2.7496,1.1481,0.6615,90.12,475,2.7500,1.2981,-0.26,0.0004
249.97,2.7496,1.1529,0.6615,90.12,475,2.7500,1.3029,-0.26,0.0004
250.15,2.7496,1.1626,0.6615,90.12,476,2.7500,1.3126,-0.26,0.0004
250.27,2.7496,1.1674,0.6615,90.12,476,2.7500,1.3174,-0.26,0.0004
250.45,2.7496,1.1771,0.6615,90.12,476,2.7500,1.3271,-0.26,0.0004
250.64,2.7496,1.1858,0.6615,90.12,477,2.7500,1.3358,-0.26,0.0004
250.82,2.7496,1.1945,0.6615,90.12,477,2.7500,1.3445,-0.26,0.0004
251.01,2.7496,1.2042,0.6615,90.12,477,2.7500,1.3542,-0.26,0.0004
251.12,2.7496,1.2090,0.6615,90.12,478,2.7500,1.3590,-0.26,0.0004
251.26,2.7496,1.2158,0.6615,90.12,478,2.7500,1.3658,-0.26,0.0004
251.38,2.7496,1.2216,0.6615,90.12,478,2.7500,1.3716,-0.26,0.0004
251.51,2.7496,1.2274,0.6615,90.12,478,2.7500,1.3774,-0.26,0.0004
251.61,2.7496,1.2322,0.6615,90.12,479,2.7500,1.3822,-0.26,0.0004
251.74,2.7496,1.2390,0.6615,90.12,479,2.7500,1.3890,-0.26,0.0004
251.85,2.7496,1.2448,0.6615,90.12,479,2.7500,1.3948,-0.26,0.0004
251.98,2.7496,1.2506,0.6615,90.12,479,2.7500,1.4006,-0.26,0.0004
252.10,2.7496,1.2564,0.6615,90.12,480,2.7500,1.4064,-0.26,0.0004
252.28,2.7496,1.2651,0.6615,90.12,480,2.7500,1.4151,-0.26,0.0004
252.38,2.7496,1.2699,0.6615,90.12,480,2.7500,1.4199,-0.26,0.0004
252.52,2.7496,1.2767,0.6615,90.12,480,2.7500,1.4267,-0.26,0.0004
252.65,2.7496,1.2825,0.6615,90.12,481,2.7500,1.4325,-0.26,0.0004
252.77,2.7496,1.2893,0.6615,90.12,481,2.7500,1.4393,-0.26,0.0004
252.89,2.7496,1.2951,0.6615,90.12,481,2.7500,1.4451,-0.26,0.0004
253.07,2.7496,1.3038,0.6615,90.12,481,2.7500,1.4538,-0.26,0.0004
253.26,2.7496,1.3125,0.6615,90.12,482,2.7500,1.4625,-0.26,0.0004
253.45,2.7496,1.3212,0.6615,90.12,482,2.7500,1.4712,-0.26,0.0004
253.58,2.7496,1.3279,0.6615,90.12,482,2.7500,1.4779,-0.26,0.0004
253.70,2.7496,1.3337,0.6615,90.12,483,2.7500,1.4837,-0.26,0.0004
253.80,2.7496,1.3386,0.6615,90.12,483,2.7500,1.4886,-0.26,0.0004
253.93,2.7496,1.3453,0.6615,90.12,483,2.7500,1.4953,-0.26,0.0004
254.06,2.7496,1.3511,0.6615,90.12,483,2.7500,1.5011,-0.26,0.0004
254.24,2.7496,1.3599,0.6615,90.12,484,2.7500,1.5099,-0.26,0.0004
254.38,2.7496,1.3666,0.6615,90.12,484,2.7500,1.5166,-0.26,0.0004
254.56,2.7496,1.3753,0.6615,90.12,484,2.7500,1.5253,-0.26,0.0004
254.75,2.7496,1.3840,0.6615,90.12,485,2.7500,1.5340,-0.26,0.0004
254.88,2.7496,1.3908,0.6615,90.12,485,2.7500,1.5408,-0.26,0.0004
255.01,2.7496,1.3966,0.6615,90.12,485,2.7500,1.5466,-0.26,0.0004
255.13,2.7496,1.4034,0.6615,90.12,485,2.7500,1.5534,-0.26,0.0004
255.24,2.7496,1.4082,0.6615,90.12,486,2.7500,1.5582,-0.26,0.0004
255.45,2.7496,1.4188,0.6615,90.12,486,2.7500,1.5688,-0.26,0.0004
255.63,2.7496,1.4266,0.6615,90.12,486,2.7500,1.5766,-0.26,0.0004
255.75,2.7496,1.4333,0.6615,90.12,487,2.7500,1.5833,-0.26,0.0004
255.97,2.7496,1.4430,0.6615,90.12,487,2.7500,1.5930,-0.26,0.0004
256.09,2.7496,1.4488,0.6615,90.12,487,2.7500,1.5988,-0.26,0.0004
256.27,2.7496,1.4575,0.6615,90.12,488,2.7500,1.6075,-0.26,0.0004
256.47,2.7496,1.4682,0.6615,90.12,488,2.7500,1.6182,-0.26,0.0004
256.60,2.7496,1.4740,0.6615,90.12,488,2.7500,1.6240,-0.26,0.0004
256.73,2.7496,1.4798,0.6615,90.12,488,2.7500,1.6298,-0.26,0.0004
256.85,2.7496,1.4856,0.6615,90.12,489,2.7500,1.6356,-0.26,0.0004
256.96,2.7496,1.4914,0.6615,90.12,489,2.7500,1.6414,-0.26,0.0004
257.08,2.7496,1.4972,0.6615,90.12,489,2.7500,1.6472,-0.26,0.0004
257.19,2.7496,1.5030,0.6615,90.12,489,2.7500,1.6530,-0.26,0.0004
257.41,2.7496,1.5126,0.6615,90.12,490,2.7500,1.6626,-0.26,0.0004
257.59,2.7496,1.5223,0.6615,90.12,490,2.7500,1.6723,-0.26,0.0004
257.78,2.7496,1.5310,0.6615,90.12,490,2.7500,1.6810,-0.26,0.0004
257.97,2.7496,1.5407,0.6615,90.12,491,2.7500,1.6907,-0.26,0.0004
258.11,2.7496,1.5465,0.6615,90.12,491,2.7500,1.6965,-0.26,0.0004
258.30,2.7496,1.5562,0.6615,90.12,492,2.7500,1.7062,-0.26,0.0004
258.40,2.7496,1.5610,0.6615,90.12,492,2.7500,1.7110,-0.26,0.0004
258.59,2.7496,1.5697,0.6615,90.12,492,2.7500,1.7197,-0.26,0.0004
258.78,2.7496,1.5794,0.6615,90.12,492,2.7500,1.7294,-0.26,0.0004
258.89,2.7496,1.5842,0.6615,90.12,493,2.7500,1.7342,-0.26,0.0004
259.01,2.7496,1.5910,0.6615,90.12,493,2.7500,1.7410,-0.26,0.0004
259.20,2.7496,1.5997,0.6615,90.12,493,2.7500,1.7497,-0.26,0.0004
259.30,2.7496,1.6045,0.6615,90.12,493,2.7500,1.7545,-0.26,0.0004
259.43,2.7496,1.6113,0.6615,90.12,494,2.7500,1.7613,-0.26,0.0004
259.54,2.7496,1.6161,0.6615,90.12,494,2.7500,1.7661,-0.26,0.0004
259.67,2.7496,1.6219,0.6615,90.12,494,2.7500,1.7719,-0.26,0.0004
259.78,2.7496,1.6277,0.6615,90.12,494,2.7500,1.7777,-0.26,0.0004
259.88,2.7496,1.6326,0.6615,90.12,495,2.7500,1.7826,-0.26,0.0004
260.01,2.7496,1.6384,0.6615,90.12,495,2.7500,1.7884,-0.26,0.0004
260.20,2.7496,1.6480,0.6615,90.12,495,2.7500,1.7980,-0.26,0.0004
260.39,2.7496,1.6577,0.6615,90.12,496,2.7500,1.8077,-0.26,0.0004
260.53,2.7496,1.6635,0.6615,90.12,496,2.7500,1.8135,-0.26,0.0004
260.64,2.7496,1.6693,0.6615,90.12,496,2.7500,1.8193,-0.26,0.0004
260.76,2.7496,1.6751,0.6615,90.12,496,2.7500,1.8251,-0.26,0.0004
260.88,2.7496,1.6809,0.6615,90.12,496,2.7500,1.8309,-0.26,0.0004
261.00,2.7496,1.6867,0.6615,90.12,497,2.7500,1.8367,-0.26,0.0004
261.12,2.7496,1.6925,0.6615,90.12,497,2.7500,1.8425,-0.26,0.0004
261.24,2.7496,1.6983,0.6615,90.12,497,2.7500,1.8483,-0.26,0.0004
261.35,2.7496,1.7032,0.6615,90.12,497,2.7500,1.8532,-0.26,0.0004
261.52,2.7496,1.7119,0.6615,90.12,498,2.7500,1.8619,-0.26,0.0004
261.71,2.7496,1.7206,0.6615,90.12,498,2.7500,1.8706,-0.26,0.0004
261.83,2.7496,1.7264,0.6615,90.12,498,2.7500,1.8764,-0.26,0.0004
262.01,2.7496,1.7360,0.6615,90.12,499,2.7500,1.8860,-0.26,0.0004
262.20,2.7496,1.7447,0.6615,90.12,499,2.7500,1.8947,-0.26,0.0004
262.33,2.7496,1.7505,0.6615,90.12,499,2.7500,1.9005,-0.26,0.0004
262.46,2.7496,1.7573,0.6615,90.12,500,2.7500,1.9073,-0.26,0.0004
262.64,2.7496,1.7660,0.6615,90.12,500,2.7500,1.9160,-0.26,0.0004
262.78,2.7496,1.7728,0.6615,90.12,500,2.7500,1.9228,-0.26,0.0004
262.90,2.7496,1.7786,0.6615,90.12,500,2.7500,1.9286,-0.26,0.0004
263.10,2.7496,1.7883,0.6615,90.12,501,2.7500,1.9383,-0.26,0.0004
263.24,2.7496,1.7950,0.6615,90.12,501,2.7500,1.9450,-0.26,0.0004
263.36,2.7496,1.8008,0.6615,90.12,501,2.7500,1.9508,-0.26,0.0004
263.55,2.7496,1.8105,0.6615,90.12,502,2.7500,1.9605,-0.26,0.0004
263.67,2.7496,1.8153,0.6615,90.12,502,2.7500,1.9653,-0.26,0.0004
263.87,2.7496,1.8250,0.6615,90.12,502,2.7500,1.9750,-0.26,0.0004
264.00,2.7496,1.8318,0.6615,90.12,503,2.7500,1.9818,-0.26,0.0004
264.18,2.7496,1.8405,0.6615,90.12,503,2.7500,1.9905,-0.26,0.0004
264.37,2.7496,1.8492,0.6615,90.12,503,2.7500,1.9992,-0.26,0.0004
264.56,2.7496,1.8589,0.6615,90.12,504,2.7500,2.0089,-0.26,0.0004
264.79,2.7496,1.8695,0.6615,90.12,504,2.7500,2.0195,-0.26,0.0004
264.91,2.7496,1.8753,0.6615,90.12,504,2.7500,2.0253,-0.26,0.0004
265.03,2.7496,1.8821,0.6615,90.12,505,2.7500,2.0321,-0.26,0.0004
265.15,2.7496,1.8869,0.6615,90.12,505,2.7500,2.0369,-0.26,0.0004
265.27,2.7496,1.8927,0.6615,90.12,505,2.7500,2.0427,-0.26,0.0004
265.48,2.7496,1.9033,0.6615,90.12,505,2.7500,2.0533,-0.26,0.0004
265.69,2.7496,1.9140,0.6615,90.12,506,2.7500,2.0640,-0.26,0.0004
265.79,2.7496,1.9188,0.6615,90.12,506,2.7500,2.0688,-0.26,0.0004
265.98,2.7496,1.9275,0.6615,90.12,506,2.7500,2.0775,-0.26,0.0004
266.18,2.7496,1.9372,0.6615,90.12,507,2.7500,2.0872,-0.26,0.0004
266.37,2.7496,1.9459,0.6615,90.12,507,2.7500,2.0959,-0.26,0.0004
266.59,2.7496,1.9575,0.6615,90.12,508,2.7500,2.1075,-0.26,0.0004
266.72,2.7496,1.9633,0.6615,90.12,508,2.7500,2.1133,-0.26,0.0004
266.84,2.7496,1.9691,0.6615,90.12,508,2.7500,2.1191,-0.26,0.0004
266.96,2.7496,1.9749,0.6615,90.12,508,2.7500,2.1249,-0.26,0.0004
267.18,2.7496,1.9855,0.6615,90.12,509,2.7500,2.1355,-0.26,0.0004
267.30,2.7496,1.9913,0.6615,90.12,509,2.7500,2.1413,-0.26,0.0004
267.42,2.7496,1.9971,0.6615,90.12,509,2.7500,2.1471,-0.26,0.0004
267.54,2.7496,2.0030,0.6615,90.12,509,2.7500,2.1530,-0.26,0.0004
267.67,2.7496,2.0088,0.6615,90.12,510,2.7500,2.1588,-0.26,0.0004
267.78,2.7496,2.0146,0.6615,90.12,510,2.7500,2.1646,-0.26,0.0004
267.97,2.7496,2.0233,0.6615,90.12,510,2.7500,2.1733,-0.26,0.0004
268.10,2.7496,2.0300,0.6615,90.12,510,2.7500,2.1800,-0.26,0.0004
268.22,2.7496,2.0358,0.6615,90.12,511,2.7500,2.1858,-0.26,0.0004
268.34,2.7496,2.0416,0.6615,90.12,511,2.7500,2.1916,-0.26,0.0004
268.46,2.7496,2.0474,0.6615,90.12,511,2.7500,2.1974,-0.26,0.0004
268.68,2.7496,2.0581,0.6615,90.12,512,2.7500,2.2081,-0.26,0.0004
268.86,2.7496,2.0668,0.6615,90.12,512,2.7500,2.2168,-0.26,0.0004
269.00,2.7496,2.0735,0.6615,90.12,512,2.7500,2.2235,-0.26,0.0004
269.22,2.7496,2.0842,0.6615,90.12,513,2.7500,2.2342,-0.26,0.0004
269.35,2.7496,2.0900,0.6615,90.12,513,2.7500,2.2400,-0.26,0.0004
269.52,2.7496,2.0987,0.6615,90.12,513,2.7500,2.2487,-0.26,0.0004
269.66,2.7496,2.1055,0.6615,90.12,513,2.7500,2.2500,-0.26,0.0004
269.76,2.7496,2.1103,0.6615,90.12,514,2.7500,2.2500,-0.27,0.0004
269.87,2.7496,2.1151,0.6615,90.12,514,2.7500,2.2500,-0.27,0.0004
270.04,2.7496,2.1238,0.6615,90.12,514,2.7500,2.2500,-0.28,0.0004
270.23,2.7496,2.1325,0.6615,90.12,515,2.7500,2.2500,-0.29,0.0004
270.44,2.7496,2.1432,0.6615,90.12,515,2.7500,2.2500,-0.31,0.0004
270.58,2.7496,2.1499,0.6615,90.12,515,2.7500,2.2500,-0.32,0.0004
270.76,2.7496,2.1586,0.6615,90.12,516,2.7500,2.2500,-0.34,0.0004
