t,x,y,z,yaw_deg,path_idx,target_x,target_y,eta_deg,cross_track_err
1.97,-0.0000,0.0000,0.5156,0.00,0,0.4000,0.2500,32.01,0.3536
2.07,-0.0000,0.0000,0.5646,0.00,0,0.4000,0.2500,32.01,0.3536
2.25,-0.0011,-0.0006,0.6263,-0.51,0,0.4000,0.2500,32.50,0.3547
2.45,0.0096,0.0047,0.6632,-1.21,0,0.4000,0.2500,33.36,0.3435
2.56,0.0175,0.0082,0.6658,-1.18,0,0.4000,0.2500,33.48,0.3354
2.74,0.0286,0.0133,0.6626,-1.04,0,0.4000,0.2500,33.54,0.3241
2.93,0.0399,0.0188,0.6579,-0.69,0,0.4000,0.2500,33.40,0.3125
3.04,0.0474,0.0226,0.6549,-0.48,0,0.4000,0.2500,33.30,0.3046
3.15,0.0537,0.0258,0.6526,-0.31,0,0.4000,0.2500,33.23,0.2980
3.26,0.0614,0.0298,0.6502,-0.13,0,0.4000,0.2500,33.16,0.2899
3.44,0.0729,0.0359,0.6471,0.05,0,0.4000,0.2500,33.16,0.2779
3.54,0.0793,0.0393,0.6456,0.11,0,0.4000,0.2500,33.19,0.2711
3.65,0.0857,0.0428,0.6443,0.15,0,0.4000,0.2500,33.24,0.2644
3.76,0.0935,0.0470,0.6429,0.20,0,0.4000,0.2500,33.31,0.2563
3.92,0.1038,0.0528,0.6414,0.22,0,0.4000,0.2500,33.44,0.2455
4.09,0.1142,0.0586,0.6401,0.23,0,0.4000,0.2500,33.58,0.2347
4.26,0.1258,0.0653,0.6389,0.23,0,0.4000,0.2500,33.73,0.2226
4.43,0.1361,0.0714,0.6381,0.23,0,0.4000,0.2500,33.86,0.2119
4.61,0.1476,0.0784,0.6374,0.22,0,0.4000,0.2500,33.99,0.1999
4.72,0.1552,0.0831,0.6370,0.22,0,0.4000,0.2500,34.06,0.1919
4.82,0.1616,0.0871,0.6367,0.22,0,0.4000,0.2500,34.12,0.1853
4.93,0.1679,0.0912,0.6366,0.22,0,0.4000,0.2500,34.15,0.1787
5.11,0.1791,0.0988,0.6362,0.22,0,0.4000,0.2500,34.18,0.1670
5.30,0.1915,0.1074,0.6360,0.22,0,0.4000,0.2500,34.15,0.1542
5.42,0.1976,0.1118,0.6359,0.23,0,0.4000,0.2500,34.10,0.1478
5.52,0.2049,0.1172,0.6358,0.23,0,0.4000,0.2500,34.01,0.1402
5.68,0.2144,0.1246,0.6358,0.24,0,0.4000,0.2500,33.80,0.1303
5.79,0.2203,0.1294,0.6357,0.24,0,0.4000,0.2500,33.64,0.1243
5.90,0.2261,0.1341,0.6357,0.24,0,0.4000,0.2500,33.43,0.1183
6.05,0.2353,0.1420,0.6358,0.27,0,0.4000,0.2500,32.98,0.1090
6.22,0.2452,0.1513,0.6359,0.29,0,0.4000,0.2500,32.22,0.0988
6.43,0.2559,0.1620,0.6360,0.30,0,0.4059,0.2500,30.09,0.0880
6.63,0.2661,0.1732,0.6362,0.33,0,0.4161,0.2500,26.79,0.0768
6.73,0.2710,0.1790,0.6363,0.32,0,0.4210,0.2500,25.02,0.0710
6.88,0.2786,0.1884,0.6364,0.32,1,0.4286,0.2500,22.02,0.0616
6.99,0.2832,0.1943,0.6362,0.29,1,0.4332,0.2500,20.08,0.0557
7.10,0.2887,0.2015,0.6361,0.26,1,0.4387,0.2500,17.64,0.0485
7.26,0.2961,0.2106,0.6364,0.23,1,0.4461,0.2500,14.50,0.0394
7.46,0.3054,0.2194,0.6362,0.19,2,0.4554,0.2500,11.32,0.0306
7.57,0.3100,0.2234,0.6358,0.17,2,0.4600,0.2500,9.90,0.0266
7.67,0.3147,0.2268,0.6355,0.16,2,0.4647,0.2500,8.61,0.0232
7.78,0.3202,0.2307,0.6349,0.15,2,0.4702,0.2500,7.18,0.0193
7.88,0.3249,0.2335,0.6345,0.14,2,0.4749,0.2500,6.14,0.0165
7.99,0.3296,0.2358,0.6340,0.14,3,0.4796,0.2500,5.28,0.0142
8.10,0.3352,0.2381,0.6331,0.13,3,0.4852,0.2500,4.38,0.0119
8.29,0.3436,0.2409,0.6318,0.13,3,0.4936,0.2500,3.33,0.0091
8.45,0.3511,0.2428,0.6306,0.13,4,0.5011,0.2500,2.61,0.0072
8.57,0.3567,0.2440,0.6296,0.13,4,0.5067,0.2500,2.15,0.0060
8.69,0.3624,0.2451,0.6288,0.12,4,0.5124,0.2500,1.76,0.0049
8.80,0.3680,0.2460,0.6281,0.12,4,0.5180,0.2500,1.41,0.0040
8.91,0.3728,0.2466,0.6275,0.12,4,0.5228,0.2500,1.16,0.0034
9.08,0.3813,0.2475,0.6265,0.12,5,0.5313,0.2500,0.81,0.0025
9.27,0.3899,0.2482,0.6256,0.12,5,0.5399,0.2500,0.57,0.0018
9.43,0.3975,0.2487,0.6249,0.12,5,0.5475,0.2500,0.39,0.0013
9.60,0.4061,0.2491,0.6242,0.12,6,0.5561,0.2500,0.22,0.0009
9.72,0.4119,0.2493,0.6238,0.12,6,0.5619,0.2500,0.14,0.0007
9.92,0.4205,0.2496,0.6233,0.12,6,0.5705,0.2500,0.03,0.0004
10.02,0.4263,0.2497,0.6230,0.12,7,0.5763,0.2500,-0.02,0.0003
10.14,0.4320,0.2499,0.6227,0.12,7,0.5820,0.2500,-0.07,0.0001
10.25,0.4368,0.2499,0.6225,0.12,7,0.5868,0.2500,-0.10,0.0001
10.37,0.4426,0.2500,0.6223,0.12,7,0.5926,0.2500,-0.13,0.0000
10.48,0.4474,0.2501,0.6221,0.12,7,0.5974,0.2500,-0.15,0.0001
10.65,0.4561,0.2502,0.6218,0.12,8,0.6061,0.2500,-0.18,0.0002
10.82,0.4638,0.2502,0.6216,0.12,8,0.6138,0.2500,-0.20,0.0002
11.01,0.4734,0.2502,0.6214,0.12,8,0.6234,0.2500,-0.22,0.0002
11.17,0.4811,0.2503,0.6213,0.12,9,0.6311,0.2500,-0.23,0.0003
11.33,0.4889,0.2503,0.6211,0.12,9,0.6389,0.2500,-0.24,0.0003
11.54,0.4985,0.2503,0.6210,0.12,9,0.6485,0.2500,-0.24,0.0003
11.64,0.5043,0.2503,0.6210,0.12,10,0.6543,0.2500,-0.25,0.0003
11.75,0.5092,0.2503,0.6209,0.12,10,0.6592,0.2500,-0.25,0.0003
11.92,0.5178,0.2503,0.6208,0.12,10,0.6678,0.2500,-0.25,0.0003
12.08,0.5256,0.2503,0.6208,0.12,11,0.6756,0.2500,-0.25,0.0003
12.20,0.5304,0.2503,0.6208,0.12,11,0.6804,0.2500,-0.25,0.0003
12.35,0.5381,0.2503,0.6207,0.12,11,0.6881,0.2500,-0.26,0.0003
12.52,0.5459,0.2504,0.6207,0.12,11,0.6959,0.2500,-0.26,0.0004
12.68,0.5546,0.2504,0.6207,0.12,12,0.7046,0.2500,-0.26,0.0004
12.85,0.5623,0.2504,0.6207,0.12,12,0.7123,0.2500,-0.26,0.0004
13.03,0.5710,0.2504,0.6206,0.12,12,0.7210,0.2500,-0.26,0.0004
13.15,0.5768,0.2504,0.6206,0.12,13,0.7268,0.2500,-0.26,0.0004
13.26,0.5826,0.2504,0.6206,0.12,13,0.7326,0.2500,-0.26,0.0004
13.37,0.5874,0.2504,0.6206,0.12,13,0.7374,0.2500,-0.26,0.0004
13.54,0.5961,0.2504,0.6206,0.12,13,0.7461,0.2500,-0.26,0.0004
13.66,0.6019,0.2504,0.6206,0.12,14,0.7519,0.2500,-0.26,0.0004
13.84,0.6097,0.2504,0.6206,0.12,14,0.7597,0.2500,-0.26,0.0004
13.97,0.6165,0.2504,0.6206,0.12,14,0.7665,0.2500,-0.26,0.0004
14.14,0.6252,0.2504,0.6206,0.12,15,0.7752,0.2500,-0.26,0.0004
14.26,0.6310,0.2504,0.6206,0.12,15,0.7810,0.2500,-0.26,0.0004
14.37,0.6358,0.2504,0.6206,0.12,15,0.7858,0.2500,-0.26,0.0004
14.56,0.6445,0.2504,0.6206,0.12,15,0.7945,0.2500,-0.26,0.0004
14.76,0.6551,0.2504,0.6206,0.12,16,0.8051,0.2500,-0.26,0.0004
14.86,0.6600,0.2504,0.6206,0.12,16,0.8100,0.2500,-0.26,0.0004
15.02,0.6677,0.2504,0.6206,0.12,16,0.8177,0.2500,-0.26,0.0004
15.19,0.6754,0.2504,0.6206,0.12,17,0.8254,0.2500,-0.26,0.0004
15.35,0.6832,0.2504,0.6206,0.12,17,0.8332,0.2500,-0.26,0.0004
15.55,0.6928,0.2504,0.6206,0.12,17,0.8428,0.2500,-0.26,0.0004
15.71,0.7006,0.2504,0.6206,0.12,18,0.8506,0.2500,-0.26,0.0004
15.90,0.7103,0.2504,0.6206,0.12,18,0.8603,0.2500,-0.26,0.0004
16.06,0.7180,0.2504,0.6206,0.12,18,0.8680,0.2500,-0.26,0.0004
16.23,0.7257,0.2504,0.6206,0.12,19,0.8757,0.2500,-0.26,0.0004
16.39,0.7335,0.2504,0.6206,0.12,19,0.8835,0.2500,-0.26,0.0004
16.61,0.7441,0.2504,0.6206,0.12,19,0.8941,0.2500,-0.26,0.0004
16.77,0.7518,0.2504,0.6206,0.12,20,0.9018,0.2500,-0.26,0.0004
16.94,0.7596,0.2504,0.6206,0.12,20,0.9096,0.2500,-0.26,0.0004
17.10,0.7683,0.2504,0.6206,0.12,20,0.9183,0.2500,-0.26,0.0004
17.27,0.7760,0.2504,0.6206,0.12,21,0.9260,0.2500,-0.26,0.0004
17.44,0.7847,0.2504,0.6206,0.12,21,0.9347,0.2500,-0.26,0.0004
17.61,0.7925,0.2504,0.6206,0.12,21,0.9425,0.2500,-0.26,0.0004
17.80,0.8012,0.2504,0.6206,0.12,22,0.9512,0.2500,-0.26,0.0004
17.95,0.8089,0.2504,0.6206,0.12,22,0.9589,0.2500,-0.26,0.0004
18.14,0.8176,0.2504,0.6206,0.12,22,0.9676,0.2500,-0.26,0.0004
18.25,0.8234,0.2504,0.6206,0.12,22,0.9734,0.2500,-0.26,0.0004
18.43,0.8321,0.2504,0.6206,0.12,23,0.9821,0.2500,-0.26,0.0004
18.61,0.8408,0.2504,0.6206,0.12,23,0.9908,0.2500,-0.26,0.0004
18.72,0.8466,0.2504,0.6206,0.12,23,0.9966,0.2500,-0.26,0.0004
18.93,0.8563,0.2504,0.6206,0.12,24,1.0063,0.2500,-0.26,0.0004
19.07,0.8631,0.2504,0.6206,0.12,24,1.0131,0.2500,-0.26,0.0004
19.24,0.8708,0.2504,0.6206,0.12,24,1.0208,0.2500,-0.26,0.0004
19.40,0.8795,0.2504,0.6206,0.12,25,1.0295,0.2500,-0.26,0.0004
19.62,0.8892,0.2504,0.6206,0.12,25,1.0392,0.2500,-0.26,0.0004
19.82,0.8988,0.2504,0.6206,0.12,25,1.0488,0.2500,-0.26,0.0004
19.99,0.9075,0.2504,0.6206,0.12,26,1.0575,0.2500,-0.26,0.0004
20.19,0.9172,0.2504,0.6206,0.12,26,1.0672,0.2500,-0.26,0.0004
20.35,0.9249,0.2504,0.6206,0.12,26,1.0749,0.2500,-0.26,0.0004
20.46,0.9298,0.2504,0.6206,0.12,27,1.0798,0.2500,-0.26,0.0004
20.57,0.9356,0.2504,0.6206,0.12,27,1.0856,0.2500,-0.26,0.0004
20.67,0.9404,0.2504,0.6206,0.12,27,1.0904,0.2500,-0.26,0.0004
20.78,0.9453,0.2504,0.6206,0.12,27,1.0953,0.2500,-0.26,0.0004
20.88,0.9501,0.2504,0.6206,0.12,28,1.1001,0.2500,-0.26,0.0004
21.07,0.9598,0.2504,0.6206,0.12,28,1.1098,0.2500,-0.26,0.0004
21.26,0.9685,0.2504,0.6206,0.12,28,1.1185,0.2500,-0.26,0.0004
21.44,0.9772,0.2504,0.6206,0.12,29,1.1272,0.2500,-0.26,0.0004
21.59,0.9849,0.2504,0.6206,0.12,29,1.1349,0.2500,-0.26,0.0004
21.76,0.9936,0.2504,0.6206,0.12,29,1.1436,0.2500,-0.26,0.0004
21.87,0.9984,0.2504,0.6206,0.12,29,1.1484,0.2500,-0.26,0.0004
21.98,1.0033,0.2504,0.6206,0.12,30,1.1533,0.2500,-0.26,0.0004
22.09,1.0091,0.2504,0.6206,0.12,30,1.1591,0.2500,-0.26,0.0004
22.20,1.0139,0.2504,0.6206,0.12,30,1.1639,0.2500,-0.26,0.0004
22.30,1.0197,0.2504,0.6206,0.12,30,1.1697,0.2500,-0.26,0.0004
22.42,1.0245,0.2504,0.6206,0.12,30,1.1745,0.2500,-0.26,0.0004
22.52,1.0304,0.2504,0.6206,0.12,31,1.1804,0.2500,-0.26,0.0004
22.72,1.0400,0.2504,0.6206,0.12,31,1.1900,0.2500,-0.26,0.0004
22.83,1.0449,0.2504,0.6206,0.12,31,1.1949,0.2500,-0.26,0.0004
23.03,1.0545,0.2504,0.6206,0.12,32,1.2045,0.2500,-0.26,0.0004
23.14,1.0594,0.2504,0.6206,0.12,32,1.2094,0.2500,-0.26,0.0004
23.25,1.0652,0.2504,0.6206,0.12,32,1.2152,0.2500,-0.26,0.0004
23.36,1.0700,0.2504,0.6206,0.12,32,1.2200,0.2500,-0.26,0.0004
23.47,1.0758,0.2504,0.6206,0.12,33,1.2258,0.2500,-0.26,0.0004
23.58,1.0806,0.2504,0.6206,0.12,33,1.2306,0.2500,-0.26,0.0004
23.74,1.0893,0.2504,0.6206,0.12,33,1.2393,0.2500,-0.26,0.0004
23.90,1.0951,0.2504,0.6206,0.12,33,1.2451,0.2500,-0.26,0.0004
24.07,1.1038,0.2504,0.6206,0.12,34,1.2538,0.2500,-0.26,0.0004
24.29,1.1145,0.2504,0.6206,0.12,34,1.2645,0.2500,-0.26,0.0004
24.45,1.1222,0.2504,0.6206,0.12,34,1.2722,0.2500,-0.26,0.0004
24.62,1.1300,0.2504,0.6206,0.12,35,1.2800,0.2500,-0.26,0.0004
24.78,1.1377,0.2504,0.6206,0.12,35,1.2877,0.2500,-0.26,0.0004
24.95,1.1464,0.2504,0.6206,0.12,35,1.2964,0.2500,-0.26,0.0004
25.17,1.1570,0.2504,0.6206,0.12,36,1.3070,0.2500,-0.26,0.0004
25.28,1.1619,0.2504,0.6206,0.12,36,1.3119,0.2500,-0.26,0.0004
25.39,1.1677,0.2504,0.6206,0.12,36,1.3177,0.2500,-0.26,0.0004
25.49,1.1725,0.2504,0.6206,0.12,36,1.3225,0.2500,-0.26,0.0004
25.60,1.1773,0.2504,0.6206,0.12,37,1.3273,0.2500,-0.26,0.0004
25.77,1.1860,0.2504,0.6206,0.12,37,1.3360,0.2500,-0.26,0.0004
25.96,1.1948,0.2504,0.6206,0.12,37,1.3448,0.2500,-0.26,0.0004
26.06,1.1996,0.2504,0.6206,0.12,37,1.3496,0.2500,-0.26,0.0004
26.22,1.2073,0.2504,0.6206,0.12,38,1.3573,0.2500,-0.26,0.0004
26.43,1.2180,0.2504,0.6206,0.12,38,1.3680,0.2500,-0.26,0.0004
26.54,1.2228,0.2504,0.6206,0.12,38,1.3728,0.2500,-0.26,0.0004
26.65,1.2286,0.2504,0.6206,0.12,39,1.3786,0.2500,-0.26,0.0004
26.76,1.2334,0.2504,0.6206,0.12,39,1.3834,0.2500,-0.26,0.0004
26.86,1.2383,0.2504,0.6206,0.12,39,1.3883,0.2500,-0.26,0.0004
27.06,1.2479,0.2504,0.6206,0.12,39,1.3979,0.2500,-0.26,0.0004
27.17,1.2537,0.2504,0.6206,0.12,40,1.4037,0.2500,-0.26,0.0004
27.28,1.2586,0.2504,0.6206,0.12,40,1.4086,0.2500,-0.26,0.0004
27.38,1.2634,0.2504,0.6206,0.12,40,1.4134,0.2500,-0.26,0.0004
27.54,1.2712,0.2504,0.6206,0.12,40,1.4212,0.2500,-0.26,0.0004
27.71,1.2799,0.2504,0.6206,0.12,41,1.4299,0.2500,-0.26,0.0004
27.92,1.2895,0.2504,0.6206,0.12,41,1.4395,0.2500,-0.26,0.0004
28.03,1.2953,0.2504,0.6206,0.12,41,1.4453,0.2500,-0.26,0.0004
28.14,1.3002,0.2504,0.6206,0.12,42,1.4502,0.2500,-0.26,0.0004
28.31,1.3089,0.2504,0.6206,0.12,42,1.4589,0.2500,-0.26,0.0004
28.49,1.3176,0.2504,0.6206,0.12,42,1.4676,0.2500,-0.26,0.0004
28.67,1.3263,0.2504,0.6206,0.12,43,1.4763,0.2500,-0.26,0.0004
28.88,1.3359,0.2504,0.6206,0.12,43,1.4859,0.2500,-0.26,0.0004
28.99,1.3417,0.2504,0.6206,0.12,43,1.4917,0.2500,-0.26,0.0004
29.10,1.3466,0.2504,0.6206,0.12,43,1.4966,0.2500,-0.26,0.0004
29.21,1.3524,0.2504,0.6206,0.12,44,1.5024,0.2500,-0.26,0.0004
29.42,1.3621,0.2504,0.6206,0.12,44,1.5121,0.2500,-0.26,0.0004
29.53,1.3679,0.2504,0.6206,0.12,44,1.5179,0.2500,-0.26,0.0004
29.64,1.3727,0.2504,0.6206,0.12,44,1.5227,0.2500,-0.26,0.0004
29.74,1.3775,0.2504,0.6206,0.12,45,1.5275,0.2500,-0.26,0.0004
29.89,1.3853,0.2504,0.6206,0.12,45,1.5353,0.2500,-0.26,0.0004
30.09,1.3949,0.2504,0.6206,0.12,45,1.5449,0.2500,-0.26,0.0004
30.20,1.3998,0.2504,0.6206,0.12,45,1.5498,0.2500,-0.26,0.0004
30.37,1.4085,0.2504,0.6206,0.12,46,1.5585,0.2500,-0.26,0.0004
30.54,1.4162,0.2504,0.6206,0.12,46,1.5662,0.2500,-0.26,0.0004
30.70,1.4239,0.2504,0.6206,0.12,46,1.5739,0.2500,-0.26,0.0004
30.89,1.4336,0.2504,0.6206,0.12,47,1.5836,0.2500,-0.26,0.0004
31.05,1.4414,0.2504,0.6206,0.12,47,1.5914,0.2500,-0.26,0.0004
31.25,1.4510,0.2504,0.6206,0.12,48,1.6010,0.2500,-0.26,0.0004
31.37,1.4568,0.2504,0.6206,0.12,48,1.6068,0.2500,-0.26,0.0004
31.48,1.4617,0.2504,0.6206,0.12,48,1.6117,0.2500,-0.26,0.0004
31.67,1.4713,0.2504,0.6206,0.12,48,1.6213,0.2500,-0.26,0.0004
31.79,1.4771,0.2504,0.6206,0.12,49,1.6271,0.2500,-0.26,0.0004
31.90,1.4820,0.2504,0.6206,0.12,49,1.6320,0.2500,-0.26,0.0004
32.06,1.4897,0.2504,0.6206,0.12,49,1.6397,0.2500,-0.26,0.0004
32.17,1.4955,0.2504,0.6206,0.12,49,1.6455,0.2500,-0.26,0.0004
32.33,1.5032,0.2504,0.6206,0.12,50,1.6532,0.2500,-0.26,0.0004
32.44,1.5081,0.2504,0.6206,0.12,50,1.6581,0.2500,-0.26,0.0004
32.61,1.5168,0.2504,0.6206,0.12,50,1.6668,0.2500,-0.26,0.0004
32.78,1.5245,0.2504,0.6206,0.12,50,1.6745,0.2500,-0.26,0.0004
32.90,1.5303,0.2504,0.6206,0.12,51,1.6803,0.2500,-0.26,0.0004
33.10,1.5400,0.2504,0.6206,0.12,51,1.6900,0.2500,-0.26,0.0004
33.21,1.5458,0.2504,0.6206,0.12,51,1.6958,0.2500,-0.26,0.0004
33.44,1.5564,0.2504,0.6206,0.12,52,1.7064,0.2500,-0.26,0.0004
33.55,1.5622,0.2504,0.6206,0.12,52,1.7122,0.2500,-0.26,0.0004
33.66,1.5671,0.2504,0.6206,0.12,52,1.7171,0.2500,-0.26,0.0004
33.77,1.5729,0.2504,0.6206,0.12,52,1.7229,0.2500,-0.26,0.0004
33.89,1.5777,0.2504,0.6206,0.12,53,1.7277,0.2500,-0.26,0.0004
34.00,1.5835,0.2504,0.6206,0.12,53,1.7335,0.2500,-0.26,0.0004
34.11,1.5883,0.2504,0.6206,0.12,53,1.7383,0.2500,-0.26,0.0004
34.21,1.5942,0.2504,0.6206,0.12,53,1.7442,0.2500,-0.26,0.0004
34.40,1.6029,0.2504,0.6206,0.12,54,1.7529,0.2500,-0.26,0.0004
34.50,1.6077,0.2504,0.6206,0.12,54,1.7577,0.2500,-0.26,0.0004
34.71,1.6183,0.2504,0.6206,0.12,54,1.7683,0.2500,-0.26,0.0004
34.85,1.6241,0.2504,0.6206,0.12,54,1.7741,0.2500,-0.26,0.0004
34.97,1.6299,0.2504,0.6206,0.12,55,1.7799,0.2500,-0.26,0.0004
35.08,1.6348,0.2504,0.6206,0.12,55,1.7848,0.2500,-0.26,0.0004
35.19,1.6406,0.2504,0.6206,0.12,55,1.7906,0.2500,-0.26,0.0004
35.37,1.6493,0.2504,0.6206,0.12,55,1.7993,0.2500,-0.26,0.0004
35.47,1.6541,0.2504,0.6206,0.12,56,1.8041,0.2500,-0.26,0.0004
35.59,1.6599,0.2504,0.6206,0.12,56,1.8099,0.2500,-0.26,0.0004
35.70,1.6647,0.2504,0.6206,0.12,56,1.8147,0.2500,-0.26,0.0004
35.80,1.6696,0.2504,0.6206,0.12,56,1.8196,0.2500,-0.26,0.0004
35.93,1.6764,0.2504,0.6206,0.12,57,1.8264,0.2500,-0.26,0.0004
36.09,1.6841,0.2504,0.6206,0.12,57,1.8341,0.2500,-0.26,0.0004
36.30,1.6938,0.2504,0.6206,0.12,57,1.8438,0.2500,-0.26,0.0004
36.41,1.6996,0.2504,0.6206,0.12,57,1.8496,0.2500,-0.26,0.0004
36.52,1.7054,0.2504,0.6206,0.12,58,1.8554,0.2500,-0.26,0.0004
36.64,1.7102,0.2504,0.6206,0.12,58,1.8602,0.2500,-0.26,0.0004
36.75,1.7160,0.2504,0.6206,0.12,58,1.8660,0.2500,-0.26,0.0004
36.86,1.7208,0.2504,0.6206,0.12,58,1.8708,0.2500,-0.26,0.0004
36.98,1.7266,0.2504,0.6206,0.12,59,1.8766,0.2500,-0.26,0.0004
37.08,1.7315,0.2504,0.6206,0.12,59,1.8815,0.2500,-0.26,0.0004
37.19,1.7373,0.2504,0.6206,0.12,59,1.8873,0.2500,-0.26,0.0004
37.34,1.7440,0.2504,0.6206,0.12,59,1.8940,0.2500,-0.26,0.0004
37.44,1.7489,0.2504,0.6206,0.12,59,1.8989,0.2500,-0.26,0.0004
37.61,1.7566,0.2504,0.6206,0.12,60,1.9066,0.2500,-0.26,0.0004
37.73,1.7624,0.2504,0.6206,0.12,60,1.9124,0.2500,-0.26,0.0004
37.83,1.7673,0.2504,0.6206,0.12,60,1.9173,0.2500,-0.26,0.0004
37.95,1.7731,0.2504,0.6206,0.12,60,1.9231,0.2500,-0.26,0.0004
38.06,1.7779,0.2504,0.6206,0.12,61,1.9279,0.2500,-0.26,0.0004
38.24,1.7866,0.2504,0.6206,0.12,61,1.9366,0.2500,-0.26,0.0004
38.42,1.7963,0.2504,0.6206,0.12,61,1.9463,0.2500,-0.26,0.0004
38.64,1.8059,0.2504,0.6206,0.12,62,1.9559,0.2500,-0.26,0.0004
38.75,1.8117,0.2504,0.6206,0.12,62,1.9617,0.2500,-0.26,0.0004
38.86,1.8175,0.2504,0.6206,0.12,62,1.9675,0.2500,-0.26,0.0004
38.97,1.8224,0.2504,0.6206,0.12,62,1.9724,0.2500,-0.26,0.0004
39.09,1.8282,0.2504,0.6206,0.12,63,1.9782,0.2500,-0.26,0.0004
39.20,1.8330,0.2504,0.6206,0.12,63,1.9830,0.2500,-0.26,0.0004
39.31,1.8388,0.2504,0.6206,0.12,63,1.9888,0.2500,-0.26,0.0004
39.48,1.8466,0.2504,0.6206,0.12,63,1.9966,0.2500,-0.26,0.0004
39.65,1.8553,0.2504,0.6206,0.12,64,2.0053,0.2500,-0.26,0.0004
39.76,1.8601,0.2504,0.6206,0.12,64,2.0101,0.2500,-0.26,0.0004
39.96,1.8698,0.2504,0.6206,0.12,64,2.0198,0.2500,-0.26,0.0004
40.07,1.8756,0.2504,0.6206,0.12,65,2.0256,0.2500,-0.26,0.0004
40.18,1.8804,0.2504,0.6206,0.12,65,2.0304,0.2500,-0.26,0.0004
40.36,1.8901,0.2504,0.6206,0.12,65,2.0401,0.2500,-0.26,0.0004
40.47,1.8949,0.2504,0.6206,0.12,65,2.0449,0.2500,-0.26,0.0004
40.66,1.9036,0.2504,0.6206,0.12,66,2.0536,0.2500,-0.26,0.0004
40.77,1.9094,0.2504,0.6206,0.12,66,2.0594,0.2500,-0.26,0.0004
40.88,1.9142,0.2504,0.6206,0.12,66,2.0642,0.2500,-0.26,0.0004
41.05,1.9230,0.2504,0.6206,0.12,66,2.0730,0.2500,-0.26,0.0004
41.23,1.9317,0.2504,0.6206,0.12,67,2.0817,0.2500,-0.26,0.0004
41.42,1.9404,0.2504,0.6206,0.12,67,2.0904,0.2500,-0.26,0.0004
41.59,1.9491,0.2504,0.6206,0.12,67,2.0991,0.2500,-0.26,0.0004
41.76,1.9568,0.2504,0.6206,0.12,68,2.1068,0.2500,-0.26,0.0004
41.97,1.9674,0.2504,0.6206,0.12,68,2.1174,0.2500,-0.26,0.0004
42.07,1.9723,0.2504,0.6206,0.12,68,2.1223,0.2500,-0.26,0.0004
42.30,1.9829,0.2504,0.6206,0.12,69,2.1329,0.2500,-0.26,0.0004
42.41,1.9887,0.2504,0.6206,0.12,69,2.1387,0.2500,-0.26,0.0004
42.51,1.9935,0.2504,0.6206,0.12,69,2.1435,0.2500,-0.26,0.0004
42.62,1.9984,0.2504,0.6206,0.12,69,2.1484,0.2500,-0.26,0.0004
42.72,2.0032,0.2504,0.6206,0.12,70,2.1532,0.2500,-0.26,0.0004
42.91,2.0129,0.2504,0.6206,0.12,70,2.1629,0.2500,-0.26,0.0004
43.02,2.0177,0.2504,0.6206,0.12,70,2.1677,0.2500,-0.26,0.0004
43.14,2.0235,0.2504,0.6206,0.12,70,2.1735,0.2500,-0.26,0.0004
43.36,2.0342,0.2504,0.6206,0.12,71,2.1842,0.2500,-0.26,0.0004
43.47,2.0400,0.2504,0.6206,0.12,71,2.1900,0.2500,-0.26,0.0004
43.59,2.0458,0.2504,0.6206,0.12,71,2.1958,0.2500,-0.26,0.0004
43.69,2.0506,0.2504,0.6206,0.12,72,2.2006,0.2500,-0.26,0.0004
43.80,2.0554,0.2504,0.6206,0.12,72,2.2054,0.2500,-0.26,0.0004
43.90,2.0603,0.2504,0.6206,0.12,72,2.2103,0.2500,-0.26,0.0004
44.06,2.0680,0.2504,0.6206,0.12,72,2.2180,0.2500,-0.26,0.0004
44.17,2.0728,0.2504,0.6206,0.12,72,2.2228,0.2500,-0.26,0.0004
44.27,2.0787,0.2504,0.6206,0.12,73,2.2287,0.2500,-0.26,0.0004
44.45,2.0874,0.2504,0.6206,0.12,73,2.2374,0.2500,-0.26,0.0004
44.63,2.0961,0.2504,0.6206,0.12,73,2.2461,0.2500,-0.26,0.0004
44.81,2.1048,0.2504,0.6206,0.12,74,2.2548,0.2500,-0.26,0.0004
44.98,2.1125,0.2504,0.6206,0.12,74,2.2625,0.2500,-0.26,0.0004
45.15,2.1212,0.2504,0.6206,0.12,74,2.2712,0.2500,-0.26,0.0004
45.27,2.1270,0.2504,0.6206,0.12,75,2.2770,0.2500,-0.26,0.0004
45.47,2.1367,0.2504,0.6206,0.12,75,2.2867,0.2500,-0.26,0.0004
45.66,2.1454,0.2504,0.6206,0.12,75,2.2954,0.2500,-0.26,0.0004
45.84,2.1541,0.2504,0.6206,0.12,76,2.3041,0.2500,-0.26,0.0004
46.00,2.1618,0.2504,0.6206,0.12,76,2.3118,0.2500,-0.26,0.0004
46.21,2.1725,0.2504,0.6206,0.12,76,2.3225,0.2500,-0.26,0.0004
46.33,2.1783,0.2504,0.6206,0.12,77,2.3283,0.2500,-0.26,0.0004
46.49,2.1860,0.2504,0.6206,0.12,77,2.3360,0.2500,-0.26,0.0004
46.66,2.1937,0.2504,0.6206,0.12,77,2.3437,0.2500,-0.26,0.0004
46.84,2.2024,0.2504,0.6206,0.12,78,2.3524,0.2500,-0.26,0.0004
46.95,2.2082,0.2504,0.6206,0.12,78,2.3582,0.2500,-0.26,0.0004
47.13,2.2169,0.2504,0.6206,0.12,78,2.3669,0.2500,-0.26,0.0004
47.25,2.2227,0.2504,0.6206,0.12,78,2.3727,0.2500,-0.26,0.0004
47.43,2.2305,0.2504,0.6206,0.12,79,2.3805,0.2500,-0.26,0.0004
47.59,2.2392,0.2504,0.6206,0.12,79,2.3892,0.2500,-0.26,0.0004
47.78,2.2479,0.2504,0.6206,0.12,79,2.3979,0.2500,-0.26,0.0004
47.90,2.2537,0.2504,0.6206,0.12,80,2.4037,0.2500,-0.26,0.0004
48.08,2.2624,0.2504,0.6206,0.12,80,2.4124,0.2500,-0.26,0.0004
48.21,2.2682,0.2504,0.6206,0.12,80,2.4182,0.2500,-0.26,0.0004
48.32,2.2740,0.2504,0.6206,0.12,80,2.4240,0.2500,-0.26,0.0004
48.42,2.2788,0.2504,0.6206,0.12,81,2.4288,0.2500,-0.26,0.0004
48.54,2.2846,0.2504,0.6206,0.12,81,2.4346,0.2500,-0.26,0.0004
48.65,2.2904,0.2504,0.6206,0.12,81,2.4404,0.2500,-0.26,0.0004
48.82,2.2982,0.2504,0.6206,0.12,81,2.4482,0.2500,-0.26,0.0004
48.94,2.3040,0.2504,0.6206,0.12,82,2.4540,0.2500,-0.26,0.0004
49.05,2.3098,0.2504,0.6206,0.12,82,2.4598,0.2500,-0.26,0.0004
49.25,2.3194,0.2504,0.6206,0.12,82,2.4694,0.2500,-0.26,0.0004
49.43,2.3282,0.2504,0.6206,0.12,83,2.4782,0.2500,-0.26,0.0004
49.55,2.3340,0.2504,0.6206,0.12,83,2.4840,0.2500,-0.26,0.0004
49.66,2.3388,0.2504,0.6206,0.12,83,2.4888,0.2500,-0.26,0.0004
49.76,2.3436,0.2504,0.6206,0.12,83,2.4936,0.2500,-0.26,0.0004
49.92,2.3514,0.2504,0.6206,0.12,84,2.5014,0.2501,-0.22,0.0004
50.03,2.3562,0.2504,0.6206,0.12,84,2.5062,0.2504,-0.10,0.0004
50.15,2.3630,0.2504,0.6206,0.12,84,2.5129,0.2508,0.07,0.0004
50.26,2.3678,0.2504,0.6206,0.12,84,2.5178,0.2512,0.19,0.0004
50.36,2.3726,0.2504,0.6206,0.14,84,2.5226,0.2515,0.30,0.0004
50.56,2.3823,0.2504,0.6206,0.22,85,2.5322,0.2528,0.70,0.0004
50.67,2.3872,0.2504,0.6207,0.29,85,2.5369,0.2535,0.91,0.0004
50.84,2.3959,0.2505,0.6207,0.44,85,2.5455,0.2549,1.24,0.0005
51.00,2.4036,0.2506,0.6208,0.67,86,2.5531,0.2564,1.54,0.0006
51.18,2.4123,0.2508,0.6208,1.00,86,2.5615,0.2585,1.95,0.0008
51.29,2.4171,0.2510,0.6209,1.24,86,2.5662,0.2597,2.10,0.0010
51.45,2.4249,0.2513,0.6209,1.67,86,2.5737,0.2616,2.26,0.0013
51.56,2.4307,0.2516,0.6210,2.08,87,2.5791,0.2635,2.48,0.0016
51.76,2.4403,0.2523,0.6210,2.81,87,2.5882,0.2667,2.75,0.0023
51.93,2.4480,0.2529,0.6210,3.49,87,2.5955,0.2692,2.84,0.0029
52.10,2.4567,0.2536,0.6210,4.34,88,2.6034,0.2728,3.11,0.0036
52.28,2.4653,0.2545,0.6210,5.29,88,2.6111,0.2766,3.34,0.0045
52.39,2.4701,0.2551,0.6210,5.90,88,2.6154,0.2788,3.37,0.0051
52.50,2.4759,0.2558,0.6210,6.66,89,2.6205,0.2814,3.39,0.0058
52.62,2.4816,0.2565,0.6210,7.50,89,2.6254,0.2844,3.48,0.0065
52.79,2.4892,0.2576,0.6211,8.71,89,2.6318,0.2884,3.49,0.0076
52.97,2.4977,0.2589,0.6211,10.19,89,2.6390,0.2929,3.34,0.0089
53.14,2.5061,0.2604,0.6210,11.75,90,2.6463,0.2982,3.35,0.0100
53.25,2.5108,0.2613,0.6210,12.65,90,2.6501,0.3011,3.30,0.0105
53.37,2.5163,0.2624,0.6210,13.77,90,2.6545,0.3045,3.17,0.0113
53.49,2.5218,0.2635,0.6210,14.92,90,2.6590,0.3078,2.98,0.0121
53.64,2.5283,0.2649,0.6210,16.34,91,2.6648,0.3128,3.00,0.0126
53.76,2.5337,0.2662,0.6209,17.58,91,2.6689,0.3166,2.87,0.0131
53.87,2.5392,0.2676,0.6209,18.82,91,2.6730,0.3204,2.71,0.0135
53.98,2.5436,0.2687,0.6208,19.89,91,2.6764,0.3235,2.52,0.0140
54.09,2.5481,0.2699,0.6208,20.98,92,2.6807,0.3277,2.56,0.0143
54.20,2.5535,0.2715,0.6208,22.28,92,2.6844,0.3319,2.50,0.0145
54.31,2.5580,0.2728,0.6207,23.36,92,2.6875,0.3354,2.43,0.0148
54.42,2.5633,0.2745,0.6207,24.69,92,2.6911,0.3396,2.29,0.0151
54.54,2.5686,0.2763,0.6208,26.02,92,2.6948,0.3438,2.12,0.0155
54.67,2.5739,0.2782,0.6207,27.36,93,2.6990,0.3494,2.32,0.0156
54.77,2.5783,0.2798,0.6206,28.47,93,2.7016,0.3533,2.29,0.0157
54.93,2.5851,0.2826,0.6205,30.24,93,2.7059,0.3593,2.20,0.0161
55.11,2.5928,0.2859,0.6206,32.30,94,2.7115,0.3679,2.33,0.0164
55.23,2.5978,0.2883,0.6206,33.67,94,2.7143,0.3727,2.29,0.0163
55.35,2.6028,0.2907,0.6205,35.06,94,2.7170,0.3776,2.18,0.0163
55.52,2.6102,0.2946,0.6207,37.21,94,2.7212,0.3848,1.90,0.0165
55.62,2.6143,0.2969,0.6207,38.38,95,2.7240,0.3905,2.08,0.0165
55.79,2.6207,0.3008,0.6206,40.22,95,2.7271,0.3973,2.00,0.0163
55.99,2.6285,0.3057,0.6206,42.50,95,2.7310,0.4057,1.79,0.0164
56.10,2.6331,0.3089,0.6207,43.87,96,2.7337,0.4123,1.92,0.0165
56.29,2.6399,0.3139,0.6207,45.90,96,2.7364,0.4203,1.89,0.0164
56.47,2.6465,0.3191,0.6207,47.95,96,2.7391,0.4282,1.74,0.0165
56.68,2.6536,0.3251,0.6207,50.21,97,2.7419,0.4387,1.92,0.0166
56.79,2.6578,0.3289,0.6207,51.54,97,2.7431,0.4441,1.95,0.0166
56.90,2.6612,0.3320,0.6206,52.65,97,2.7440,0.4487,1.95,0.0166
57.07,2.6671,0.3379,0.6206,54.69,97,2.7458,0.4568,1.82,0.0170
57.17,2.6703,0.3413,0.6206,55.84,98,2.7466,0.4633,2.14,0.0168
57.37,2.6765,0.3482,0.6205,58.11,98,2.7477,0.4725,2.07,0.0167
57.54,2.6818,0.3545,0.6205,60.23,98,2.7486,0.4807,1.85,0.0169
57.73,2.6869,0.3612,0.6206,62.34,99,2.7491,0.4909,2.06,0.0166
57.84,2.6902,0.3657,0.6206,63.72,99,2.7492,0.4965,1.98,0.0165
57.95,2.6928,0.3695,0.6206,64.86,99,2.7493,0.5011,1.89,0.0165
58.13,2.6973,0.3764,0.6205,66.94,100,2.7493,0.5109,1.93,0.0166
58.24,2.7002,0.3812,0.6206,68.31,100,2.7489,0.5165,1.89,0.0164
58.34,2.7025,0.3853,0.6206,69.44,100,2.7486,0.5211,1.83,0.0164
58.46,2.7052,0.3901,0.6206,70.80,100,2.7483,0.5267,1.70,0.0165
58.57,2.7074,0.3942,0.6206,71.94,100,2.7479,0.5313,1.57,0.0167
58.68,2.7098,0.3993,0.6206,73.29,101,2.7467,0.5384,1.87,0.0166
58.80,2.7122,0.4044,0.6206,74.61,101,2.7456,0.5438,1.91,0.0165
58.97,2.7151,0.4111,0.6205,76.38,101,2.7442,0.5511,1.89,0.0167
59.16,2.7185,0.4198,0.6206,78.65,102,2.7416,0.5618,2.12,0.0167
59.28,2.7204,0.4250,0.6205,80.01,102,2.7400,0.5671,2.12,0.0167
59.40,2.7219,0.4294,0.6205,81.14,102,2.7387,0.5715,2.08,0.0167
59.50,2.7232,0.4338,0.6205,82.31,102,2.7374,0.5759,1.97,0.0168
59.60,2.7248,0.4392,0.6205,83.72,103,2.7351,0.5832,2.18,0.0169
59.71,2.7259,0.4437,0.6205,84.88,103,2.7334,0.5875,2.15,0.0167
59.81,2.7270,0.4482,0.6205,86.03,103,2.7317,0.5918,2.09,0.0166
60.02,2.7290,0.4582,0.6207,88.65,103,2.7279,0.6013,1.80,0.0166
60.13,2.7298,0.4629,0.6207,89.82,104,2.7254,0.6069,1.95,0.0166
60.32,2.7311,0.4721,0.6206,92.15,104,2.7212,0.6153,1.81,0.0164
60.44,2.7316,0.4767,0.6206,93.27,104,2.7191,0.6195,1.73,0.0165
60.63,2.7323,0.4860,0.6207,95.57,105,2.7139,0.6290,1.78,0.0166
60.79,2.7326,0.4935,0.6207,97.35,105,2.7097,0.6352,1.83,0.0165
60.98,2.7327,0.5028,0.6206,99.59,105,2.7045,0.6429,1.77,0.0167
61.10,2.7326,0.5074,0.6206,100.71,106,2.7010,0.6480,1.95,0.0169
61.21,2.7324,0.5130,0.6206,102.06,106,2.6975,0.6523,2.00,0.0168
61.32,2.7320,0.5186,0.6205,103.41,106,2.6939,0.6566,2.01,0.0168
61.48,2.7314,0.5251,0.6206,105.04,106,2.6898,0.6616,1.90,0.0169
61.58,2.7307,0.5306,0.6206,106.44,107,2.6847,0.6676,2.14,0.0172
61.70,2.7299,0.5362,0.6206,107.83,107,2.6808,0.6716,2.12,0.0169
61.87,2.7287,0.5434,0.6206,109.70,107,2.6756,0.6768,2.00,0.0167
62.07,2.7268,0.5526,0.6208,112.08,107,2.6690,0.6834,1.72,0.0168
62.18,2.7254,0.5581,0.6208,113.49,108,2.6636,0.6881,1.92,0.0166
62.29,2.7242,0.5626,0.6207,114.65,108,2.6601,0.6912,1.86,0.0165
62.40,2.7229,0.5671,0.6207,115.77,108,2.6565,0.6942,1.80,0.0165
62.50,2.7212,0.5724,0.6207,117.14,108,2.6523,0.6977,1.66,0.0166
62.64,2.7194,0.5777,0.6208,118.49,109,2.6466,0.7021,1.83,0.0166
62.83,2.7161,0.5864,0.6207,120.71,109,2.6389,0.7072,1.87,0.0165
62.97,2.7136,0.5923,0.6206,122.27,109,2.6335,0.7108,1.80,0.0166
63.10,2.7110,0.5983,0.6206,123.86,110,2.6267,0.7151,1.95,0.0167
63.21,2.7090,0.6025,0.6206,124.99,110,2.6225,0.7173,2.00,0.0166
63.32,2.7069,0.6067,0.6206,126.10,110,2.6184,0.7194,2.02,0.0166
63.43,2.7043,0.6116,0.6207,127.49,110,2.6135,0.7220,1.95,0.0167
63.66,2.6992,0.6205,0.6206,130.03,111,2.6024,0.7273,2.14,0.0169
63.76,2.6962,0.6252,0.6206,131.41,111,2.5972,0.7294,2.12,0.0167
63.88,2.6937,0.6291,0.6205,132.56,111,2.5930,0.7312,2.06,0.0167
63.98,2.6906,0.6337,0.6205,133.97,111,2.5879,0.7333,1.91,0.0167
64.17,2.6856,0.6405,0.6206,136.08,112,2.5784,0.7367,2.02,0.0167
64.28,2.6822,0.6449,0.6206,137.46,112,2.5730,0.7383,1.97,0.0165
64.44,2.6775,0.6506,0.6205,139.30,112,2.5660,0.7405,1.82,0.0165
64.61,2.6726,0.6562,0.6206,141.15,113,2.5574,0.7429,1.88,0.0166
64.83,2.6655,0.6636,0.6205,143.64,113,2.5473,0.7450,1.84,0.0165
64.94,2.6622,0.6669,0.6206,144.79,113,2.5427,0.7459,1.75,0.0165
65.05,2.6581,0.6708,0.6206,146.16,113,2.5372,0.7470,1.63,0.0167
65.22,2.6518,0.6764,0.6206,148.19,114,2.5272,0.7480,1.91,0.0166
65.43,2.6446,0.6823,0.6205,150.40,114,2.5180,0.7487,1.93,0.0167
65.54,2.6410,0.6852,0.6204,151.50,114,2.5134,0.7491,1.89,0.0169
65.65,2.6366,0.6885,0.6204,152.87,115,2.5060,0.7495,2.10,0.0168
65.84,2.6290,0.6938,0.6204,155.16,115,2.4967,0.7497,1.95,0.0167
65.95,2.6251,0.6963,0.6204,156.31,115,2.4921,0.7498,1.79,0.0167
66.06,2.6212,0.6988,0.6205,157.50,115,2.4875,0.7499,1.58,0.0168
66.18,2.6164,0.7017,0.6206,158.90,116,2.4800,0.7500,1.59,0.0167
66.29,2.6115,0.7044,0.6206,160.26,116,2.4744,0.7500,1.36,0.0165
66.48,2.6041,0.7083,0.6206,162.24,116,2.4661,0.7500,0.95,0.0165
66.59,2.5991,0.7108,0.6207,163.53,117,2.4590,0.7500,0.83,0.0166
66.70,2.5949,0.7128,0.6208,164.60,117,2.4543,0.7500,0.58,0.0163
66.86,2.5880,0.7158,0.6208,166.21,117,2.4468,0.7500,0.18,0.0161
67.06,2.5793,0.7194,0.6209,168.13,117,2.4373,0.7500,-0.30,0.0161
67.18,2.5740,0.7214,0.6209,169.22,118,2.4302,0.7500,-0.46,0.0159
67.29,2.5687,0.7234,0.6209,170.28,118,2.4246,0.7500,-0.75,0.0156
67.49,2.5599,0.7264,0.6209,171.88,118,2.4152,0.7500,-1.15,0.0153
67.61,2.5545,0.7281,0.6210,172.76,119,2.4080,0.7500,-1.25,0.0151
67.72,2.5500,0.7295,0.6210,173.48,119,2.4033,0.7500,-1.43,0.0146
67.91,2.5409,0.7322,0.6211,174.77,119,2.3939,0.7500,-1.68,0.0138
68.03,2.5363,0.7334,0.6212,175.40,119,2.3891,0.7500,-1.82,0.0134
68.14,2.5307,0.7349,0.6212,176.08,120,2.3817,0.7500,-1.87,0.0128
68.25,2.5251,0.7362,0.6212,176.68,120,2.3761,0.7500,-1.96,0.0119
68.42,2.5176,0.7379,0.6212,177.45,120,2.3685,0.7500,-2.07,0.0108
68.55,2.5120,0.7391,0.6213,177.95,120,2.3628,0.7500,-2.11,0.0100
68.76,2.5015,0.7411,0.6214,178.73,121,2.3517,0.7500,-2.11,0.0084
68.92,2.4938,0.7424,0.6215,179.16,121,2.3440,0.7500,-2.05,0.0073
69.02,2.4890,0.7432,0.6215,179.40,121,2.3392,0.7500,-2.02,0.0067
69.26,2.4775,0.7447,0.6216,179.78,122,2.3275,0.7500,-1.80,0.0053
69.40,2.4707,0.7455,0.6216,179.92,122,2.3207,0.7500,-1.65,0.0045
69.51,2.4659,0.7460,0.6216,-179.98,122,2.3159,0.7500,-1.55,0.0040
69.73,2.4553,0.7469,0.6216,-179.90,123,2.3053,0.7500,-1.27,0.0031
69.89,2.4476,0.7475,0.6216,-179.88,123,2.2976,0.7500,-1.10,0.0025
70.15,2.4360,0.7481,0.6215,-179.86,123,2.2860,0.7500,-0.86,0.0019
70.28,2.4292,0.7484,0.6215,-179.86,124,2.2792,0.7500,-0.74,0.0016
70.39,2.4244,0.7486,0.6214,-179.86,124,2.2744,0.7500,-0.67,0.0014
70.50,2.4186,0.7488,0.6214,-179.86,124,2.2686,0.7500,-0.59,0.0012
70.61,2.4138,0.7490,0.6214,-179.86,124,2.2638,0.7500,-0.53,0.0010
70.78,2.4051,0.7492,0.6213,-179.87,125,2.2551,0.7500,-0.45,0.0008
70.96,2.3964,0.7493,0.6212,-179.87,125,2.2464,0.7500,-0.40,0.0007
71.06,2.3916,0.7493,0.6212,-179.87,125,2.2416,0.7500,-0.38,0.0007
71.18,2.3858,0.7494,0.6211,-179.88,125,2.2358,0.7500,-0.35,0.0006
71.37,2.3771,0.7495,0.6210,-179.88,126,2.2271,0.7500,-0.33,0.0005
71.54,2.3684,0.7495,0.6210,-179.88,126,2.2184,0.7500,-0.31,0.0005
71.72,2.3597,0.7496,0.6209,-179.88,127,2.2097,0.7500,-0.29,0.0004
71.91,2.3510,0.7496,0.6208,-179.88,127,2.2010,0.7500,-0.28,0.0004
72.03,2.3452,0.7496,0.6208,-179.88,127,2.1952,0.7500,-0.28,0.0004
72.24,2.3346,0.7496,0.6208,-179.88,128,2.1846,0.7500,-0.27,0.0004
72.34,2.3297,0.7496,0.6207,-179.88,128,2.1797,0.7500,-0.27,0.0004
72.45,2.3249,0.7496,0.6207,-179.88,128,2.1749,0.7500,-0.26,0.0004
72.55,2.3201,0.7496,0.6207,-179.88,128,2.1701,0.7500,-0.26,0.0004
72.72,2.3114,0.7496,0.6207,-179.88,128,2.1614,0.7500,-0.26,0.0004
72.84,2.3056,0.7496,0.6207,-179.88,129,2.1556,0.7500,-0.26,0.0004
72.95,2.3007,0.7496,0.6207,-179.88,129,2.1507,0.7500,-0.26,0.0004
73.12,2.2930,0.7496,0.6206,-179.88,129,2.1430,0.7500,-0.26,0.0004
73.31,2.2833,0.7496,0.6206,-179.88,130,2.1333,0.7500,-0.26,0.0004
73.42,2.2775,0.7496,0.6206,-179.88,130,2.1275,0.7500,-0.26,0.0004
73.61,2.2688,0.7496,0.6206,-179.88,130,2.1188,0.7500,-0.26,0.0004
73.81,2.2591,0.7496,0.6206,-179.88,131,2.1091,0.7500,-0.26,0.0004
73.92,2.2543,0.7496,0.6206,-179.88,131,2.1043,0.7500,-0.26,0.0004
74.02,2.2485,0.7496,0.6206,-179.88,131,2.0985,0.7500,-0.26,0.0004
74.13,2.2437,0.7496,0.6206,-179.88,131,2.0937,0.7500,-0.26,0.0004
74.23,2.2388,0.7496,0.6206,-179.88,131,2.0888,0.7500,-0.26,0.0004
74.41,2.2301,0.7496,0.6206,-179.88,132,2.0801,0.7500,-0.26,0.0004
74.62,2.2205,0.7496,0.6206,-179.88,132,2.0705,0.7500,-0.26,0.0004
74.73,2.2147,0.7496,0.6206,-179.88,132,2.0647,0.7500,-0.26,0.0004
74.83,2.2098,0.7496,0.6206,-179.88,133,2.0598,0.7500,-0.26,0.0004
74.99,2.2021,0.7496,0.6206,-179.88,133,2.0521,0.7500,-0.26,0.0004
75.16,2.1944,0.7496,0.6206,-179.88,133,2.0444,0.7500,-0.26,0.0004
75.36,2.1847,0.7496,0.6206,-179.88,134,2.0347,0.7500,-0.26,0.0004
75.46,2.1799,0.7496,0.6206,-179.88,134,2.0299,0.7500,-0.26,0.0004
75.60,2.1731,0.7496,0.6206,-179.88,134,2.0231,0.7500,-0.26,0.0004
75.70,2.1682,0.7496,0.6206,-179.88,134,2.0182,0.7500,-0.26,0.0004
75.80,2.1634,0.7496,0.6206,-179.88,134,2.0134,0.7500,-0.26,0.0004
75.94,2.1566,0.7496,0.6206,-179.88,135,2.0066,0.7500,-0.26,0.0004
76.16,2.1460,0.7496,0.6206,-179.88,135,1.9960,0.7500,-0.26,0.0004
76.27,2.1412,0.7496,0.6206,-179.88,135,1.9912,0.7500,-0.26,0.0004
76.45,2.1344,0.7496,0.6206,-179.88,136,1.9844,0.7500,-0.26,0.0004
76.61,2.1267,0.7496,0.6206,-179.88,136,1.9767,0.7500,-0.26,0.0004
76.82,2.1170,0.7496,0.6206,-179.88,136,1.9670,0.7500,-0.26,0.0004
76.93,2.1112,0.7496,0.6206,-179.88,136,1.9612,0.7500,-0.26,0.0004
77.12,2.1025,0.7496,0.6206,-179.88,137,1.9525,0.7500,-0.26,0.0004
77.34,2.0909,0.7496,0.6206,-179.88,137,1.9409,0.7500,-0.26,0.0004
77.45,2.0860,0.7496,0.6206,-179.88,137,1.9360,0.7500,-0.26,0.0004
77.67,2.0754,0.7496,0.6206,-179.88,138,1.9254,0.7500,-0.26,0.0004
77.78,2.0696,0.7496,0.6206,-179.88,138,1.9196,0.7500,-0.26,0.0004
78.00,2.0599,0.7496,0.6206,-179.88,138,1.9099,0.7500,-0.26,0.0004
78.11,2.0541,0.7496,0.6206,-179.88,139,1.9041,0.7500,-0.26,0.0004
78.22,2.0483,0.7496,0.6206,-179.88,139,1.8983,0.7500,-0.26,0.0004
78.39,2.0406,0.7496,0.6206,-179.88,139,1.8906,0.7500,-0.26,0.0004
78.49,2.0358,0.7496,0.6206,-179.88,139,1.8858,0.7500,-0.26,0.0004
78.60,2.0300,0.7496,0.6206,-179.88,140,1.8800,0.7500,-0.26,0.0004
78.80,2.0213,0.7496,0.6206,-179.88,140,1.8713,0.7500,-0.26,0.0004
78.98,2.0116,0.7496,0.6206,-179.88,140,1.8616,0.7500,-0.26,0.0004
79.16,2.0038,0.7496,0.6206,-179.88,141,1.8538,0.7500,-0.26,0.0004
79.34,1.9951,0.7496,0.6206,-179.88,141,1.8451,0.7500,-0.26,0.0004
79.52,1.9864,0.7496,0.6206,-179.88,141,1.8364,0.7500,-0.26,0.0004
79.69,1.9777,0.7496,0.6206,-179.88,142,1.8277,0.7500,-0.26,0.0004
79.87,1.9690,0.7496,0.6206,-179.88,142,1.8190,0.7500,-0.26,0.0004
80.06,1.9594,0.7496,0.6206,-179.88,143,1.8094,0.7500,-0.26,0.0004
80.24,1.9507,0.7496,0.6206,-179.88,143,1.8007,0.7500,-0.26,0.0004
80.37,1.9449,0.7496,0.6206,-179.88,143,1.7949,0.7500,-0.26,0.0004
80.54,1.9371,0.7496,0.6206,-179.88,143,1.7871,0.7500,-0.26,0.0004
80.64,1.9323,0.7496,0.6206,-179.88,144,1.7823,0.7500,-0.26,0.0004
80.82,1.9236,0.7496,0.6206,-179.88,144,1.7736,0.7500,-0.26,0.0004
80.94,1.9178,0.7496,0.6206,-179.88,144,1.7678,0.7500,-0.26,0.0004
81.05,1.9120,0.7496,0.6206,-179.88,144,1.7620,0.7500,-0.26,0.0004
81.18,1.9062,0.7496,0.6206,-179.88,145,1.7562,0.7500,-0.26,0.0004
81.30,1.9004,0.7496,0.6206,-179.88,145,1.7504,0.7500,-0.26,0.0004
81.46,1.8926,0.7496,0.6206,-179.88,145,1.7426,0.7500,-0.26,0.0004
81.56,1.8878,0.7496,0.6206,-179.88,145,1.7378,0.7500,-0.26,0.0004
81.69,1.8810,0.7496,0.6206,-179.88,146,1.7310,0.7500,-0.26,0.0004
81.81,1.8752,0.7496,0.6206,-179.88,146,1.7252,0.7500,-0.26,0.0004
81.93,1.8694,0.7496,0.6206,-179.88,146,1.7194,0.7500,-0.26,0.0004
82.05,1.8636,0.7496,0.6206,-179.88,146,1.7136,0.7500,-0.26,0.0004
82.24,1.8549,0.7496,0.6206,-179.88,147,1.7049,0.7500,-0.26,0.0004
82.34,1.8501,0.7496,0.6206,-179.88,147,1.7001,0.7500,-0.26,0.0004
82.46,1.8443,0.7496,0.6206,-179.88,147,1.6943,0.7500,-0.26,0.0004
82.58,1.8385,0.7496,0.6206,-179.88,147,1.6885,0.7500,-0.26,0.0004
82.69,1.8327,0.7496,0.6206,-179.88,148,1.6827,0.7500,-0.26,0.0004
82.81,1.8278,0.7496,0.6206,-179.88,148,1.6778,0.7500,-0.26,0.0004
83.00,1.8201,0.7496,0.6206,-179.88,148,1.6701,0.7500,-0.26,0.0004
83.15,1.8133,0.7496,0.6206,-179.88,148,1.6633,0.7500,-0.26,0.0004
83.29,1.8066,0.7496,0.6206,-179.88,149,1.6566,0.7500,-0.26,0.0004
83.41,1.8008,0.7496,0.6206,-179.88,149,1.6508,0.7500,-0.26,0.0004
83.52,1.7950,0.7496,0.6206,-179.88,149,1.6450,0.7500,-0.26,0.0004
83.69,1.7872,0.7496,0.6206,-179.88,149,1.6372,0.7500,-0.26,0.0004
83.92,1.7756,0.7496,0.6206,-179.88,150,1.6256,0.7500,-0.26,0.0004
84.10,1.7669,0.7496,0.6206,-179.88,150,1.6169,0.7500,-0.26,0.0004
84.30,1.7572,0.7496,0.6206,-179.88,151,1.6072,0.7500,-0.26,0.0004
84.42,1.7514,0.7496,0.6206,-179.88,151,1.6014,0.7500,-0.26,0.0004
84.53,1.7466,0.7496,0.6206,-179.88,151,1.5966,0.7500,-0.26,0.0004
84.65,1.7408,0.7496,0.6206,-179.88,151,1.5908,0.7500,-0.26,0.0004
84.80,1.7340,0.7496,0.6206,-179.88,152,1.5840,0.7500,-0.26,0.0004
84.97,1.7263,0.7496,0.6206,-179.88,152,1.5763,0.7500,-0.26,0.0004
85.12,1.7186,0.7496,0.6206,-179.88,152,1.5686,0.7500,-0.26,0.0004
85.26,1.7118,0.7496,0.6206,-179.88,152,1.5618,0.7500,-0.26,0.0004
85.37,1.7070,0.7496,0.6206,-179.88,153,1.5570,0.7500,-0.26,0.0004
85.54,1.6983,0.7496,0.6206,-179.88,153,1.5483,0.7500,-0.26,0.0004
85.70,1.6905,0.7496,0.6206,-179.88,153,1.5405,0.7500,-0.26,0.0004
85.87,1.6828,0.7496,0.6206,-179.88,154,1.5328,0.7500,-0.26,0.0004
86.03,1.6750,0.7496,0.6206,-179.88,154,1.5250,0.7500,-0.26,0.0004
86.22,1.6654,0.7496,0.6206,-179.88,154,1.5154,0.7500,-0.26,0.0004
86.39,1.6576,0.7496,0.6206,-179.88,155,1.5076,0.7500,-0.26,0.0004
86.55,1.6499,0.7496,0.6206,-179.88,155,1.4999,0.7500,-0.26,0.0004
86.66,1.6441,0.7496,0.6206,-179.88,155,1.4941,0.7500,-0.26,0.0004
86.77,1.6393,0.7496,0.6206,-179.88,155,1.4893,0.7500,-0.26,0.0004
86.88,1.6344,0.7496,0.6206,-179.88,156,1.4844,0.7500,-0.26,0.0004
86.99,1.6286,0.7496,0.6206,-179.88,156,1.4786,0.7500,-0.26,0.0004
87.10,1.6238,0.7496,0.6206,-179.88,156,1.4738,0.7500,-0.26,0.0004
87.31,1.6132,0.7496,0.6206,-179.88,156,1.4632,0.7500,-0.26,0.0004
87.42,1.6074,0.7496,0.6206,-179.88,157,1.4574,0.7500,-0.26,0.0004
87.62,1.5977,0.7496,0.6206,-179.88,157,1.4477,0.7500,-0.26,0.0004
87.74,1.5919,0.7496,0.6206,-179.88,157,1.4419,0.7500,-0.26,0.0004
87.92,1.5832,0.7496,0.6206,-179.88,158,1.4332,0.7500,-0.26,0.0004
88.09,1.5754,0.7496,0.6206,-179.88,158,1.4254,0.7500,-0.26,0.0004
88.26,1.5667,0.7496,0.6206,-179.88,158,1.4167,0.7500,-0.26,0.0004
88.37,1.5619,0.7496,0.6206,-179.88,158,1.4119,0.7500,-0.26,0.0004
88.48,1.5571,0.7496,0.6206,-179.88,159,1.4071,0.7500,-0.26,0.0004
88.58,1.5513,0.7496,0.6206,-179.88,159,1.4013,0.7500,-0.26,0.0004
88.75,1.5435,0.7496,0.6206,-179.88,159,1.3935,0.7500,-0.26,0.0004
88.93,1.5348,0.7496,0.6206,-179.88,160,1.3848,0.7500,-0.26,0.0004
89.11,1.5261,0.7496,0.6206,-179.88,160,1.3761,0.7500,-0.26,0.0004
89.29,1.5174,0.7496,0.6206,-179.88,160,1.3674,0.7500,-0.26,0.0004
89.46,1.5087,0.7496,0.6206,-179.88,161,1.3587,0.7500,-0.26,0.0004
89.65,1.5000,0.7496,0.6206,-179.88,161,1.3500,0.7500,-0.26,0.0004
89.77,1.4942,0.7496,0.6206,-179.88,161,1.3442,0.7500,-0.26,0.0004
89.94,1.4855,0.7496,0.6206,-179.88,161,1.3355,0.7500,-0.26,0.0004
90.13,1.4768,0.7496,0.6206,-179.88,162,1.3268,0.7500,-0.26,0.0004
90.26,1.4710,0.7496,0.6206,-179.88,162,1.3210,0.7500,-0.26,0.0004
90.37,1.4652,0.7496,0.6206,-179.88,162,1.3152,0.7500,-0.26,0.0004
90.53,1.4575,0.7496,0.6206,-179.88,163,1.3075,0.7500,-0.26,0.0004
90.73,1.4478,0.7496,0.6206,-179.88,163,1.2978,0.7500,-0.26,0.0004
90.85,1.4420,0.7496,0.6206,-179.88,163,1.2920,0.7500,-0.26,0.0004
90.96,1.4371,0.7496,0.6206,-179.88,163,1.2871,0.7500,-0.26,0.0004
91.06,1.4323,0.7496,0.6206,-179.88,164,1.2823,0.7500,-0.26,0.0004
91.17,1.4265,0.7496,0.6206,-179.88,164,1.2765,0.7500,-0.26,0.0004
91.33,1.4188,0.7496,0.6206,-179.88,164,1.2688,0.7500,-0.26,0.0004
91.50,1.4110,0.7496,0.6206,-179.88,164,1.2610,0.7500,-0.26,0.0004
91.68,1.4023,0.7496,0.6206,-179.88,165,1.2523,0.7500,-0.26,0.0004
91.85,1.3936,0.7496,0.6206,-179.88,165,1.2436,0.7500,-0.26,0.0004
91.96,1.3888,0.7496,0.6206,-179.88,165,1.2388,0.7500,-0.26,0.0004
92.16,1.3791,0.7496,0.6206,-179.88,166,1.2291,0.7500,-0.26,0.0004
92.40,1.3675,0.7496,0.6206,-179.88,166,1.2175,0.7500,-0.26,0.0004
92.54,1.3608,0.7496,0.6206,-179.88,166,1.2108,0.7500,-0.26,0.0004
92.66,1.3549,0.7496,0.6206,-179.88,167,1.2049,0.7500,-0.26,0.0004
92.78,1.3491,0.7496,0.6206,-179.88,167,1.1991,0.7500,-0.26,0.0004
92.89,1.3433,0.7496,0.6206,-179.88,167,1.1933,0.7500,-0.26,0.0004
93.00,1.3385,0.7496,0.6206,-179.88,167,1.1885,0.7500,-0.26,0.0004
93.10,1.3337,0.7496,0.6206,-179.88,168,1.1837,0.7500,-0.26,0.0004
93.28,1.3250,0.7496,0.6206,-179.88,168,1.1750,0.7500,-0.26,0.0004
93.51,1.3134,0.7496,0.6206,-179.88,168,1.1634,0.7500,-0.26,0.0004
93.62,1.3085,0.7496,0.6206,-179.88,169,1.1585,0.7500,-0.26,0.0004
93.82,1.2989,0.7496,0.6206,-179.88,169,1.1489,0.7500,-0.26,0.0004
93.93,1.2931,0.7496,0.6206,-179.88,169,1.1431,0.7500,-0.26,0.0004
94.04,1.2882,0.7496,0.6206,-179.88,169,1.1382,0.7500,-0.26,0.0004
94.14,1.2824,0.7496,0.6206,-179.88,170,1.1324,0.7500,-0.26,0.0004
94.26,1.2776,0.7496,0.6206,-179.88,170,1.1276,0.7500,-0.26,0.0004
94.47,1.2669,0.7496,0.6206,-179.88,170,1.1169,0.7500,-0.26,0.0004
94.58,1.2621,0.7496,0.6206,-179.88,170,1.1121,0.7500,-0.26,0.0004
94.80,1.2515,0.7496,0.6206,-179.88,171,1.1015,0.7500,-0.26,0.0004
94.95,1.2437,0.7496,0.6206,-179.88,171,1.0937,0.7500,-0.26,0.0004
95.09,1.2379,0.7496,0.6206,-179.88,171,1.0879,0.7500,-0.26,0.0004
95.22,1.2312,0.7496,0.6206,-179.88,172,1.0812,0.7500,-0.26,0.0004
95.32,1.2263,0.7496,0.6206,-179.88,172,1.0763,0.7500,-0.26,0.0004
95.43,1.2205,0.7496,0.6206,-179.88,172,1.0705,0.7500,-0.26,0.0004
95.54,1.2157,0.7496,0.6206,-179.88,172,1.0657,0.7500,-0.26,0.0004
95.73,1.2060,0.7496,0.6206,-179.88,173,1.0560,0.7500,-0.26,0.0004
95.84,1.2012,0.7496,0.6206,-179.88,173,1.0512,0.7500,-0.26,0.0004
95.97,1.1954,0.7496,0.6206,-179.88,173,1.0454,0.7500,-0.26,0.0004
96.08,1.1896,0.7496,0.6206,-179.88,173,1.0396,0.7500,-0.26,0.0004
96.18,1.1847,0.7496,0.6206,-179.88,174,1.0347,0.7500,-0.26,0.0004
96.33,1.1780,0.7496,0.6206,-179.88,174,1.0280,0.7500,-0.26,0.0004
96.50,1.1712,0.7496,0.6206,-179.88,174,1.0212,0.7500,-0.26,0.0004
96.63,1.1654,0.7496,0.6206,-179.88,174,1.0154,0.7500,-0.26,0.0004
96.76,1.1596,0.7496,0.6206,-179.88,175,1.0096,0.7500,-0.26,0.0004
96.95,1.1499,0.7496,0.6206,-179.88,175,0.9999,0.7500,-0.26,0.0004
97.07,1.1441,0.7496,0.6206,-179.88,175,0.9941,0.7500,-0.26,0.0004
97.18,1.1393,0.7496,0.6206,-179.88,175,0.9893,0.7500,-0.26,0.0004
97.30,1.1335,0.7496,0.6206,-179.88,176,0.9835,0.7500,-0.26,0.0004
97.40,1.1287,0.7496,0.6206,-179.88,176,0.9787,0.7500,-0.26,0.0004
97.60,1.1190,0.7496,0.6206,-179.88,176,0.9690,0.7500,-0.26,0.0004
97.71,1.1132,0.7496,0.6206,-179.88,176,0.9632,0.7500,-0.26,0.0004
97.82,1.1083,0.7496,0.6206,-179.88,177,0.9583,0.7500,-0.26,0.0004
97.99,1.0996,0.7496,0.6206,-179.88,177,0.9496,0.7500,-0.26,0.0004
98.11,1.0938,0.7496,0.6206,-179.88,177,0.9438,0.7500,-0.26,0.0004
98.22,1.0890,0.7496,0.6206,-179.88,177,0.9390,0.7500,-0.26,0.0004
98.32,1.0832,0.7496,0.6206,-179.88,178,0.9332,0.7500,-0.26,0.0004
98.43,1.0784,0.7496,0.6206,-179.88,178,0.9284,0.7500,-0.26,0.0004
98.61,1.0697,0.7496,0.6206,-179.88,178,0.9197,0.7500,-0.26,0.0004
98.72,1.0648,0.7496,0.6206,-179.88,178,0.9148,0.7500,-0.26,0.0004
98.83,1.0590,0.7496,0.6206,-179.88,179,0.9090,0.7500,-0.26,0.0004
98.94,1.0542,0.7496,0.6206,-179.88,179,0.9042,0.7500,-0.26,0.0004
99.04,1.0484,0.7496,0.6206,-179.88,179,0.8984,0.7500,-0.26,0.0004
99.16,1.0436,0.7496,0.6206,-179.88,179,0.8936,0.7500,-0.26,0.0004
99.27,1.0378,0.7496,0.6206,-179.88,179,0.8878,0.7500,-0.26,0.0004
99.38,1.0329,0.7496,0.6206,-179.88,180,0.8829,0.7500,-0.26,0.0004
99.54,1.0252,0.7496,0.6206,-179.88,180,0.8752,0.7500,-0.26,0.0004
99.64,1.0203,0.7496,0.6206,-179.88,180,0.8703,0.7500,-0.26,0.0004
99.79,1.0126,0.7496,0.6206,-179.88,180,0.8626,0.7500,-0.26,0.0004
99.91,1.0068,0.7496,0.6206,-179.88,181,0.8568,0.7500,-0.26,0.0004
100.02,1.0020,0.7496,0.6206,-179.88,181,0.8520,0.7500,-0.26,0.0004
100.26,0.9904,0.7496,0.6206,-179.88,181,0.8404,0.7500,-0.26,0.0004
100.36,0.9855,0.7496,0.6206,-179.88,181,0.8355,0.7500,-0.26,0.0004
100.49,0.9788,0.7496,0.6206,-179.88,182,0.8288,0.7500,-0.26,0.0004
100.60,0.9739,0.7496,0.6206,-179.88,182,0.8239,0.7500,-0.26,0.0004
100.71,0.9681,0.7496,0.6206,-179.88,182,0.8181,0.7500,-0.26,0.0004
100.88,0.9604,0.7496,0.6206,-179.88,182,0.8104,0.7500,-0.26,0.0004
100.99,0.9546,0.7496,0.6206,-179.88,183,0.8046,0.7500,-0.26,0.0004
101.18,0.9459,0.7496,0.6206,-179.88,183,0.7959,0.7500,-0.26,0.0004
101.34,0.9381,0.7496,0.6206,-179.88,183,0.7881,0.7500,-0.26,0.0004
101.52,0.9294,0.7496,0.6206,-179.88,184,0.7794,0.7500,-0.26,0.0004
101.66,0.9227,0.7496,0.6206,-179.88,184,0.7727,0.7500,-0.26,0.0004
101.81,0.9159,0.7496,0.6206,-179.88,184,0.7659,0.7500,-0.26,0.0004
101.96,0.9082,0.7496,0.6206,-179.88,185,0.7582,0.7500,-0.26,0.0004
102.09,0.9024,0.7496,0.6206,-179.88,185,0.7524,0.7500,-0.26,0.0004
102.24,0.8956,0.7496,0.6206,-179.88,185,0.7456,0.7500,-0.26,0.0004
102.41,0.8879,0.7496,0.6206,-179.88,185,0.7379,0.7500,-0.26,0.0004
102.55,0.8811,0.7496,0.6206,-179.88,186,0.7311,0.7500,-0.26,0.0004
102.75,0.8734,0.7496,0.6206,-179.88,186,0.7234,0.7500,-0.26,0.0004
102.90,0.8656,0.7496,0.6206,-179.88,186,0.7156,0.7500,-0.26,0.0004
103.04,0.8588,0.7496,0.6206,-179.88,187,0.7088,0.7500,-0.26,0.0004
103.16,0.8530,0.7496,0.6206,-179.88,187,0.7030,0.7500,-0.26,0.0004
103.29,0.8472,0.7496,0.6206,-179.88,187,0.6972,0.7500,-0.26,0.0004
103.51,0.8366,0.7496,0.6206,-179.88,187,0.6866,0.7500,-0.26,0.0004
103.64,0.8298,0.7496,0.6206,-179.88,188,0.6798,0.7500,-0.26,0.0004
103.77,0.8240,0.7496,0.6206,-179.88,188,0.6740,0.7500,-0.26,0.0004
103.89,0.8182,0.7496,0.6206,-179.88,188,0.6682,0.7500,-0.26,0.0004
104.08,0.8095,0.7496,0.6206,-179.88,189,0.6595,0.7500,-0.26,0.0004
104.19,0.8037,0.7496,0.6206,-179.88,189,0.6537,0.7500,-0.26,0.0004
104.41,0.7931,0.7496,0.6206,-179.88,189,0.6431,0.7500,-0.26,0.0004
104.61,0.7834,0.7496,0.6206,-179.88,190,0.6334,0.7500,-0.26,0.0004
104.71,0.7786,0.7496,0.6206,-179.88,190,0.6286,0.7500,-0.26,0.0004
104.85,0.7718,0.7496,0.6206,-179.88,190,0.6218,0.7500,-0.26,0.0004
105.04,0.7631,0.7496,0.6206,-179.88,190,0.6131,0.7500,-0.26,0.0004
105.27,0.7515,0.7496,0.6206,-179.88,191,0.6015,0.7500,-0.26,0.0004
105.40,0.7457,0.7496,0.6206,-179.88,191,0.5957,0.7500,-0.26,0.0004
105.52,0.7399,0.7496,0.6206,-179.88,191,0.5899,0.7500,-0.26,0.0004
105.64,0.7341,0.7496,0.6206,-179.88,192,0.5841,0.7500,-0.26,0.0004
105.75,0.7283,0.7496,0.6206,-179.88,192,0.5783,0.7500,-0.26,0.0004
105.94,0.7196,0.7496,0.6206,-179.88,192,0.5696,0.7500,-0.26,0.0004
106.13,0.7099,0.7496,0.6206,-179.88,192,0.5599,0.7500,-0.26,0.0004
106.24,0.7051,0.7496,0.6206,-179.88,193,0.5551,0.7500,-0.26,0.0004
106.34,0.7002,0.7496,0.6206,-179.88,193,0.5502,0.7500,-0.26,0.0004
106.48,0.6935,0.7496,0.6206,-179.88,193,0.5435,0.7500,-0.26,0.0004
106.60,0.6877,0.7496,0.6206,-179.88,193,0.5377,0.7500,-0.26,0.0004
106.72,0.6819,0.7496,0.6206,-179.88,194,0.5319,0.7500,-0.26,0.0004
106.83,0.6761,0.7496,0.6206,-179.88,194,0.5261,0.7500,-0.26,0.0004
106.94,0.6712,0.7496,0.6206,-179.88,194,0.5212,0.7500,-0.26,0.0004
107.06,0.6654,0.7496,0.6206,-179.88,194,0.5154,0.7500,-0.26,0.0004
107.30,0.6538,0.7496,0.6206,-179.88,195,0.5038,0.7502,-0.35,0.0004
107.43,0.6471,0.7496,0.6206,-179.88,195,0.4971,0.7505,-0.45,0.0004
107.60,0.6393,0.7496,0.6206,-179.89,195,0.4893,0.7508,-0.56,0.0004
107.70,0.6345,0.7496,0.6206,-179.90,196,0.4845,0.7510,-0.63,0.0004
107.87,0.6258,0.7497,0.6206,-179.96,196,0.4759,0.7519,-0.91,0.0003
108.01,0.6190,0.7497,0.6206,179.98,196,0.4692,0.7526,-1.10,0.0003
108.13,0.6142,0.7497,0.6206,179.92,196,0.4644,0.7531,-1.23,0.0003
108.23,0.6084,0.7498,0.6207,179.81,197,0.4586,0.7539,-1.38,0.0002
108.34,0.6035,0.7499,0.6207,179.69,197,0.4539,0.7548,-1.60,0.0001
108.44,0.5987,0.7499,0.6208,179.57,197,0.4491,0.7558,-1.80,0.0001
108.64,0.5890,0.7502,0.6208,179.26,197,0.4396,0.7577,-2.13,0.0002
108.84,0.5794,0.7505,0.6209,178.83,198,0.4303,0.7602,-2.57,0.0005
109.00,0.5716,0.7508,0.6209,178.43,198,0.4230,0.7627,-3.00,0.0008
109.18,0.5629,0.7513,0.6209,177.87,198,0.4148,0.7655,-3.35,0.0013
109.29,0.5571,0.7516,0.6210,177.37,199,0.4094,0.7676,-3.53,0.0016
109.40,0.5523,0.7520,0.6211,176.94,199,0.4050,0.7695,-3.72,0.0020
109.61,0.5418,0.7529,0.6211,175.79,199,0.3953,0.7738,-3.89,0.0029
109.71,0.5370,0.7534,0.6211,175.20,199,0.3910,0.7757,-3.87,0.0034
109.87,0.5293,0.7543,0.6211,174.20,200,0.3842,0.7793,-3.94,0.0043
109.97,0.5245,0.7550,0.6211,173.52,200,0.3800,0.7816,-3.96,0.0050
110.09,0.5188,0.7557,0.6211,172.69,200,0.3751,0.7843,-3.95,0.0057
110.20,0.5141,0.7564,0.6211,171.95,200,0.3709,0.7866,-3.87,0.0064
110.42,0.5037,0.7580,0.6212,170.20,201,0.3619,0.7923,-3.79,0.0078
110.53,0.4981,0.7590,0.6212,169.19,201,0.3572,0.7955,-3.72,0.0085
110.72,0.4897,0.7605,0.6211,167.67,201,0.3503,0.8002,-3.57,0.0097
110.91,0.4805,0.7624,0.6211,165.84,202,0.3424,0.8064,-3.51,0.0109
111.10,0.4722,0.7642,0.6211,164.13,202,0.3360,0.8120,-3.45,0.0119
111.29,0.4631,0.7664,0.6211,162.09,202,0.3291,0.8181,-3.19,0.0130
111.46,0.4559,0.7682,0.6211,160.39,203,0.3230,0.8243,-3.28,0.0135
111.57,0.4505,0.7697,0.6210,159.10,203,0.3193,0.8283,-3.19,0.0139
111.73,0.4443,0.7714,0.6210,157.58,203,0.3149,0.8330,-3.03,0.0144
111.90,0.4364,0.7739,0.6210,155.54,204,0.3082,0.8407,-3.07,0.0149
112.01,0.4312,0.7756,0.6209,154.17,204,0.3048,0.8451,-2.96,0.0149
112.19,0.4234,0.7785,0.6208,152.09,204,0.2998,0.8516,-2.69,0.0150
112.39,0.4156,0.7815,0.6209,149.99,205,0.2940,0.8594,-2.63,0.0153
112.56,0.4079,0.7849,0.6208,147.95,205,0.2894,0.8665,-2.51,0.0152
112.73,0.4012,0.7880,0.6208,146.13,205,0.2855,0.8727,-2.31,0.0154
112.84,0.3962,0.7905,0.6207,144.76,205,0.2824,0.8774,-2.14,0.0156
112.94,0.3921,0.7927,0.6207,143.65,206,0.2796,0.8828,-2.37,0.0155
113.16,0.3832,0.7977,0.6206,141.23,206,0.2751,0.8920,-2.34,0.0156
113.30,0.3785,0.8005,0.6206,139.91,206,0.2727,0.8969,-2.26,0.0158
113.46,0.3738,0.8034,0.6207,138.56,207,0.2699,0.9033,-2.44,0.0159
113.63,0.3668,0.8081,0.6206,136.57,207,0.2670,0.9112,-2.50,0.0158
113.75,0.3623,0.8113,0.6206,135.23,207,0.2651,0.9163,-2.45,0.0159
113.86,0.3586,0.8140,0.6206,134.08,207,0.2636,0.9206,-2.36,0.0161
113.96,0.3542,0.8175,0.6206,132.71,208,0.2613,0.9279,-2.63,0.0161
114.07,0.3506,0.8204,0.6206,131.57,208,0.2601,0.9323,-2.62,0.0159
114.18,0.3471,0.8234,0.6206,130.43,208,0.2590,0.9368,-2.57,0.0159
114.28,0.3430,0.8270,0.6206,129.03,208,0.2576,0.9421,-2.43,0.0159
114.39,0.3396,0.8301,0.6207,127.86,208,0.2564,0.9465,-2.29,0.0160
114.50,0.3363,0.8334,0.6207,126.69,209,0.2552,0.9527,-2.49,0.0159
114.60,0.3324,0.8374,0.6207,125.32,209,0.2543,0.9582,-2.44,0.0157
114.71,0.3292,0.8407,0.6206,124.20,209,0.2535,0.9627,-2.38,0.0157
114.82,0.3255,0.8448,0.6207,122.82,209,0.2526,0.9681,-2.23,0.0158
114.93,0.3224,0.8483,0.6207,121.68,210,0.2517,0.9742,-2.35,0.0159
115.10,0.3171,0.8548,0.6207,119.66,210,0.2511,0.9825,-2.34,0.0157
115.27,0.3127,0.8606,0.6206,117.87,210,0.2507,0.9899,-2.25,0.0157
115.39,0.3094,0.8651,0.6207,116.52,210,0.2503,0.9954,-2.13,0.0159
115.49,0.3067,0.8690,0.6207,115.41,211,0.2504,1.0015,-2.37,0.0159
115.67,0.3022,0.8759,0.6206,113.42,211,0.2508,1.0099,-2.42,0.0159
115.86,0.2974,0.8838,0.6206,111.16,211,0.2513,1.0190,-2.32,0.0161
115.99,0.2947,0.8887,0.6207,109.80,212,0.2520,1.0264,-2.58,0.0161
116.10,0.2921,0.8936,0.6206,108.44,212,0.2528,1.0319,-2.58,0.0160
116.20,0.2901,0.8977,0.6206,107.31,212,0.2535,1.0365,-2.54,0.0159
116.31,0.2881,0.9018,0.6206,106.13,212,0.2541,1.0410,-2.42,0.0160
116.43,0.2858,0.9069,0.6207,104.73,212,0.2549,1.0465,-2.27,0.0162
116.54,0.2836,0.9121,0.6207,103.35,213,0.2566,1.0536,-2.52,0.0159
116.72,0.2807,0.9198,0.6206,101.30,213,0.2585,1.0617,-2.41,0.0158
116.83,0.2791,0.9241,0.6205,100.17,213,0.2596,1.0661,-2.32,0.0158
116.99,0.2768,0.9311,0.6206,98.31,214,0.2619,1.0746,-2.36,0.0158
117.10,0.2755,0.9356,0.6207,97.17,214,0.2634,1.0790,-2.33,0.0157
117.26,0.2734,0.9436,0.6206,95.14,214,0.2661,1.0869,-2.21,0.0157
117.38,0.2721,0.9491,0.6207,93.79,214,0.2679,1.0922,-2.09,0.0159
117.54,0.2706,0.9564,0.6207,92.01,215,0.2714,1.1004,-2.31,0.0158
117.71,0.2694,0.9637,0.6206,90.26,215,0.2747,1.1070,-2.37,0.0158
117.91,0.2681,0.9727,0.6205,88.05,215,0.2787,1.1153,-2.31,0.0161
118.01,0.2676,0.9774,0.6205,86.92,216,0.2818,1.1208,-2.57,0.0160
118.13,0.2671,0.9829,0.6205,85.57,216,0.2846,1.1255,-2.59,0.0159
118.24,0.2667,0.9884,0.6205,84.20,216,0.2875,1.1302,-2.53,0.0159
118.34,0.2665,0.9930,0.6206,83.03,216,0.2899,1.1341,-2.42,0.0160
118.45,0.2664,0.9976,0.6206,81.86,216,0.2923,1.1381,-2.29,0.0162
118.56,0.2665,1.0032,0.6206,80.47,217,0.2967,1.1442,-2.57,0.0160
118.67,0.2666,1.0078,0.6206,79.32,217,0.2994,1.1479,-2.52,0.0159
118.78,0.2668,1.0124,0.6205,78.19,217,0.3022,1.1516,-2.45,0.0158
118.95,0.2673,1.0207,0.6206,76.10,217,0.3070,1.1582,-2.20,0.0159
119.12,0.2681,1.0281,0.6207,74.27,218,0.3129,1.1649,-2.38,0.0157
119.23,0.2689,1.0336,0.6206,72.90,218,0.3166,1.1690,-2.30,0.0157
119.40,0.2702,1.0417,0.6206,70.91,218,0.3221,1.1752,-2.14,0.0158
119.59,0.2719,1.0499,0.6206,68.89,219,0.3291,1.1820,-2.34,0.0157
119.81,0.2742,1.0597,0.6206,66.49,219,0.3368,1.1887,-2.36,0.0158
119.91,0.2754,1.0642,0.6206,65.36,219,0.3402,1.1917,-2.30,0.0159
120.12,0.2782,1.0730,0.6206,63.12,220,0.3488,1.1983,-2.53,0.0159
120.22,0.2800,1.0783,0.6205,61.78,220,0.3532,1.2015,-2.53,0.0159
120.38,0.2825,1.0851,0.6205,59.96,220,0.3592,1.2057,-2.42,0.0161
120.57,0.2856,1.0928,0.6205,57.88,221,0.3679,1.2114,-2.63,0.0161
120.68,0.2879,1.0979,0.6205,56.51,221,0.3727,1.2142,-2.58,0.0159
120.84,0.2911,1.1045,0.6204,54.66,221,0.3789,1.2179,-2.43,0.0159
120.95,0.2932,1.1086,0.6205,53.48,221,0.3829,1.2202,-2.28,0.0159
121.13,0.2972,1.1159,0.6206,51.38,222,0.3917,1.2246,-2.39,0.0157
121.26,0.3001,1.1207,0.6206,50.03,222,0.3968,1.2270,-2.33,0.0157
121.37,0.3030,1.1254,0.6205,48.68,222,0.4018,1.2293,-2.23,0.0157
121.50,0.3060,1.1300,0.6205,47.33,222,0.4067,1.2317,-2.07,0.0159
121.70,0.3102,1.1361,0.6205,45.55,223,0.4151,1.2346,-2.33,0.0157
121.80,0.3130,1.1398,0.6205,44.46,223,0.4195,1.2361,-2.34,0.0157
121.95,0.3169,1.1449,0.6205,42.93,223,0.4256,1.2382,-2.30,0.0158
122.13,0.3221,1.1514,0.6205,40.91,224,0.4349,1.2409,-2.46,0.0159
122.37,0.3283,1.1583,0.6205,38.68,224,0.4440,1.2429,-2.49,0.0159
122.51,0.3327,1.1630,0.6204,37.10,224,0.4502,1.2443,-2.41,0.0161
122.61,0.3359,1.1662,0.6204,35.95,225,0.4567,1.2457,-2.62,0.0163
122.72,0.3393,1.1695,0.6205,34.81,225,0.4613,1.2463,-2.63,0.0161
122.83,0.3433,1.1732,0.6205,33.43,225,0.4668,1.2470,-2.58,0.0159
122.94,0.3468,1.1763,0.6206,32.24,225,0.4713,1.2475,-2.46,0.0159
123.09,0.3525,1.1811,0.6207,30.33,225,0.4787,1.2485,-2.24,0.0160
123.27,0.3591,1.1863,0.6207,28.25,226,0.4887,1.2491,-2.37,0.0158
123.44,0.3651,1.1906,0.6206,26.45,226,0.4961,1.2495,-2.24,0.0157
123.61,0.3719,1.1953,0.6205,24.43,226,0.5043,1.2499,-1.99,0.0159
123.74,0.3766,1.1983,0.6206,23.07,227,0.5113,1.2500,-2.07,0.0157
123.84,0.3814,1.2012,0.6206,21.76,227,0.5169,1.2500,-1.94,0.0157
123.95,0.3854,1.2035,0.6206,20.69,227,0.5216,1.2500,-1.82,0.0157
124.15,0.3934,1.2079,0.6206,18.53,228,0.5322,1.2500,-1.63,0.0159
124.26,0.3976,1.2100,0.6206,17.47,228,0.5368,1.2500,-1.43,0.0157
124.37,0.4026,1.2124,0.6206,16.22,228,0.5424,1.2500,-1.16,0.0157
124.48,0.4068,1.2143,0.6206,15.18,228,0.5470,1.2500,-0.90,0.0157
124.59,0.4119,1.2166,0.6206,13.97,228,0.5526,1.2500,-0.60,0.0159
124.71,0.4171,1.2187,0.6206,12.81,229,0.5600,1.2500,-0.47,0.0157
124.82,0.4214,1.2204,0.6206,11.89,229,0.5647,1.2500,-0.24,0.0154
124.94,0.4266,1.2224,0.6206,10.84,229,0.5702,1.2500,0.02,0.0152
125.10,0.4335,1.2250,0.6208,9.45,229,0.5776,1.2500,0.38,0.0150
125.32,0.4443,1.2286,0.6209,7.54,230,0.5906,1.2500,0.77,0.0140
125.43,0.4488,1.2300,0.6209,6.84,230,0.5952,1.2500,0.93,0.0136
125.53,0.4532,1.2314,0.6208,6.13,230,0.5999,1.2500,1.11,0.0133
125.63,0.4577,1.2327,0.6208,5.44,230,0.6046,1.2500,1.29,0.0130
125.74,0.4622,1.2339,0.6209,4.84,231,0.6104,1.2500,1.36,0.0124
125.85,0.4678,1.2354,0.6210,4.17,231,0.6161,1.2500,1.47,0.0116
126.01,0.4752,1.2371,0.6211,3.38,231,0.6237,1.2500,1.57,0.0108
126.13,0.4807,1.2384,0.6212,2.86,231,0.6294,1.2500,1.61,0.0103
126.24,0.4854,1.2394,0.6213,2.48,232,0.6349,1.2500,1.57,0.0096
126.35,0.4911,1.2405,0.6213,2.08,232,0.6406,1.2500,1.55,0.0087
126.46,0.4958,1.2414,0.6213,1.76,232,0.6454,1.2500,1.53,0.0081
126.57,0.5015,1.2424,0.6213,1.42,232,0.6511,1.2500,1.49,0.0074
126.77,0.5111,1.2439,0.6214,0.97,233,0.6611,1.2500,1.35,0.0061
126.88,0.5159,1.2446,0.6215,0.79,233,0.6659,1.2500,1.28,0.0054
126.98,0.5207,1.2452,0.6215,0.63,233,0.6707,1.2500,1.21,0.0048
127.09,0.5264,1.2459,0.6215,0.47,233,0.6764,1.2500,1.11,0.0041
127.20,0.5312,1.2464,0.6215,0.37,234,0.6812,1.2500,1.00,0.0036
127.36,0.5389,1.2471,0.6215,0.27,234,0.6889,1.2500,0.84,0.0029
127.53,0.5476,1.2478,0.6215,0.20,234,0.6976,1.2500,0.66,0.0022
127.70,0.5553,1.2483,0.6215,0.16,235,0.7053,1.2500,0.51,0.0017
127.82,0.5611,1.2486,0.6214,0.13,235,0.7111,1.2500,0.41,0.0014
127.98,0.5689,1.2490,0.6214,0.12,235,0.7189,1.2500,0.27,0.0010
128.19,0.5795,1.2493,0.6213,0.12,235,0.7295,1.2500,0.13,0.0007
128.31,0.5853,1.2495,0.6213,0.12,236,0.7353,1.2500,0.07,0.0005
128.47,0.5930,1.2497,0.6212,0.12,236,0.7430,1.2500,-0.01,0.0003
128.64,0.6007,1.2499,0.6212,0.12,236,0.7507,1.2500,-0.06,0.0001
128.81,0.6094,1.2500,0.6211,0.12,237,0.7594,1.2500,-0.11,0.0000
128.93,0.6152,1.2500,0.6211,0.12,237,0.7652,1.2500,-0.14,0.0000
129.04,0.6200,1.2501,0.6210,0.12,237,0.7700,1.2500,-0.16,0.0001
129.15,0.6258,1.2501,0.6210,0.12,237,0.7758,1.2500,-0.18,0.0001
129.30,0.6326,1.2502,0.6209,0.12,238,0.7826,1.2500,-0.19,0.0002
129.50,0.6422,1.2502,0.6209,0.12,238,0.7922,1.2500,-0.21,0.0002
129.62,0.6480,1.2503,0.6208,0.12,238,0.7980,1.2500,-0.22,0.0003
129.74,0.6538,1.2503,0.6208,0.12,238,0.8038,1.2500,-0.23,0.0003
129.85,0.6596,1.2503,0.6208,0.12,239,0.8096,1.2500,-0.23,0.0003
130.01,0.6674,1.2503,0.6207,0.12,239,0.8174,1.2500,-0.24,0.0003
130.19,0.6761,1.2503,0.6207,0.12,239,0.8261,1.2500,-0.25,0.0003
130.42,0.6867,1.2503,0.6207,0.12,240,0.8367,1.2500,-0.25,0.0003
130.53,0.6925,1.2503,0.6207,0.12,240,0.8425,1.2500,-0.25,0.0003
130.63,0.6973,1.2503,0.6207,0.12,240,0.8473,1.2500,-0.25,0.0003
130.78,0.7041,1.2503,0.6206,0.12,240,0.8541,1.2500,-0.25,0.0003
130.95,0.7128,1.2503,0.6206,0.12,241,0.8628,1.2500,-0.25,0.0003
131.12,0.7205,1.2503,0.6206,0.12,241,0.8705,1.2500,-0.26,0.0003
131.24,0.7263,1.2504,0.6206,0.12,241,0.8763,1.2500,-0.26,0.0004
131.40,0.7341,1.2504,0.6206,0.12,242,0.8841,1.2500,-0.26,0.0004
131.53,0.7408,1.2504,0.6206,0.12,242,0.8908,1.2500,-0.26,0.0004
131.64,0.7457,1.2504,0.6206,0.12,242,0.8957,1.2500,-0.26,0.0004
131.77,0.7515,1.2504,0.6206,0.12,242,0.9015,1.2500,-0.26,0.0004
131.96,0.7602,1.2504,0.6206,0.12,243,0.9102,1.2500,-0.26,0.0004
132.17,0.7679,1.2504,0.6206,0.12,243,0.9179,1.2500,-0.26,0.0004
132.31,0.7747,1.2504,0.6206,0.12,243,0.9247,1.2500,-0.26,0.0004
132.43,0.7805,1.2504,0.6206,0.12,244,0.9305,1.2500,-0.26,0.0004
132.56,0.7873,1.2504,0.6206,0.12,244,0.9373,1.2500,-0.26,0.0004
132.67,0.7921,1.2504,0.6206,0.12,244,0.9421,1.2500,-0.26,0.0004
132.83,0.7998,1.2504,0.6206,0.12,244,0.9498,1.2500,-0.26,0.0004
132.99,0.8076,1.2504,0.6206,0.12,245,0.9576,1.2500,-0.26,0.0004
133.17,0.8163,1.2504,0.6206,0.12,245,0.9663,1.2500,-0.26,0.0004
133.34,0.8250,1.2504,0.6206,0.12,245,0.9750,1.2500,-0.26,0.0004
133.55,0.8346,1.2504,0.6206,0.12,246,0.9846,1.2500,-0.26,0.0004
133.74,0.8443,1.2504,0.6206,0.12,246,0.9943,1.2500,-0.26,0.0004
133.91,0.8520,1.2504,0.6206,0.12,246,1.0020,1.2500,-0.26,0.0004
134.08,0.8607,1.2504,0.6206,0.12,247,1.0107,1.2500,-0.26,0.0004
134.19,0.8656,1.2504,0.6206,0.12,247,1.0156,1.2500,-0.26,0.0004
134.38,0.8743,1.2504,0.6206,0.12,247,1.0243,1.2500,-0.26,0.0004
134.54,0.8830,1.2504,0.6206,0.12,248,1.0330,1.2500,-0.26,0.0004
134.73,0.8917,1.2504,0.6206,0.12,248,1.0417,1.2500,-0.26,0.0004
134.89,0.8994,1.2504,0.6206,0.12,248,1.0494,1.2500,-0.26,0.0004
135.09,0.9091,1.2504,0.6206,0.12,249,1.0591,1.2500,-0.26,0.0004
135.20,0.9149,1.2504,0.6206,0.12,249,1.0649,1.2500,-0.26,0.0004
135.37,0.9226,1.2504,0.6206,0.12,249,1.0726,1.2500,-0.26,0.0004
135.53,0.9304,1.2504,0.6206,0.12,250,1.0804,1.2500,-0.26,0.0004
135.69,0.9381,1.2504,0.6206,0.12,250,1.0881,1.2500,-0.26,0.0004
135.87,0.9468,1.2504,0.6206,0.12,250,1.0968,1.2500,-0.26,0.0004
136.00,0.9526,1.2504,0.6206,0.12,250,1.1026,1.2500,-0.26,0.0004
136.10,0.9584,1.2504,0.6206,0.12,251,1.1084,1.2500,-0.26,0.0004
136.21,0.9633,1.2504,0.6206,0.12,251,1.1133,1.2500,-0.26,0.0004
136.33,0.9691,1.2504,0.6206,0.12,251,1.1191,1.2500,-0.26,0.0004
136.49,0.9768,1.2504,0.6206,0.12,251,1.1268,1.2500,-0.26,0.0004
136.66,0.9855,1.2504,0.6206,0.12,252,1.1355,1.2500,-0.26,0.0004
136.83,0.9932,1.2504,0.6206,0.12,252,1.1432,1.2500,-0.26,0.0004
136.99,1.0010,1.2504,0.6206,0.12,252,1.1510,1.2500,-0.26,0.0004
137.17,1.0097,1.2504,0.6206,0.12,253,1.1597,1.2500,-0.26,0.0004
137.33,1.0174,1.2504,0.6206,0.12,253,1.1674,1.2500,-0.26,0.0004
137.51,1.0261,1.2504,0.6206,0.12,253,1.1761,1.2500,-0.26,0.0004
137.63,1.0319,1.2504,0.6206,0.12,254,1.1819,1.2500,-0.26,0.0004
137.74,1.0368,1.2504,0.6206,0.12,254,1.1868,1.2500,-0.26,0.0004
137.85,1.0426,1.2504,0.6206,0.12,254,1.1926,1.2500,-0.26,0.0004
137.95,1.0474,1.2504,0.6206,0.12,254,1.1974,1.2500,-0.26,0.0004
138.16,1.0580,1.2504,0.6206,0.12,255,1.2080,1.2500,-0.26,0.0004
138.27,1.0629,1.2504,0.6206,0.12,255,1.2129,1.2500,-0.26,0.0004
138.43,1.0706,1.2504,0.6206,0.12,255,1.2206,1.2500,-0.26,0.0004
138.60,1.0783,1.2504,0.6206,0.12,255,1.2283,1.2500,-0.26,0.0004
138.76,1.0870,1.2504,0.6206,0.12,256,1.2370,1.2500,-0.26,0.0004
138.93,1.0948,1.2504,0.6206,0.12,256,1.2448,1.2500,-0.26,0.0004
139.04,1.1006,1.2504,0.6206,0.12,256,1.2506,1.2500,-0.26,0.0004
139.15,1.1054,1.2504,0.6206,0.12,257,1.2554,1.2500,-0.26,0.0004
139.31,1.1132,1.2504,0.6206,0.12,257,1.2632,1.2500,-0.26,0.0004
139.50,1.1219,1.2504,0.6206,0.12,257,1.2719,1.2500,-0.26,0.0004
139.66,1.1306,1.2504,0.6206,0.12,258,1.2806,1.2500,-0.26,0.0004
139.83,1.1383,1.2504,0.6206,0.12,258,1.2883,1.2500,-0.26,0.0004
140.01,1.1470,1.2504,0.6206,0.12,258,1.2970,1.2500,-0.26,0.0004
140.14,1.1528,1.2504,0.6206,0.12,258,1.3028,1.2500,-0.26,0.0004
140.26,1.1586,1.2504,0.6206,0.12,259,1.3086,1.2500,-0.26,0.0004
140.39,1.1654,1.2504,0.6206,0.12,259,1.3154,1.2500,-0.26,0.0004
140.52,1.1712,1.2504,0.6206,0.12,259,1.3212,1.2500,-0.26,0.0004
140.62,1.1770,1.2504,0.6206,0.12,259,1.3270,1.2500,-0.26,0.0004
140.78,1.1847,1.2504,0.6206,0.12,260,1.3347,1.2500,-0.26,0.0004
141.00,1.1944,1.2504,0.6206,0.12,260,1.3444,1.2500,-0.26,0.0004
141.11,1.2002,1.2504,0.6206,0.12,260,1.3502,1.2500,-0.26,0.0004
141.21,1.2050,1.2504,0.6206,0.12,260,1.3550,1.2500,-0.26,0.0004
141.32,1.2099,1.2504,0.6206,0.12,261,1.3599,1.2500,-0.26,0.0004
141.43,1.2157,1.2504,0.6206,0.12,261,1.3657,1.2500,-0.26,0.0004
141.54,1.2215,1.2504,0.6206,0.12,261,1.3715,1.2500,-0.26,0.0004
141.65,1.2263,1.2504,0.6206,0.12,261,1.3763,1.2500,-0.26,0.0004
141.75,1.2311,1.2504,0.6206,0.12,262,1.3811,1.2500,-0.26,0.0004
141.86,1.2360,1.2504,0.6206,0.12,262,1.3860,1.2500,-0.26,0.0004
141.96,1.2418,1.2504,0.6206,0.12,262,1.3918,1.2500,-0.26,0.0004
142.07,1.2466,1.2504,0.6206,0.12,262,1.3966,1.2500,-0.26,0.0004
142.17,1.2514,1.2504,0.6206,0.12,262,1.4014,1.2500,-0.26,0.0004
142.34,1.2601,1.2504,0.6206,0.12,263,1.4101,1.2500,-0.26,0.0004
142.46,1.2659,1.2504,0.6206,0.12,263,1.4159,1.2500,-0.26,0.0004
142.57,1.2708,1.2504,0.6206,0.12,263,1.4208,1.2500,-0.26,0.0004
142.68,1.2766,1.2504,0.6206,0.12,263,1.4266,1.2500,-0.26,0.0004
142.79,1.2814,1.2504,0.6206,0.12,264,1.4314,1.2500,-0.26,0.0004
142.95,1.2892,1.2504,0.6206,0.12,264,1.4392,1.2500,-0.26,0.0004
143.07,1.2950,1.2504,0.6206,0.12,264,1.4450,1.2500,-0.26,0.0004
143.18,1.2998,1.2504,0.6206,0.12,264,1.4498,1.2500,-0.26,0.0004
143.35,1.3085,1.2504,0.6206,0.12,265,1.4585,1.2500,-0.26,0.0004
143.51,1.3162,1.2504,0.6206,0.12,265,1.4662,1.2500,-0.26,0.0004
143.68,1.3240,1.2504,0.6206,0.12,265,1.4740,1.2500,-0.26,0.0004
143.90,1.3346,1.2504,0.6206,0.12,266,1.4846,1.2500,-0.26,0.0004
144.00,1.3404,1.2504,0.6206,0.12,266,1.4904,1.2500,-0.26,0.0004
144.17,1.3481,1.2504,0.6206,0.12,266,1.4981,1.2500,-0.26,0.0004
144.29,1.3540,1.2504,0.6206,0.12,266,1.5040,1.2500,-0.26,0.0004
144.40,1.3588,1.2504,0.6206,0.12,267,1.5088,1.2500,-0.26,0.0004
144.56,1.3665,1.2504,0.6206,0.12,267,1.5165,1.2500,-0.26,0.0004
144.77,1.3772,1.2504,0.6206,0.12,267,1.5272,1.2500,-0.26,0.0004
144.88,1.3820,1.2504,0.6206,0.12,268,1.5320,1.2500,-0.26,0.0004
145.05,1.3907,1.2504,0.6206,0.12,268,1.5407,1.2500,-0.26,0.0004
145.17,1.3965,1.2504,0.6206,0.12,268,1.5465,1.2500,-0.26,0.0004
145.29,1.4023,1.2504,0.6206,0.12,268,1.5523,1.2500,-0.26,0.0004
145.40,1.4071,1.2504,0.6206,0.12,269,1.5571,1.2500,-0.26,0.0004
145.57,1.4158,1.2504,0.6206,0.12,269,1.5658,1.2500,-0.26,0.0004
145.76,1.4255,1.2504,0.6206,0.12,269,1.5755,1.2500,-0.26,0.0004
145.88,1.4304,1.2504,0.6206,0.12,270,1.5804,1.2500,-0.26,0.0004
145.98,1.4362,1.2504,0.6206,0.12,270,1.5862,1.2500,-0.26,0.0004
146.15,1.4439,1.2504,0.6206,0.12,270,1.5939,1.2500,-0.26,0.0004
146.26,1.4487,1.2504,0.6206,0.12,270,1.5987,1.2500,-0.26,0.0004
146.41,1.4565,1.2504,0.6206,0.12,271,1.6065,1.2500,-0.26,0.0004
146.58,1.4642,1.2504,0.6206,0.12,271,1.6142,1.2500,-0.26,0.0004
146.75,1.4729,1.2504,0.6206,0.12,271,1.6229,1.2500,-0.26,0.0004
146.87,1.4787,1.2504,0.6206,0.12,271,1.6287,1.2500,-0.26,0.0004
146.97,1.4835,1.2504,0.6206,0.12,272,1.6335,1.2500,-0.26,0.0004
147.09,1.4893,1.2504,0.6206,0.12,272,1.6393,1.2500,-0.26,0.0004
147.20,1.4942,1.2504,0.6206,0.12,272,1.6442,1.2500,-0.26,0.0004
147.37,1.5029,1.2504,0.6206,0.12,272,1.6529,1.2500,-0.26,0.0004
147.49,1.5087,1.2504,0.6206,0.12,273,1.6587,1.2500,-0.26,0.0004
147.59,1.5135,1.2504,0.6206,0.12,273,1.6635,1.2500,-0.26,0.0004
147.77,1.5222,1.2504,0.6206,0.12,273,1.6722,1.2500,-0.26,0.0004
147.88,1.5280,1.2504,0.6206,0.12,273,1.6780,1.2500,-0.26,0.0004
148.08,1.5377,1.2504,0.6206,0.12,274,1.6877,1.2500,-0.26,0.0004
148.19,1.5425,1.2504,0.6206,0.12,274,1.6925,1.2500,-0.26,0.0004
148.30,1.5474,1.2504,0.6206,0.12,274,1.6974,1.2500,-0.26,0.0004
148.47,1.5561,1.2504,0.6206,0.12,275,1.7061,1.2500,-0.26,0.0004
148.64,1.5638,1.2504,0.6206,0.12,275,1.7138,1.2500,-0.26,0.0004
148.80,1.5715,1.2504,0.6206,0.12,275,1.7215,1.2500,-0.26,0.0004
148.92,1.5783,1.2504,0.6206,0.12,275,1.7283,1.2500,-0.26,0.0004
149.09,1.5860,1.2504,0.6206,0.12,276,1.7360,1.2500,-0.26,0.0004
149.26,1.5938,1.2504,0.6206,0.12,276,1.7438,1.2500,-0.26,0.0004
149.43,1.6025,1.2504,0.6206,0.12,276,1.7525,1.2500,-0.26,0.0004
149.54,1.6083,1.2504,0.6206,0.12,277,1.7583,1.2500,-0.26,0.0004
149.70,1.6151,1.2504,0.6206,0.12,277,1.7651,1.2500,-0.26,0.0004
149.82,1.6218,1.2504,0.6206,0.12,277,1.7718,1.2500,-0.26,0.0004
150.03,1.6315,1.2504,0.6206,0.12,278,1.7815,1.2500,-0.26,0.0004
150.14,1.6363,1.2504,0.6206,0.12,278,1.7863,1.2500,-0.26,0.0004
150.24,1.6421,1.2504,0.6206,0.12,278,1.7921,1.2500,-0.26,0.0004
150.45,1.6518,1.2504,0.6206,0.12,278,1.8018,1.2500,-0.26,0.0004
150.55,1.6566,1.2504,0.6206,0.12,279,1.8066,1.2500,-0.26,0.0004
150.65,1.6615,1.2504,0.6206,0.12,279,1.8115,1.2500,-0.26,0.0004
150.76,1.6673,1.2504,0.6206,0.12,279,1.8173,1.2500,-0.26,0.0004
150.86,1.6721,1.2504,0.6206,0.12,279,1.8221,1.2500,-0.26,0.0004
150.97,1.6770,1.2504,0.6206,0.12,279,1.8270,1.2500,-0.26,0.0004
151.14,1.6847,1.2504,0.6206,0.12,280,1.8347,1.2500,-0.26,0.0004
151.24,1.6905,1.2504,0.6206,0.12,280,1.8405,1.2500,-0.26,0.0004
151.42,1.6992,1.2504,0.6206,0.12,280,1.8492,1.2500,-0.26,0.0004
151.59,1.7069,1.2504,0.6206,0.12,281,1.8569,1.2500,-0.26,0.0004
151.75,1.7147,1.2504,0.6206,0.12,281,1.8647,1.2500,-0.26,0.0004
151.92,1.7224,1.2504,0.6206,0.12,281,1.8724,1.2500,-0.26,0.0004
152.09,1.7311,1.2504,0.6206,0.12,282,1.8811,1.2500,-0.26,0.0004
152.22,1.7369,1.2504,0.6206,0.12,282,1.8869,1.2500,-0.26,0.0004
152.42,1.7466,1.2504,0.6206,0.12,282,1.8966,1.2500,-0.26,0.0004
152.57,1.7543,1.2504,0.6206,0.12,282,1.9043,1.2500,-0.26,0.0004
152.69,1.7601,1.2504,0.6206,0.12,283,1.9101,1.2500,-0.26,0.0004
152.80,1.7659,1.2504,0.6206,0.12,283,1.9159,1.2500,-0.26,0.0004
152.92,1.7708,1.2504,0.6206,0.12,283,1.9208,1.2500,-0.26,0.0004
153.03,1.7766,1.2504,0.6206,0.12,283,1.9266,1.2500,-0.26,0.0004
153.13,1.7814,1.2504,0.6206,0.12,284,1.9314,1.2500,-0.26,0.0004
153.30,1.7891,1.2504,0.6206,0.12,284,1.9391,1.2500,-0.26,0.0004
153.42,1.7949,1.2504,0.6206,0.12,284,1.9449,1.2500,-0.26,0.0004
153.54,1.8007,1.2504,0.6206,0.12,284,1.9507,1.2500,-0.26,0.0004
153.64,1.8065,1.2504,0.6206,0.12,285,1.9565,1.2500,-0.26,0.0004
153.84,1.8162,1.2504,0.6206,0.12,285,1.9662,1.2500,-0.26,0.0004
153.96,1.8210,1.2504,0.6206,0.12,285,1.9710,1.2500,-0.26,0.0004
154.06,1.8268,1.2504,0.6206,0.12,285,1.9768,1.2500,-0.26,0.0004
154.16,1.8307,1.2504,0.6206,0.12,286,1.9807,1.2500,-0.26,0.0004
154.26,1.8356,1.2504,0.6206,0.12,286,1.9856,1.2500,-0.26,0.0004
154.47,1.8462,1.2504,0.6206,0.12,286,1.9962,1.2500,-0.26,0.0004
154.58,1.8510,1.2504,0.6206,0.12,286,2.0010,1.2500,-0.26,0.0004
154.68,1.8568,1.2504,0.6206,0.12,287,2.0068,1.2500,-0.26,0.0004
154.85,1.8646,1.2504,0.6206,0.12,287,2.0146,1.2500,-0.26,0.0004
154.95,1.8694,1.2504,0.6206,0.12,287,2.0194,1.2500,-0.26,0.0004
155.15,1.8791,1.2504,0.6206,0.12,287,2.0291,1.2500,-0.26,0.0004
155.31,1.8868,1.2504,0.6206,0.12,288,2.0368,1.2500,-0.26,0.0004
155.50,1.8955,1.2504,0.6206,0.12,288,2.0455,1.2500,-0.26,0.0004
155.70,1.9052,1.2504,0.6206,0.12,288,2.0552,1.2500,-0.26,0.0004
155.81,1.9110,1.2504,0.6206,0.12,289,2.0610,1.2500,-0.26,0.0004
155.92,1.9168,1.2504,0.6206,0.12,289,2.0668,1.2500,-0.26,0.0004
156.03,1.9216,1.2504,0.6206,0.12,289,2.0716,1.2500,-0.26,0.0004
156.14,1.9265,1.2504,0.6206,0.12,289,2.0765,1.2500,-0.26,0.0004
156.25,1.9323,1.2504,0.6206,0.12,290,2.0823,1.2500,-0.26,0.0004
156.36,1.9371,1.2504,0.6206,0.12,290,2.0871,1.2500,-0.26,0.0004
156.47,1.9429,1.2504,0.6206,0.12,290,2.0929,1.2500,-0.26,0.0004
156.58,1.9477,1.2504,0.6206,0.12,290,2.0977,1.2500,-0.26,0.0004
156.68,1.9535,1.2504,0.6206,0.12,290,2.1035,1.2500,-0.26,0.0004
156.78,1.9584,1.2504,0.6206,0.12,291,2.1084,1.2500,-0.26,0.0004
156.95,1.9661,1.2504,0.6206,0.12,291,2.1161,1.2500,-0.26,0.0004
157.13,1.9748,1.2504,0.6206,0.12,291,2.1248,1.2500,-0.26,0.0004
157.30,1.9835,1.2504,0.6206,0.12,292,2.1335,1.2500,-0.26,0.0004
157.48,1.9912,1.2504,0.6206,0.12,292,2.1412,1.2500,-0.26,0.0004
157.59,1.9971,1.2504,0.6206,0.12,292,2.1471,1.2500,-0.26,0.0004
157.71,2.0029,1.2504,0.6206,0.12,292,2.1529,1.2500,-0.26,0.0004
157.81,2.0077,1.2504,0.6206,0.12,293,2.1577,1.2500,-0.26,0.0004
157.92,2.0135,1.2504,0.6206,0.12,293,2.1635,1.2500,-0.26,0.0004
158.03,2.0183,1.2504,0.6206,0.12,293,2.1683,1.2500,-0.26,0.0004
158.22,2.0270,1.2504,0.6206,0.12,293,2.1770,1.2500,-0.26,0.0004
158.38,2.0348,1.2504,0.6206,0.12,294,2.1848,1.2500,-0.26,0.0004
158.55,2.0435,1.2504,0.6206,0.12,294,2.1935,1.2500,-0.26,0.0004
158.67,2.0493,1.2504,0.6206,0.12,294,2.1993,1.2500,-0.26,0.0004
158.78,2.0541,1.2504,0.6206,0.12,294,2.2041,1.2500,-0.26,0.0004
158.96,2.0638,1.2504,0.6206,0.12,295,2.2138,1.2500,-0.26,0.0004
159.07,2.0686,1.2504,0.6206,0.12,295,2.2186,1.2500,-0.26,0.0004
159.17,2.0734,1.2504,0.6206,0.12,295,2.2234,1.2500,-0.26,0.0004
159.36,2.0831,1.2504,0.6206,0.12,296,2.2331,1.2500,-0.26,0.0004
159.48,2.0880,1.2504,0.6206,0.12,296,2.2380,1.2500,-0.26,0.0004
159.58,2.0938,1.2504,0.6206,0.12,296,2.2438,1.2500,-0.26,0.0004
159.69,2.0986,1.2504,0.6206,0.12,296,2.2486,1.2500,-0.26,0.0004
159.80,2.1034,1.2504,0.6206,0.12,296,2.2534,1.2500,-0.26,0.0004
160.01,2.1141,1.2504,0.6206,0.12,297,2.2641,1.2500,-0.26,0.0004
160.11,2.1189,1.2504,0.6206,0.12,297,2.2689,1.2500,-0.26,0.0004
160.22,2.1237,1.2504,0.6206,0.12,297,2.2737,1.2500,-0.26,0.0004
160.33,2.1295,1.2504,0.6206,0.12,297,2.2795,1.2500,-0.26,0.0004
160.44,2.1344,1.2504,0.6206,0.12,298,2.2844,1.2500,-0.26,0.0004
160.55,2.1402,1.2504,0.6206,0.12,298,2.2902,1.2500,-0.26,0.0004
160.71,2.1479,1.2504,0.6206,0.12,298,2.2979,1.2500,-0.26,0.0004
160.87,2.1556,1.2504,0.6206,0.12,299,2.3056,1.2500,-0.26,0.0004
161.05,2.1644,1.2504,0.6206,0.12,299,2.3144,1.2500,-0.26,0.0004
161.21,2.1721,1.2504,0.6206,0.12,299,2.3221,1.2500,-0.26,0.0004
161.37,2.1798,1.2504,0.6206,0.12,299,2.3298,1.2500,-0.26,0.0004
161.55,2.1885,1.2504,0.6206,0.12,300,2.3385,1.2500,-0.26,0.0004
161.75,2.1982,1.2504,0.6206,0.12,300,2.3482,1.2500,-0.26,0.0004
161.87,2.2040,1.2504,0.6206,0.12,300,2.3540,1.2500,-0.26,0.0004
162.04,2.2117,1.2504,0.6206,0.12,301,2.3617,1.2500,-0.26,0.0004
162.24,2.2214,1.2504,0.6206,0.12,301,2.3714,1.2500,-0.26,0.0004
162.35,2.2272,1.2504,0.6206,0.12,301,2.3772,1.2500,-0.26,0.0004
162.50,2.2340,1.2504,0.6206,0.12,302,2.3840,1.2500,-0.26,0.0004
162.69,2.2437,1.2504,0.6206,0.12,302,2.3937,1.2500,-0.26,0.0004
162.85,2.2514,1.2504,0.6206,0.12,302,2.4014,1.2500,-0.26,0.0004
163.03,2.2601,1.2504,0.6206,0.12,303,2.4101,1.2500,-0.26,0.0004
163.15,2.2659,1.2504,0.6206,0.12,303,2.4159,1.2500,-0.26,0.0004
163.26,2.2707,1.2504,0.6206,0.12,303,2.4207,1.2500,-0.26,0.0004
163.37,2.2765,1.2504,0.6206,0.12,303,2.4265,1.2500,-0.26,0.0004
163.47,2.2814,1.2504,0.6206,0.12,304,2.4314,1.2500,-0.26,0.0004
163.63,2.2891,1.2504,0.6206,0.12,304,2.4391,1.2500,-0.26,0.0004
163.79,2.2968,1.2504,0.6206,0.12,304,2.4468,1.2500,-0.26,0.0004
163.96,2.3046,1.2504,0.6206,0.12,304,2.4546,1.2500,-0.26,0.0004
164.13,2.3133,1.2504,0.6206,0.12,305,2.4633,1.2500,-0.26,0.0004
164.30,2.3210,1.2504,0.6206,0.12,305,2.4710,1.2500,-0.26,0.0004
164.52,2.3317,1.2504,0.6206,0.12,306,2.4817,1.2500,-0.25,0.0004
164.63,2.3375,1.2504,0.6206,0.12,306,2.4875,1.2501,-0.22,0.0004
164.74,2.3423,1.2504,0.6206,0.12,306,2.4923,1.2502,-0.19,0.0004
164.90,2.3500,1.2504,0.6206,0.12,306,2.5000,1.2503,-0.15,0.0004
165.10,2.3607,1.2504,0.6206,0.14,307,2.5106,1.2507,-0.01,0.0004
165.26,2.3684,1.2504,0.6206,0.16,307,2.5184,1.2512,0.16,0.0004
165.46,2.3771,1.2504,0.6206,0.21,307,2.5271,1.2518,0.32,0.0004
165.64,2.3868,1.2504,0.6207,0.31,308,2.5366,1.2532,0.73,0.0004
165.85,2.3965,1.2505,0.6207,0.46,308,2.5461,1.2549,1.22,0.0005
165.97,2.4023,1.2506,0.6207,0.59,308,2.5518,1.2560,1.47,0.0006
166.14,2.4081,1.2507,0.6208,0.76,309,2.5575,1.2573,1.76,0.0007
166.28,2.4148,1.2509,0.6209,1.04,309,2.5640,1.2591,2.12,0.0009
166.47,2.4245,1.2513,0.6210,1.57,309,2.5733,1.2617,2.47,0.0013
166.68,2.4342,1.2518,0.6210,2.25,310,2.5824,1.2647,2.73,0.0018
166.78,2.4390,1.2521,0.6210,2.64,310,2.5869,1.2664,2.88,0.0021
166.89,2.4448,1.2525,0.6211,3.14,310,2.5923,1.2685,3.02,0.0025
167.09,2.4535,1.2533,0.6211,4.02,310,2.6004,1.2716,3.07,0.0033
167.21,2.4602,1.2539,0.6211,4.79,311,2.6065,1.2744,3.15,0.0039
167.33,2.4659,1.2546,0.6210,5.47,311,2.6117,1.2769,3.24,0.0046
167.45,2.4707,1.2552,0.6210,6.09,311,2.6159,1.2790,3.25,0.0052
167.55,2.4764,1.2559,0.6211,6.87,311,2.6211,1.2816,3.20,0.0059
167.73,2.4850,1.2570,0.6210,8.11,312,2.6285,1.2859,3.27,0.0070
167.91,2.4935,1.2583,0.6210,9.44,312,2.6357,1.2907,3.37,0.0082
168.02,2.4982,1.2591,0.6210,10.20,312,2.6396,1.2933,3.39,0.0088
168.22,2.5076,1.2607,0.6211,11.93,313,2.6477,1.2990,3.35,0.0102
168.40,2.5160,1.2623,0.6210,13.57,313,2.6543,1.3043,3.31,0.0112
168.52,2.5215,1.2635,0.6209,14.69,313,2.6586,1.3078,3.22,0.0120
168.74,2.5316,1.2658,0.6210,16.95,314,2.6676,1.3154,3.12,0.0133
168.86,2.5371,1.2671,0.6209,18.22,314,2.6716,1.3193,3.00,0.0136
168.99,2.5434,1.2687,0.6208,19.71,314,2.6763,1.3238,2.81,0.0140
169.10,2.5478,1.2699,0.6208,20.84,314,2.6796,1.3270,2.58,0.0144
169.21,2.5523,1.2712,0.6208,21.97,315,2.6838,1.3313,2.58,0.0148
169.33,2.5577,1.2729,0.6208,23.32,315,2.6875,1.3355,2.46,0.0149
169.44,2.5630,1.2746,0.6208,24.66,315,2.6912,1.3398,2.31,0.0151
169.55,2.5683,1.2763,0.6208,26.03,315,2.6948,1.3440,2.12,0.0154
169.72,2.5754,1.2789,0.6208,27.85,316,2.7004,1.3509,2.12,0.0157
169.94,2.5850,1.2827,0.6207,30.28,316,2.7061,1.3595,2.10,0.0159
170.05,2.5900,1.2848,0.6206,31.61,316,2.7092,1.3641,2.02,0.0161
170.26,2.5985,1.2887,0.6206,33.86,317,2.7149,1.3734,2.15,0.0164
170.42,2.6052,1.2921,0.6206,35.66,317,2.7184,1.3799,2.15,0.0165
170.59,2.6125,1.2960,0.6205,37.72,317,2.7223,1.3872,2.00,0.0167
170.76,2.6190,1.2997,0.6205,39.58,318,2.7265,1.3959,2.22,0.0168
170.93,2.6261,1.3042,0.6205,41.66,318,2.7298,1.4036,2.13,0.0166
171.11,2.6329,1.3088,0.6205,43.78,318,2.7330,1.4112,1.89,0.0166
171.30,2.6398,1.3138,0.6206,45.91,319,2.7364,1.4205,1.96,0.0165
171.48,2.6464,1.3190,0.6206,47.96,319,2.7389,1.4285,1.87,0.0164
171.60,2.6506,1.3225,0.6206,49.33,319,2.7406,1.4338,1.73,0.0165
171.71,2.6549,1.3262,0.6206,50.70,320,2.7425,1.4406,1.85,0.0166
171.82,2.6583,1.3293,0.6206,51.82,320,2.7435,1.4453,1.88,0.0165
172.00,2.6643,1.3351,0.6206,53.84,320,2.7451,1.4535,1.84,0.0165
172.18,2.6702,1.3412,0.6207,55.88,320,2.7467,1.4617,1.70,0.0168
172.29,2.6740,1.3454,0.6206,57.23,321,2.7475,1.4688,2.00,0.0167
172.40,2.6770,1.3489,0.6206,58.35,321,2.7479,1.4735,2.01,0.0166
172.56,2.6817,1.3545,0.6205,60.14,321,2.7486,1.4808,1.96,0.0168
172.68,2.6852,1.3589,0.6206,61.53,321,2.7491,1.4863,1.84,0.0170
172.78,2.6880,1.3626,0.6206,62.69,322,2.7492,1.4931,2.16,0.0169
172.94,2.6922,1.3687,0.6205,64.52,322,2.7492,1.5005,2.11,0.0167
173.12,2.6968,1.3756,0.6206,66.63,322,2.7492,1.5087,1.90,0.0167
173.29,2.7012,1.3828,0.6207,68.77,323,2.7486,1.5188,2.01,0.0166
173.46,2.7048,1.3893,0.6207,70.63,323,2.7479,1.5262,1.89,0.0165
173.63,2.7086,1.3967,0.6207,72.70,323,2.7471,1.5345,1.68,0.0166
173.80,2.7118,1.4035,0.6207,74.53,324,2.7457,1.5434,1.85,0.0165
174.01,2.7151,1.4112,0.6206,76.54,324,2.7441,1.5517,1.80,0.0165
174.16,2.7178,1.4181,0.6206,78.34,324,2.7426,1.5589,1.67,0.0167
174.27,2.7194,1.4225,0.6207,79.47,325,2.7411,1.5649,1.88,0.0167
174.39,2.7212,1.4278,0.6206,80.81,325,2.7394,1.5702,1.94,0.0166
174.50,2.7229,1.4331,0.6206,82.14,325,2.7377,1.5755,1.95,0.0167
174.61,2.7242,1.4375,0.6206,83.28,325,2.7362,1.5799,1.89,0.0168
174.71,2.7254,1.4421,0.6206,84.43,325,2.7348,1.5844,1.81,0.0170
174.88,2.7274,1.4502,0.6206,86.48,326,2.7309,1.5939,2.12,0.0167
175.07,2.7290,1.4583,0.6205,88.52,326,2.7276,1.6015,2.04,0.0167
175.19,2.7300,1.4637,0.6204,89.92,326,2.7255,1.6065,1.89,0.0168
175.30,2.7308,1.4692,0.6205,91.33,327,2.7222,1.6131,2.09,0.0167
175.41,2.7314,1.4739,0.6205,92.49,327,2.7200,1.6172,2.05,0.0165
175.52,2.7319,1.4794,0.6205,93.87,327,2.7173,1.6221,1.97,0.0165
175.63,2.7323,1.4840,0.6206,95.04,327,2.7151,1.6261,1.83,0.0165
175.82,2.7327,1.4924,0.6207,97.13,328,2.7101,1.6347,1.91,0.0165
175.93,2.7328,1.4980,0.6206,98.50,328,2.7069,1.6393,1.87,0.0164
176.10,2.7327,1.5064,0.6206,100.53,328,2.7023,1.6463,1.72,0.0165
176.28,2.7323,1.5138,0.6206,102.35,329,2.6970,1.6536,1.83,0.0167
176.45,2.7317,1.5222,0.6206,104.35,329,2.6915,1.6599,1.91,0.0166
176.62,2.7307,1.5305,0.6205,106.37,329,2.6860,1.6662,1.86,0.0167
176.84,2.7294,1.5398,0.6206,108.65,330,2.6784,1.6743,2.12,0.0168
176.95,2.7283,1.5453,0.6205,110.01,330,2.6743,1.6781,2.11,0.0167
177.05,2.7274,1.5498,0.6205,111.14,330,2.6710,1.6813,2.07,0.0167
177.21,2.7257,1.5569,0.6204,113.00,330,2.6657,1.6864,1.89,0.0169
177.33,2.7243,1.5624,0.6205,114.40,331,2.6599,1.6912,2.16,0.0168
177.44,2.7227,1.5677,0.6205,115.79,331,2.6555,1.6947,2.10,0.0166
177.55,2.7214,1.5721,0.6205,116.94,331,2.6519,1.6976,2.03,0.0166
177.71,2.7190,1.5791,0.6205,118.81,331,2.6462,1.7021,1.79,0.0166
177.87,2.7163,1.5861,0.6206,120.67,332,2.6388,1.7072,1.95,0.0164
178.05,2.7131,1.5938,0.6206,122.70,332,2.6318,1.7119,1.84,0.0164
178.22,2.7096,1.6013,0.6206,124.75,332,2.6248,1.7164,1.62,0.0166
178.41,2.7058,1.6088,0.6206,126.78,333,2.6160,1.7210,1.91,0.0165
178.52,2.7031,1.6137,0.6205,128.12,333,2.6110,1.7234,1.90,0.0165
178.68,2.6994,1.6201,0.6205,129.90,333,2.6043,1.7267,1.83,0.0167
178.78,2.6970,1.6241,0.6206,131.03,334,2.5987,1.7292,2.06,0.0168
178.96,2.6924,1.6311,0.6205,133.06,334,2.5908,1.7321,2.08,0.0167
179.07,2.6898,1.6348,0.6205,134.21,334,2.5865,1.7338,2.02,0.0168
179.23,2.6854,1.6409,0.6206,136.09,334,2.5796,1.7364,1.83,0.0171
179.40,2.6802,1.6475,0.6206,138.18,335,2.5694,1.7393,2.14,0.0167
179.52,2.6766,1.6517,0.6205,139.56,335,2.5641,1.7408,2.05,0.0166
179.70,2.6718,1.6572,0.6205,141.42,335,2.5571,1.7428,1.85,0.0167
179.88,2.6653,1.6639,0.6206,143.77,336,2.5465,1.7450,1.94,0.0165
180.00,2.6620,1.6672,0.6206,144.91,336,2.5419,1.7458,1.89,0.0164
180.20,2.6552,1.6735,0.6206,147.18,336,2.5328,1.7475,1.68,0.0166
180.31,2.6510,1.6772,0.6206,148.54,337,2.5257,1.7483,1.87,0.0165
180.41,2.6474,1.6801,0.6206,149.67,337,2.5211,1.7486,1.88,0.0165
180.54,2.6423,1.6842,0.6205,151.22,337,2.5146,1.7490,1.86,0.0165
180.64,2.6386,1.6870,0.6206,152.36,337,2.5099,1.7493,1.79,0.0166
180.76,2.6341,1.6903,0.6206,153.71,338,2.5028,1.7497,1.92,0.0168
180.96,2.6271,1.6950,0.6206,155.73,338,2.4944,1.7498,1.81,0.0167
181.07,2.6224,1.6980,0.6205,157.09,338,2.4889,1.7499,1.66,0.0167
181.18,2.6185,1.7004,0.6206,158.25,338,2.4842,1.7499,1.48,0.0169
181.29,2.6136,1.7032,0.6206,159.61,339,2.4765,1.7500,1.54,0.0170
181.43,2.6079,1.7063,0.6206,161.17,339,2.4700,1.7500,1.25,0.0167
181.63,2.5997,1.7105,0.6206,163.37,339,2.4607,1.7500,0.75,0.0166
181.81,2.5920,1.7141,0.6208,165.33,340,2.4506,1.7500,0.41,0.0165
182.01,2.5833,1.7178,0.6208,167.37,340,2.4412,1.7500,-0.15,0.0161
182.22,2.5737,1.7215,0.6209,169.41,340,2.4309,1.7500,-0.69,0.0160
182.33,2.5693,1.7232,0.6210,170.24,341,2.4247,1.7500,-0.77,0.0156
182.44,2.5639,1.7250,0.6210,171.24,341,2.4190,1.7500,-1.02,0.0153
182.55,2.5595,1.7265,0.6209,172.05,341,2.4143,1.7500,-1.24,0.0150
182.66,2.5541,1.7282,0.6209,172.93,341,2.4087,1.7500,-1.45,0.0148
182.77,2.5496,1.7296,0.6210,173.63,342,2.4027,1.7500,-1.52,0.0145
182.88,2.5450,1.7310,0.6211,174.28,342,2.3979,1.7500,-1.65,0.0140
182.98,2.5395,1.7325,0.6211,175.00,342,2.3922,1.7500,-1.77,0.0135
183.09,2.5350,1.7337,0.6211,175.57,342,2.3875,1.7500,-1.87,0.0131
183.28,2.5257,1.7361,0.6213,176.60,343,2.3765,1.7500,-1.93,0.0122
183.47,2.5173,1.7380,0.6213,177.40,343,2.3680,1.7500,-2.01,0.0109
183.58,2.5117,1.7392,0.6212,177.90,343,2.3623,1.7500,-2.05,0.0100
183.68,2.5069,1.7401,0.6213,178.29,343,2.3575,1.7500,-2.08,0.0094
183.88,2.4973,1.7418,0.6215,178.89,344,2.3474,1.7500,-2.00,0.0079
184.05,2.4896,1.7430,0.6215,179.26,344,2.3397,1.7500,-1.92,0.0069
184.15,2.4848,1.7437,0.6215,179.46,344,2.3349,1.7500,-1.86,0.0062
184.32,2.4762,1.7448,0.6215,179.73,345,2.3262,1.7500,-1.72,0.0052
184.52,2.4675,1.7458,0.6216,179.91,345,2.3175,1.7500,-1.53,0.0042
184.63,2.4617,1.7463,0.6216,-179.99,345,2.3117,1.7500,-1.42,0.0037
184.80,2.4539,1.7470,0.6216,-179.91,346,2.3039,1.7500,-1.26,0.0030
184.91,2.4481,1.7474,0.6215,-179.87,346,2.2981,1.7500,-1.13,0.0026
185.02,2.4423,1.7478,0.6215,-179.85,346,2.2923,1.7500,-1.00,0.0022
185.13,2.4375,1.7480,0.6215,-179.85,346,2.2875,1.7500,-0.90,0.0020
185.30,2.4288,1.7484,0.6215,-179.85,347,2.2788,1.7500,-0.76,0.0016
185.48,2.4201,1.7487,0.6214,-179.86,347,2.2701,1.7500,-0.63,0.0013
185.60,2.4143,1.7489,0.6214,-179.86,347,2.2643,1.7500,-0.56,0.0011
185.77,2.4066,1.7491,0.6213,-179.87,347,2.2566,1.7500,-0.49,0.0009
185.95,2.3979,1.7492,0.6212,-179.87,348,2.2479,1.7500,-0.43,0.0008
186.06,2.3931,1.7493,0.6212,-179.87,348,2.2431,1.7500,-0.40,0.0007
186.17,2.3873,1.7493,0.6211,-179.88,348,2.2373,1.7500,-0.37,0.0007
186.38,2.3776,1.7494,0.6210,-179.88,349,2.2276,1.7500,-0.34,0.0006
186.48,2.3728,1.7495,0.6210,-179.88,349,2.2228,1.7500,-0.32,0.0005
186.64,2.3641,1.7495,0.6209,-179.88,349,2.2141,1.7500,-0.30,0.0005
186.84,2.3545,1.7496,0.6209,-179.88,350,2.2045,1.7500,-0.29,0.0004
186.95,2.3496,1.7496,0.6208,-179.88,350,2.1996,1.7500,-0.28,0.0004
187.11,2.3419,1.7496,0.6208,-179.88,350,2.1919,1.7500,-0.28,0.0004
187.30,2.3322,1.7496,0.6208,-179.88,350,2.1822,1.7500,-0.27,0.0004
187.47,2.3245,1.7496,0.6207,-179.88,351,2.1745,1.7500,-0.27,0.0004
187.64,2.3158,1.7496,0.6207,-179.88,351,2.1658,1.7500,-0.26,0.0004
187.81,2.3081,1.7496,0.6207,-179.88,351,2.1581,1.7500,-0.26,0.0004
188.02,2.2974,1.7496,0.6206,-179.88,352,2.1474,1.7500,-0.26,0.0004
188.14,2.2916,1.7496,0.6206,-179.88,352,2.1416,1.7500,-0.26,0.0004
188.25,2.2868,1.7496,0.6206,-179.88,352,2.1368,1.7500,-0.26,0.0004
188.36,2.2810,1.7496,0.6206,-179.88,352,2.1310,1.7500,-0.26,0.0004
188.53,2.2733,1.7496,0.6206,-179.88,353,2.1233,1.7500,-0.26,0.0004
188.64,2.2684,1.7496,0.6206,-179.88,353,2.1184,1.7500,-0.26,0.0004
188.80,2.2597,1.7496,0.6206,-179.88,353,2.1097,1.7500,-0.26,0.0004
188.97,2.2520,1.7496,0.6206,-179.88,354,2.1020,1.7500,-0.26,0.0004
189.19,2.2414,1.7496,0.6206,-179.88,354,2.0914,1.7500,-0.26,0.0004
189.31,2.2355,1.7496,0.6206,-179.88,354,2.0855,1.7500,-0.26,0.0004
189.42,2.2307,1.7496,0.6206,-179.88,354,2.0807,1.7500,-0.26,0.0004
189.52,2.2249,1.7496,0.6206,-179.88,355,2.0749,1.7500,-0.26,0.0004
189.63,2.2201,1.7496,0.6206,-179.88,355,2.0701,1.7500,-0.26,0.0004
189.80,2.2114,1.7496,0.6206,-179.88,355,2.0614,1.7500,-0.26,0.0004
189.91,2.2065,1.7496,0.6206,-179.88,355,2.0565,1.7500,-0.26,0.0004
190.02,2.2007,1.7496,0.6206,-179.88,356,2.0507,1.7500,-0.26,0.0004
190.14,2.1959,1.7496,0.6206,-179.88,356,2.0459,1.7500,-0.26,0.0004
190.30,2.1872,1.7496,0.6206,-179.88,356,2.0372,1.7500,-0.26,0.0004
190.48,2.1785,1.7496,0.6206,-179.88,357,2.0285,1.7500,-0.26,0.0004
190.61,2.1727,1.7496,0.6206,-179.88,357,2.0227,1.7500,-0.26,0.0004
190.76,2.1650,1.7496,0.6206,-179.88,357,2.0150,1.7500,-0.26,0.0004
190.87,2.1601,1.7496,0.6206,-179.88,357,2.0101,1.7500,-0.26,0.0004
191.06,2.1504,1.7496,0.6206,-179.88,358,2.0004,1.7500,-0.26,0.0004
191.26,2.1408,1.7496,0.6206,-179.88,358,1.9908,1.7500,-0.26,0.0004
191.37,2.1359,1.7496,0.6206,-179.88,358,1.9859,1.7500,-0.26,0.0004
191.48,2.1311,1.7496,0.6206,-179.88,358,1.9811,1.7500,-0.26,0.0004
191.59,2.1253,1.7496,0.6206,-179.88,359,1.9753,1.7500,-0.26,0.0004
191.70,2.1195,1.7496,0.6206,-179.88,359,1.9695,1.7500,-0.26,0.0004
191.81,2.1147,1.7496,0.6206,-179.88,359,1.9647,1.7500,-0.26,0.0004
191.92,2.1098,1.7496,0.6206,-179.88,359,1.9598,1.7500,-0.26,0.0004
192.03,2.1040,1.7496,0.6206,-179.88,360,1.9540,1.7500,-0.26,0.0004
192.13,2.0992,1.7496,0.6206,-179.88,360,1.9492,1.7500,-0.26,0.0004
192.29,2.0915,1.7496,0.6206,-179.88,360,1.9415,1.7500,-0.26,0.0004
192.46,2.0837,1.7496,0.6206,-179.88,360,1.9337,1.7500,-0.26,0.0004
192.68,2.0721,1.7496,0.6206,-179.88,361,1.9221,1.7500,-0.26,0.0004
192.85,2.0644,1.7496,0.6206,-179.88,361,1.9144,1.7500,-0.26,0.0004
192.96,2.0586,1.7496,0.6206,-179.88,361,1.9086,1.7500,-0.26,0.0004
193.07,2.0537,1.7496,0.6206,-179.88,362,1.9037,1.7500,-0.26,0.0004
193.23,2.0460,1.7496,0.6206,-179.88,362,1.8960,1.7500,-0.26,0.0004
193.42,2.0363,1.7496,0.6206,-179.88,362,1.8863,1.7500,-0.26,0.0004
193.63,2.0267,1.7496,0.6206,-179.88,363,1.8767,1.7500,-0.26,0.0004
193.74,2.0209,1.7496,0.6206,-179.88,363,1.8709,1.7500,-0.26,0.0004
193.84,2.0160,1.7496,0.6206,-179.88,363,1.8660,1.7500,-0.26,0.0004
194.00,2.0083,1.7496,0.6206,-179.88,363,1.8583,1.7500,-0.26,0.0004
194.22,1.9977,1.7496,0.6206,-179.88,364,1.8477,1.7500,-0.26,0.0004
194.33,1.9928,1.7496,0.6206,-179.88,364,1.8428,1.7500,-0.26,0.0004
194.52,1.9831,1.7496,0.6206,-179.88,364,1.8331,1.7500,-0.26,0.0004
194.68,1.9754,1.7496,0.6206,-179.88,365,1.8254,1.7500,-0.26,0.0004
194.86,1.9667,1.7496,0.6206,-179.88,365,1.8167,1.7500,-0.26,0.0004
194.99,1.9609,1.7496,0.6206,-179.88,365,1.8109,1.7500,-0.26,0.0004
195.09,1.9561,1.7496,0.6206,-179.88,365,1.8061,1.7500,-0.26,0.0004
195.27,1.9474,1.7496,0.6206,-179.88,366,1.7974,1.7500,-0.26,0.0004
195.43,1.9396,1.7496,0.6206,-179.88,366,1.7896,1.7500,-0.26,0.0004
195.54,1.9338,1.7496,0.6206,-179.88,366,1.7838,1.7500,-0.26,0.0004
195.72,1.9261,1.7496,0.6206,-179.88,367,1.7761,1.7500,-0.26,0.0004
195.83,1.9203,1.7496,0.6206,-179.88,367,1.7703,1.7500,-0.26,0.0004
196.02,1.9116,1.7496,0.6206,-179.88,367,1.7616,1.7500,-0.26,0.0004
196.13,1.9058,1.7496,0.6206,-179.88,367,1.7558,1.7500,-0.26,0.0004
196.24,1.9000,1.7496,0.6206,-179.88,368,1.7500,1.7500,-0.26,0.0004
196.36,1.8951,1.7496,0.6206,-179.88,368,1.7451,1.7500,-0.26,0.0004
196.46,1.8893,1.7496,0.6206,-179.88,368,1.7393,1.7500,-0.26,0.0004
196.56,1.8845,1.7496,0.6206,-179.88,368,1.7345,1.7500,-0.26,0.0004
196.68,1.8797,1.7496,0.6206,-179.88,368,1.7297,1.7500,-0.26,0.0004
196.79,1.8739,1.7496,0.6206,-179.88,369,1.7239,1.7500,-0.26,0.0004
196.90,1.8690,1.7496,0.6206,-179.88,369,1.7190,1.7500,-0.26,0.0004
197.09,1.8594,1.7496,0.6206,-179.88,369,1.7094,1.7500,-0.26,0.0004
197.26,1.8507,1.7496,0.6206,-179.88,370,1.7007,1.7500,-0.26,0.0004
197.47,1.8410,1.7496,0.6206,-179.88,370,1.6910,1.7500,-0.26,0.0004
197.63,1.8333,1.7496,0.6206,-179.88,370,1.6833,1.7500,-0.26,0.0004
197.75,1.8275,1.7496,0.6206,-179.88,371,1.6775,1.7500,-0.26,0.0004
197.86,1.8216,1.7496,0.6206,-179.88,371,1.6716,1.7500,-0.26,0.0004
198.07,1.8120,1.7496,0.6206,-179.88,371,1.6620,1.7500,-0.26,0.0004
198.18,1.8062,1.7496,0.6206,-179.88,371,1.6562,1.7500,-0.26,0.0004
198.35,1.7984,1.7496,0.6206,-179.88,372,1.6484,1.7500,-0.26,0.0004
198.52,1.7897,1.7496,0.6206,-179.88,372,1.6397,1.7500,-0.26,0.0004
198.69,1.7820,1.7496,0.6206,-179.88,372,1.6320,1.7500,-0.26,0.0004
198.87,1.7733,1.7496,0.6206,-179.88,373,1.6233,1.7500,-0.26,0.0004
198.99,1.7675,1.7496,0.6206,-179.88,373,1.6175,1.7500,-0.26,0.0004
199.10,1.7617,1.7496,0.6206,-179.88,373,1.6117,1.7500,-0.26,0.0004
199.29,1.7530,1.7496,0.6206,-179.88,374,1.6030,1.7500,-0.26,0.0004
199.40,1.7472,1.7496,0.6206,-179.88,374,1.5972,1.7500,-0.26,0.0004
199.56,1.7394,1.7496,0.6206,-179.88,374,1.5894,1.7500,-0.26,0.0004
199.74,1.7317,1.7496,0.6206,-179.88,374,1.5817,1.7500,-0.26,0.0004
199.91,1.7230,1.7496,0.6206,-179.88,375,1.5730,1.7500,-0.26,0.0004
200.08,1.7153,1.7496,0.6206,-179.88,375,1.5653,1.7500,-0.26,0.0004
200.25,1.7066,1.7496,0.6206,-179.88,375,1.5566,1.7500,-0.26,0.0004
200.42,1.6979,1.7496,0.6206,-179.88,376,1.5479,1.7500,-0.26,0.0004
200.64,1.6872,1.7496,0.6206,-179.88,376,1.5372,1.7500,-0.26,0.0004
200.75,1.6824,1.7496,0.6206,-179.88,376,1.5324,1.7500,-0.26,0.0004
200.86,1.6766,1.7496,0.6206,-179.88,377,1.5266,1.7500,-0.26,0.0004
201.03,1.6689,1.7496,0.6206,-179.88,377,1.5189,1.7500,-0.26,0.0004
201.15,1.6630,1.7496,0.6206,-179.88,377,1.5130,1.7500,-0.26,0.0004
201.27,1.6572,1.7496,0.6206,-179.88,377,1.5072,1.7500,-0.26,0.0004
201.38,1.6524,1.7496,0.6206,-179.88,378,1.5024,1.7500,-0.26,0.0004
201.56,1.6427,1.7496,0.6206,-179.88,378,1.4927,1.7500,-0.26,0.0004
201.68,1.6369,1.7496,0.6206,-179.88,378,1.4869,1.7500,-0.26,0.0004
201.88,1.6273,1.7496,0.6206,-179.88,379,1.4773,1.7500,-0.26,0.0004
202.04,1.6205,1.7496,0.6206,-179.88,379,1.4705,1.7500,-0.26,0.0004
202.22,1.6108,1.7496,0.6206,-179.88,379,1.4608,1.7500,-0.26,0.0004
202.35,1.6050,1.7496,0.6206,-179.88,379,1.4550,1.7500,-0.26,0.0004
202.45,1.6002,1.7496,0.6206,-179.88,380,1.4502,1.7500,-0.26,0.0004
202.55,1.5954,1.7496,0.6206,-179.88,380,1.4454,1.7500,-0.26,0.0004
202.72,1.5876,1.7496,0.6206,-179.88,380,1.4376,1.7500,-0.26,0.0004
202.89,1.5789,1.7496,0.6206,-179.88,381,1.4289,1.7500,-0.26,0.0004
203.06,1.5712,1.7496,0.6206,-179.88,381,1.4212,1.7500,-0.26,0.0004
203.23,1.5625,1.7496,0.6206,-179.88,381,1.4125,1.7500,-0.26,0.0004
203.40,1.5547,1.7496,0.6206,-179.88,381,1.4047,1.7500,-0.26,0.0004
203.59,1.5451,1.7496,0.6206,-179.88,382,1.3951,1.7500,-0.26,0.0004
203.77,1.5364,1.7496,0.6206,-179.88,382,1.3864,1.7500,-0.26,0.0004
203.94,1.5277,1.7496,0.6206,-179.88,383,1.3777,1.7500,-0.26,0.0004
204.16,1.5170,1.7496,0.6206,-179.88,383,1.3670,1.7500,-0.26,0.0004
204.27,1.5122,1.7496,0.6206,-179.88,383,1.3622,1.7500,-0.26,0.0004
204.38,1.5064,1.7496,0.6206,-179.88,383,1.3564,1.7500,-0.26,0.0004
204.49,1.5015,1.7496,0.6206,-179.88,384,1.3515,1.7500,-0.26,0.0004
204.61,1.4957,1.7496,0.6206,-179.88,384,1.3457,1.7500,-0.26,0.0004
204.71,1.4909,1.7496,0.6206,-179.88,384,1.3409,1.7500,-0.26,0.0004
204.82,1.4851,1.7496,0.6206,-179.88,384,1.3351,1.7500,-0.26,0.0004
204.93,1.4803,1.7496,0.6206,-179.88,384,1.3303,1.7500,-0.26,0.0004
205.04,1.4745,1.7496,0.6206,-179.88,385,1.3245,1.7500,-0.26,0.0004
205.15,1.4696,1.7496,0.6206,-179.88,385,1.3196,1.7500,-0.26,0.0004
205.33,1.4609,1.7496,0.6206,-179.88,385,1.3109,1.7500,-0.26,0.0004
205.45,1.4551,1.7496,0.6206,-179.88,385,1.3051,1.7500,-0.26,0.0004
205.56,1.4493,1.7496,0.6206,-179.88,386,1.2993,1.7500,-0.26,0.0004
205.67,1.4445,1.7496,0.6206,-179.88,386,1.2945,1.7500,-0.26,0.0004
205.78,1.4387,1.7496,0.6206,-179.88,386,1.2887,1.7500,-0.26,0.0004
205.88,1.4339,1.7496,0.6206,-179.88,386,1.2839,1.7500,-0.26,0.0004
206.04,1.4261,1.7496,0.6206,-179.88,387,1.2761,1.7500,-0.26,0.0004
206.14,1.4213,1.7496,0.6206,-179.88,387,1.2713,1.7500,-0.26,0.0004
206.32,1.4126,1.7496,0.6206,-179.88,387,1.2626,1.7500,-0.26,0.0004
206.51,1.4039,1.7496,0.6206,-179.88,388,1.2539,1.7500,-0.26,0.0004
206.63,1.3981,1.7496,0.6206,-179.88,388,1.2481,1.7500,-0.26,0.0004
206.74,1.3923,1.7496,0.6206,-179.88,388,1.2423,1.7500,-0.26,0.0004
206.86,1.3874,1.7496,0.6206,-179.88,388,1.2374,1.7500,-0.26,0.0004
207.02,1.3787,1.7496,0.6206,-179.88,389,1.2287,1.7500,-0.26,0.0004
207.14,1.3739,1.7496,0.6206,-179.88,389,1.2239,1.7500,-0.26,0.0004
207.25,1.3681,1.7496,0.6206,-179.88,389,1.2181,1.7500,-0.26,0.0004
207.35,1.3633,1.7496,0.6206,-179.88,389,1.2133,1.7500,-0.26,0.0004
207.51,1.3555,1.7496,0.6206,-179.88,389,1.2055,1.7500,-0.26,0.0004
207.68,1.3468,1.7496,0.6206,-179.88,390,1.1968,1.7500,-0.26,0.0004
207.80,1.3410,1.7496,0.6206,-179.88,390,1.1910,1.7500,-0.26,0.0004
207.96,1.3333,1.7496,0.6206,-179.88,390,1.1833,1.7500,-0.26,0.0004
208.14,1.3246,1.7496,0.6206,-179.88,391,1.1746,1.7500,-0.26,0.0004
208.32,1.3168,1.7496,0.6206,-179.88,391,1.1668,1.7500,-0.26,0.0004
208.44,1.3110,1.7496,0.6206,-179.88,391,1.1610,1.7500,-0.26,0.0004
208.60,1.3023,1.7496,0.6206,-179.88,392,1.1523,1.7500,-0.26,0.0004
208.70,1.2975,1.7496,0.6206,-179.88,392,1.1475,1.7500,-0.26,0.0004
208.90,1.2878,1.7496,0.6206,-179.88,392,1.1378,1.7500,-0.26,0.0004
209.11,1.2782,1.7496,0.6206,-179.88,393,1.1282,1.7500,-0.26,0.0004
209.22,1.2724,1.7496,0.6206,-179.88,393,1.1224,1.7500,-0.26,0.0004
209.33,1.2675,1.7496,0.6206,-179.88,393,1.1175,1.7500,-0.26,0.0004
209.49,1.2598,1.7496,0.6206,-179.88,393,1.1098,1.7500,-0.26,0.0004
209.66,1.2511,1.7496,0.6206,-179.88,394,1.1011,1.7500,-0.26,0.0004
209.87,1.2414,1.7496,0.6206,-179.88,394,1.0914,1.7500,-0.26,0.0004
209.97,1.2366,1.7496,0.6206,-179.88,394,1.0866,1.7500,-0.26,0.0004
210.14,1.2279,1.7496,0.6206,-179.88,395,1.0779,1.7500,-0.26,0.0004
210.27,1.2221,1.7496,0.6206,-179.88,395,1.0721,1.7500,-0.26,0.0004
210.37,1.2172,1.7496,0.6206,-179.88,395,1.0672,1.7500,-0.26,0.0004
210.53,1.2095,1.7496,0.6206,-179.88,395,1.0595,1.7500,-0.26,0.0004
210.70,1.2018,1.7496,0.6206,-179.88,396,1.0518,1.7500,-0.26,0.0004
210.82,1.1960,1.7496,0.6206,-179.88,396,1.0460,1.7500,-0.26,0.0004
211.00,1.1863,1.7496,0.6206,-179.88,396,1.0363,1.7500,-0.26,0.0004
211.10,1.1815,1.7496,0.6206,-179.88,396,1.0315,1.7500,-0.26,0.0004
211.21,1.1766,1.7496,0.6206,-179.88,397,1.0266,1.7500,-0.26,0.0004
211.32,1.1708,1.7496,0.6206,-179.88,397,1.0208,1.7500,-0.26,0.0004
211.43,1.1660,1.7496,0.6206,-179.88,397,1.0160,1.7500,-0.26,0.0004
211.60,1.1582,1.7496,0.6206,-179.88,397,1.0082,1.7500,-0.26,0.0004
211.72,1.1515,1.7496,0.6206,-179.88,398,1.0015,1.7500,-0.26,0.0004
211.83,1.1466,1.7496,0.6206,-179.88,398,0.9966,1.7500,-0.26,0.0004
211.99,1.1389,1.7496,0.6206,-179.88,398,0.9889,1.7500,-0.26,0.0004
212.12,1.1321,1.7496,0.6206,-179.88,398,0.9821,1.7500,-0.26,0.0004
212.29,1.1244,1.7496,0.6206,-179.88,399,0.9744,1.7500,-0.26,0.0004
212.45,1.1167,1.7496,0.6206,-179.88,399,0.9667,1.7500,-0.26,0.0004
212.64,1.1070,1.7496,0.6206,-179.88,399,0.9570,1.7500,-0.26,0.0004
212.82,1.0993,1.7496,0.6206,-179.88,400,0.9493,1.7500,-0.26,0.0004
213.04,1.0886,1.7496,0.6206,-179.88,400,0.9386,1.7500,-0.26,0.0004
213.15,1.0828,1.7496,0.6206,-179.88,400,0.9328,1.7500,-0.26,0.0004
213.36,1.0722,1.7496,0.6206,-179.88,401,0.9222,1.7500,-0.26,0.0004
213.47,1.0673,1.7496,0.6206,-179.88,401,0.9173,1.7500,-0.26,0.0004
213.58,1.0625,1.7496,0.6206,-179.88,401,0.9125,1.7500,-0.26,0.0004
213.68,1.0567,1.7496,0.6206,-179.88,401,0.9067,1.7500,-0.26,0.0004
213.88,1.0470,1.7496,0.6206,-179.88,402,0.8970,1.7500,-0.26,0.0004
214.08,1.0374,1.7496,0.6206,-179.88,402,0.8874,1.7500,-0.26,0.0004
214.28,1.0277,1.7496,0.6206,-179.88,403,0.8777,1.7500,-0.26,0.0004
214.45,1.0200,1.7496,0.6206,-179.88,403,0.8700,1.7500,-0.26,0.0004
214.62,1.0112,1.7496,0.6206,-179.88,403,0.8612,1.7500,-0.26,0.0004
214.80,1.0025,1.7496,0.6206,-179.88,404,0.8525,1.7500,-0.26,0.0004
214.97,0.9948,1.7496,0.6206,-179.88,404,0.8448,1.7500,-0.26,0.0004
215.20,0.9842,1.7496,0.6206,-179.88,404,0.8342,1.7500,-0.26,0.0004
215.35,0.9764,1.7496,0.6206,-179.88,405,0.8264,1.7500,-0.26,0.0004
215.57,0.9658,1.7496,0.6206,-179.88,405,0.8158,1.7500,-0.26,0.0004
215.68,0.9600,1.7496,0.6206,-179.88,405,0.8100,1.7500,-0.26,0.0004
215.79,0.9552,1.7496,0.6206,-179.88,405,0.8052,1.7500,-0.26,0.0004
215.90,0.9503,1.7496,0.6206,-179.88,406,0.8003,1.7500,-0.26,0.0004
216.10,0.9397,1.7496,0.6206,-179.88,406,0.7897,1.7500,-0.26,0.0004
216.26,0.9319,1.7496,0.6206,-179.88,406,0.7819,1.7500,-0.26,0.0004
216.44,0.9242,1.7496,0.6206,-179.88,407,0.7742,1.7500,-0.26,0.0004
216.65,0.9136,1.7496,0.6206,-179.88,407,0.7636,1.7500,-0.26,0.0004
216.76,0.9078,1.7496,0.6206,-179.88,407,0.7578,1.7500,-0.26,0.0004
216.87,0.9029,1.7496,0.6206,-179.88,408,0.7529,1.7500,-0.26,0.0004
216.98,0.8981,1.7496,0.6206,-179.88,408,0.7481,1.7500,-0.26,0.0004
217.09,0.8923,1.7496,0.6206,-179.88,408,0.7423,1.7500,-0.26,0.0004
217.20,0.8875,1.7496,0.6206,-179.88,408,0.7375,1.7500,-0.26,0.0004
217.31,0.8817,1.7496,0.6206,-179.88,408,0.7317,1.7500,-0.26,0.0004
217.42,0.8759,1.7496,0.6206,-179.88,409,0.7259,1.7500,-0.26,0.0004
217.61,0.8672,1.7496,0.6206,-179.88,409,0.7172,1.7500,-0.26,0.0004
217.76,0.8604,1.7496,0.6206,-179.88,409,0.7104,1.7500,-0.26,0.0004
217.91,0.8526,1.7496,0.6206,-179.88,410,0.7026,1.7500,-0.26,0.0004
218.04,0.8468,1.7496,0.6206,-179.88,410,0.6968,1.7500,-0.26,0.0004
218.15,0.8420,1.7496,0.6206,-179.88,410,0.6920,1.7500,-0.26,0.0004
218.31,0.8333,1.7496,0.6206,-179.88,410,0.6833,1.7500,-0.26,0.0004
218.42,0.8285,1.7496,0.6206,-179.88,411,0.6785,1.7500,-0.26,0.0004
218.59,0.8207,1.7496,0.6206,-179.88,411,0.6707,1.7500,-0.26,0.0004
218.76,0.8120,1.7496,0.6206,-179.88,411,0.6620,1.7500,-0.26,0.0004
218.89,0.8062,1.7496,0.6206,-179.88,411,0.6562,1.7500,-0.26,0.0004
219.05,0.7975,1.7496,0.6206,-179.88,412,0.6475,1.7500,-0.26,0.0004
219.22,0.7898,1.7496,0.6206,-179.88,412,0.6398,1.7500,-0.26,0.0004
219.42,0.7801,1.7496,0.6206,-179.88,412,0.6301,1.7500,-0.26,0.0004
219.59,0.7724,1.7496,0.6206,-179.88,413,0.6224,1.7500,-0.26,0.0004
219.76,0.7637,1.7496,0.6206,-179.88,413,0.6137,1.7500,-0.26,0.0004
219.95,0.7550,1.7496,0.6206,-179.88,413,0.6050,1.7500,-0.26,0.0004
220.15,0.7443,1.7496,0.6206,-179.88,414,0.5943,1.7500,-0.26,0.0004
220.35,0.7356,1.7496,0.6206,-179.88,414,0.5856,1.7500,-0.26,0.0004
220.56,0.7250,1.7496,0.6206,-179.88,415,0.5750,1.7500,-0.26,0.0004
220.66,0.7202,1.7496,0.6206,-179.88,415,0.5702,1.7500,-0.26,0.0004
220.86,0.7105,1.7496,0.6206,-179.88,415,0.5605,1.7500,-0.26,0.0004
220.97,0.7047,1.7496,0.6206,-179.88,415,0.5547,1.7500,-0.26,0.0004
221.08,0.6999,1.7496,0.6206,-179.88,416,0.5499,1.7500,-0.26,0.0004
221.19,0.6941,1.7496,0.6206,-179.88,416,0.5441,1.7500,-0.26,0.0004
221.30,0.6892,1.7496,0.6206,-179.88,416,0.5392,1.7500,-0.26,0.0004
221.41,0.6844,1.7496,0.6206,-179.88,416,0.5344,1.7500,-0.26,0.0004
221.60,0.6747,1.7496,0.6206,-179.88,417,0.5247,1.7500,-0.26,0.0004
221.77,0.6660,1.7496,0.6206,-179.88,417,0.5160,1.7500,-0.26,0.0004
221.94,0.6583,1.7496,0.6206,-179.88,417,0.5083,1.7500,-0.26,0.0004
222.11,0.6505,1.7496,0.6206,-179.88,418,0.5005,1.7502,-0.34,0.0004
222.30,0.6409,1.7496,0.6206,-179.88,418,0.4909,1.7507,-0.54,0.0004
222.42,0.6351,1.7496,0.6206,-179.89,418,0.4851,1.7510,-0.64,0.0004
222.59,0.6273,1.7497,0.6206,-179.93,419,0.4774,1.7516,-0.83,0.0003
222.70,0.6215,1.7497,0.6206,-179.97,419,0.4716,1.7524,-1.07,0.0003
222.86,0.6138,1.7497,0.6207,179.93,419,0.4640,1.7534,-1.35,0.0003
222.98,0.6080,1.7498,0.6207,179.82,419,0.4582,1.7542,-1.51,0.0002
223.14,0.6002,1.7499,0.6208,179.63,420,0.4507,1.7556,-1.81,0.0001
223.31,0.5925,1.7501,0.6208,179.36,420,0.4431,1.7573,-2.13,0.0001
223.48,0.5838,1.7503,0.6209,179.02,420,0.4347,1.7592,-2.42,0.0003
223.65,0.5761,1.7506,0.6209,178.59,421,0.4272,1.7613,-2.67,0.0006
223.77,0.5693,1.7510,0.6210,178.17,421,0.4208,1.7634,-2.96,0.0010
223.89,0.5645,1.7513,0.6210,177.84,421,0.4162,1.7650,-3.13,0.0013
223.99,0.5587,1.7516,0.6210,177.40,421,0.4108,1.7668,-3.27,0.0016
224.09,0.5539,1.7520,0.6210,176.97,422,0.4062,1.7685,-3.33,0.0020
224.22,0.5481,1.7525,0.6210,176.40,422,0.4010,1.7709,-3.56,0.0025
224.41,0.5385,1.7534,0.6211,175.34,422,0.3924,1.7751,-3.79,0.0034
224.52,0.5337,1.7539,0.6210,174.80,422,0.3881,1.7771,-3.87,0.0039
224.63,0.5280,1.7545,0.6211,174.06,423,0.3829,1.7797,-3.91,0.0045
224.79,0.5204,1.7555,0.6211,172.98,423,0.3764,1.7836,-4.02,0.0055
224.95,0.5128,1.7566,0.6211,171.83,423,0.3699,1.7875,-4.02,0.0066
225.13,0.5043,1.7579,0.6211,170.40,424,0.3623,1.7920,-3.90,0.0079
225.26,0.4986,1.7589,0.6211,169.39,424,0.3577,1.7954,-3.90,0.0086
225.36,0.4940,1.7597,0.6211,168.52,424,0.3539,1.7981,-3.84,0.0091
225.51,0.4866,1.7612,0.6211,167.06,424,0.3478,1.8025,-3.65,0.0102
225.66,0.4801,1.7625,0.6212,165.71,425,0.3418,1.8069,-3.53,0.0111
225.77,0.4746,1.7637,0.6212,164.52,425,0.3376,1.8106,-3.44,0.0116
225.93,0.4673,1.7653,0.6211,162.90,425,0.3320,1.8155,-3.26,0.0122
226.10,0.4600,1.7671,0.6211,161.23,425,0.3264,1.8204,-2.98,0.0130
226.28,0.4519,1.7693,0.6210,159.32,426,0.3197,1.8273,-3.04,0.0136
226.39,0.4474,1.7705,0.6210,158.26,426,0.3166,1.8308,-3.00,0.0139
226.50,0.4421,1.7721,0.6209,156.99,426,0.3130,1.8349,-2.94,0.0142
226.61,0.4377,1.7735,0.6209,155.89,426,0.3100,1.8384,-2.82,0.0146
226.79,0.4289,1.7764,0.6208,153.67,427,0.3033,1.8469,-2.94,0.0149
227.01,0.4203,1.7796,0.6207,151.43,427,0.2978,1.8543,-2.79,0.0151
227.22,0.4110,1.7834,0.6207,148.88,428,0.2910,1.8640,-2.77,0.0155
227.33,0.4067,1.7853,0.6206,147.74,428,0.2886,1.8680,-2.72,0.0154
227.49,0.4000,1.7885,0.6206,145.90,428,0.2848,1.8743,-2.57,0.0154
227.66,0.3927,1.7923,0.6206,143.80,428,0.2805,1.8814,-2.27,0.0157
227.83,0.3853,1.7964,0.6206,141.74,429,0.2761,1.8901,-2.39,0.0155
227.95,0.3805,1.7992,0.6206,140.40,429,0.2736,1.8952,-2.31,0.0155
228.11,0.3751,1.8026,0.6205,138.85,429,0.2708,1.9010,-2.19,0.0157
228.23,0.3697,1.8061,0.6205,137.29,430,0.2677,1.9082,-2.31,0.0158
228.34,0.3659,1.8088,0.6205,136.19,430,0.2662,1.9126,-2.36,0.0157
228.46,0.3614,1.8120,0.6205,134.88,430,0.2644,1.9179,-2.38,0.0157
228.56,0.3577,1.8148,0.6205,133.77,430,0.2630,1.9222,-2.35,0.0158
228.71,0.3519,1.8194,0.6205,131.97,431,0.2602,1.9307,-2.50,0.0160
228.88,0.3462,1.8242,0.6205,130.18,431,0.2585,1.9379,-2.55,0.0159
229.06,0.3401,1.8298,0.6205,128.10,431,0.2567,1.9460,-2.43,0.0160
229.18,0.3360,1.8336,0.6206,126.71,431,0.2554,1.9514,-2.30,0.0163
229.29,0.3321,1.8376,0.6205,125.32,432,0.2541,1.9589,-2.59,0.0161
229.40,0.3290,1.8410,0.6205,124.17,432,0.2535,1.9635,-2.55,0.0160
229.55,0.3241,1.8464,0.6205,122.34,432,0.2525,1.9707,-2.41,0.0159
229.75,0.3187,1.8528,0.6207,120.23,433,0.2513,1.9804,-2.42,0.0159
229.91,0.3141,1.8586,0.6207,118.39,433,0.2510,1.9879,-2.36,0.0157
230.08,0.3092,1.8654,0.6206,116.34,433,0.2505,1.9962,-2.19,0.0157
230.26,0.3045,1.8723,0.6206,114.31,434,0.2504,2.0060,-2.28,0.0159
230.36,0.3020,1.8762,0.6206,113.20,434,0.2507,2.0107,-2.31,0.0158
230.48,0.2991,1.8810,0.6206,111.88,434,0.2511,2.0162,-2.31,0.0157
230.59,0.2964,1.8858,0.6205,110.54,434,0.2514,2.0217,-2.24,0.0158
230.69,0.2941,1.8898,0.6206,109.42,434,0.2517,2.0264,-2.17,0.0160
230.87,0.2903,1.8973,0.6205,107.42,435,0.2532,2.0361,-2.46,0.0159
231.05,0.2872,1.9039,0.6205,105.65,435,0.2545,2.0433,-2.45,0.0160
231.22,0.2839,1.9115,0.6204,103.62,435,0.2559,2.0514,-2.31,0.0163
231.40,0.2808,1.9192,0.6204,101.55,436,0.2585,2.0614,-2.61,0.0160
231.52,0.2790,1.9244,0.6204,100.18,436,0.2599,2.0667,-2.54,0.0159
231.68,0.2767,1.9314,0.6204,98.34,436,0.2618,2.0738,-2.36,0.0160
231.79,0.2754,1.9358,0.6205,97.16,437,0.2637,2.0796,-2.50,0.0159
231.99,0.2730,1.9448,0.6206,94.86,437,0.2669,2.0883,-2.40,0.0157
232.10,0.2718,1.9501,0.6206,93.48,437,0.2688,2.0935,-2.27,0.0157
232.21,0.2709,1.9547,0.6207,92.32,437,0.2704,2.0979,-2.13,0.0158
232.32,0.2699,1.9602,0.6207,90.97,438,0.2733,2.1043,-2.33,0.0158
232.48,0.2688,1.9676,0.6207,89.21,438,0.2766,2.1110,-2.33,0.0157
232.59,0.2682,1.9721,0.6206,88.09,438,0.2786,2.1151,-2.27,0.0157
232.79,0.2672,1.9814,0.6207,85.85,439,0.2836,2.1246,-2.37,0.0159
232.90,0.2669,1.9869,0.6206,84.51,439,0.2866,2.1293,-2.43,0.0158
233.01,0.2666,1.9915,0.6206,83.41,439,0.2892,2.1331,-2.43,0.0159
233.11,0.2665,1.9970,0.6206,82.04,439,0.2921,2.1378,-2.37,0.0160
233.31,0.2665,2.0054,0.6205,80.00,440,0.2980,2.1462,-2.58,0.0162
233.43,0.2668,2.0119,0.6205,78.41,440,0.3019,2.1513,-2.57,0.0160
233.54,0.2670,2.0164,0.6204,77.27,440,0.3047,2.1548,-2.50,0.0159
233.65,0.2675,2.0219,0.6205,75.85,440,0.3082,2.1592,-2.35,0.0160
233.85,0.2686,2.0312,0.6205,73.52,441,0.3154,2.1675,-2.48,0.0159
234.01,0.2697,2.0385,0.6205,71.69,441,0.3205,2.1729,-2.40,0.0158
234.18,0.2710,2.0457,0.6204,69.87,441,0.3255,2.1782,-2.22,0.0158
234.36,0.2728,2.0539,0.6205,67.82,442,0.3326,2.1850,-2.34,0.0158
234.52,0.2747,2.0611,0.6205,66.04,442,0.3382,2.1899,-2.29,0.0157
234.69,0.2769,2.0690,0.6205,64.03,442,0.3444,2.1953,-2.13,0.0159
234.85,0.2793,2.0761,0.6205,62.23,443,0.3515,2.2007,-2.34,0.0158
235.02,0.2818,2.0831,0.6205,60.48,443,0.3577,2.2049,-2.40,0.0158
235.23,0.2856,2.0925,0.6205,58.02,443,0.3660,2.2105,-2.31,0.0161
235.40,0.2886,2.0992,0.6205,56.22,444,0.3739,2.2151,-2.60,0.0160
235.59,0.2923,2.1067,0.6204,54.19,444,0.3812,2.2191,-2.55,0.0159
235.77,0.2961,2.1140,0.6205,52.09,444,0.3884,2.2231,-2.34,0.0162
235.94,0.3004,2.1212,0.6206,50.00,445,0.3977,2.2273,-2.56,0.0159
236.13,0.3048,2.1282,0.6205,47.94,445,0.4053,2.2306,-2.42,0.0158
236.25,0.3078,2.1328,0.6205,46.57,445,0.4103,2.2328,-2.27,0.0159
236.37,0.3110,2.1373,0.6205,45.17,446,0.4168,2.2352,-2.40,0.0158
236.48,0.3144,2.1417,0.6206,43.80,446,0.4222,2.2370,-2.34,0.0156
236.59,0.3172,2.1454,0.6206,42.68,446,0.4266,2.2384,-2.28,0.0157
236.69,0.3201,2.1490,0.6206,41.55,446,0.4309,2.2399,-2.17,0.0157
236.89,0.3262,2.1560,0.6207,39.31,447,0.4413,2.2427,-2.32,0.0158
237.00,0.3300,2.1601,0.6206,38.00,447,0.4467,2.2438,-2.36,0.0157
237.17,0.3351,2.1653,0.6205,36.23,447,0.4540,2.2452,-2.34,0.0158
237.35,0.3411,2.1711,0.6205,34.21,448,0.4637,2.2468,-2.51,0.0160
237.53,0.3473,2.1767,0.6205,32.19,448,0.4720,2.2477,-2.53,0.0159
237.69,0.3529,2.1814,0.6204,30.37,448,0.4792,2.2484,-2.42,0.0161
237.87,0.3595,2.1866,0.6205,28.28,449,0.4896,2.2492,-2.57,0.0162
238.05,0.3663,2.1915,0.6205,26.21,449,0.4979,2.2495,-2.42,0.0159
238.23,0.3731,2.1961,0.6205,24.11,449,0.5062,2.2498,-2.11,0.0159
238.41,0.3802,2.2005,0.6206,22.02,450,0.5160,2.2500,-2.00,0.0158
238.60,0.3883,2.2051,0.6206,19.78,450,0.5254,2.2500,-1.64,0.0157
238.73,0.3932,2.2077,0.6206,18.48,450,0.5309,2.2500,-1.40,0.0158
238.84,0.3982,2.2102,0.6207,17.20,451,0.5380,2.2500,-1.31,0.0158
238.94,0.4024,2.2122,0.6207,16.18,451,0.5426,2.2500,-1.11,0.0156
239.15,0.4108,2.2161,0.6206,14.18,451,0.5519,2.2500,-0.65,0.0155
239.32,0.4186,2.2193,0.6207,12.44,452,0.5617,2.2500,-0.34,0.0156
239.49,0.4256,2.2220,0.6207,10.97,452,0.5692,2.2500,0.05,0.0153
239.68,0.4343,2.2252,0.6207,9.24,452,0.5785,2.2500,0.53,0.0150
239.87,0.4423,2.2279,0.6209,7.84,453,0.5888,2.2500,0.75,0.0147
240.04,0.4504,2.2304,0.6209,6.56,453,0.5973,2.2500,1.05,0.0138
240.21,0.4576,2.2325,0.6209,5.49,453,0.6047,2.2500,1.29,0.0131
240.40,0.4668,2.2350,0.6211,4.27,454,0.6155,2.2500,1.47,0.0121
240.52,0.4724,2.2364,0.6212,3.68,454,0.6211,2.2500,1.53,0.0112
240.68,0.4798,2.2382,0.6212,2.95,454,0.6287,2.2500,1.59,0.0103
240.85,0.4874,2.2398,0.6214,2.31,455,0.6370,2.2500,1.60,0.0093
241.05,0.4969,2.2416,0.6214,1.67,455,0.6466,2.2500,1.55,0.0079
241.25,0.5064,2.2432,0.6215,1.13,455,0.6561,2.2500,1.47,0.0066
241.36,0.5121,2.2441,0.6215,0.86,456,0.6621,2.2500,1.40,0.0059
241.47,0.5170,2.2447,0.6215,0.68,456,0.6670,2.2500,1.32,0.0053
241.58,0.5227,2.2455,0.6216,0.50,456,0.6727,2.2500,1.22,0.0045
241.69,0.5275,2.2460,0.6216,0.39,456,0.6775,2.2500,1.12,0.0040
241.80,0.5333,2.2466,0.6216,0.30,456,0.6833,2.2500,0.99,0.0034
241.99,0.5420,2.2474,0.6216,0.21,457,0.6920,2.2500,0.79,0.0026
242.10,0.5478,2.2478,0.6216,0.18,457,0.6978,2.2500,0.66,0.0022
242.22,0.5526,2.2481,0.6216,0.16,457,0.7026,2.2500,0.57,0.0019
242.38,0.5613,2.2486,0.6215,0.14,458,0.7113,2.2500,0.39,0.0014
242.49,0.5661,2.2488,0.6215,0.13,458,0.7161,2.2500,0.32,0.0012
242.68,0.5758,2.2492,0.6214,0.12,458,0.7258,2.2500,0.18,0.0008
242.88,0.5854,2.2495,0.6213,0.12,458,0.7354,2.2500,0.07,0.0005
243.00,0.5902,2.2496,0.6213,0.12,459,0.7402,2.2500,0.02,0.0004
243.11,0.5960,2.2498,0.6212,0.12,459,0.7460,2.2500,-0.03,0.0002
243.22,0.6018,2.2499,0.6212,0.12,459,0.7518,2.2500,-0.07,0.0001
243.33,0.6066,2.2499,0.6211,0.12,459,0.7566,2.2500,-0.10,0.0001
243.44,0.6124,2.2500,0.6211,0.12,460,0.7624,2.2500,-0.13,0.0000
243.55,0.6173,2.2501,0.6210,0.12,460,0.7673,2.2500,-0.15,0.0001
243.76,0.6269,2.2502,0.6210,0.12,460,0.7769,2.2500,-0.18,0.0002
243.86,0.6327,2.2502,0.6209,0.12,460,0.7827,2.2500,-0.19,0.0002
244.02,0.6405,2.2502,0.6209,0.12,461,0.7905,2.2500,-0.21,0.0002
244.14,0.6462,2.2503,0.6208,0.12,461,0.7962,2.2500,-0.22,0.0003
244.25,0.6511,2.2503,0.6208,0.12,461,0.8011,2.2500,-0.23,0.0003
244.42,0.6598,2.2503,0.6208,0.12,461,0.8098,2.2500,-0.24,0.0003
244.54,0.6656,2.2503,0.6208,0.12,462,0.8156,2.2500,-0.24,0.0003
244.66,0.6714,2.2503,0.6207,0.12,462,0.8214,2.2500,-0.24,0.0003
244.77,0.6762,2.2503,0.6207,0.12,462,0.8262,2.2500,-0.25,0.0003
244.87,0.6810,2.2503,0.6207,0.12,462,0.8310,2.2500,-0.25,0.0003
245.03,0.6888,2.2503,0.6207,0.12,463,0.8388,2.2500,-0.25,0.0003
245.20,0.6975,2.2503,0.6207,0.12,463,0.8475,2.2500,-0.25,0.0003
245.41,0.7071,2.2503,0.6206,0.12,463,0.8571,2.2500,-0.25,0.0003
245.51,0.7120,2.2503,0.6206,0.12,464,0.8620,2.2500,-0.25,0.0003
245.69,0.7207,2.2504,0.6206,0.12,464,0.8707,2.2500,-0.26,0.0004
245.91,0.7313,2.2504,0.6206,0.12,464,0.8813,2.2500,-0.26,0.0004
246.01,0.7361,2.2504,0.6206,0.12,465,0.8861,2.2500,-0.26,0.0004
246.12,0.7420,2.2504,0.6206,0.12,465,0.8920,2.2500,-0.26,0.0004
246.29,0.7497,2.2504,0.6206,0.12,465,0.8997,2.2500,-0.26,0.0004
246.49,0.7594,2.2504,0.6206,0.12,465,0.9094,2.2500,-0.26,0.0004
246.60,0.7652,2.2504,0.6206,0.12,466,0.9152,2.2500,-0.26,0.0004
246.77,0.7729,2.2504,0.6206,0.12,466,0.9229,2.2500,-0.26,0.0004
246.87,0.7777,2.2504,0.6206,0.12,466,0.9277,2.2500,-0.26,0.0004
246.99,0.7835,2.2504,0.6206,0.12,466,0.9335,2.2500,-0.26,0.0004
247.15,0.7913,2.2504,0.6206,0.12,467,0.9413,2.2500,-0.26,0.0004
247.32,0.8000,2.2504,0.6206,0.12,467,0.9500,2.2500,-0.26,0.0004
247.48,0.8077,2.2504,0.6206,0.12,467,0.9577,2.2500,-0.26,0.0004
247.66,0.8154,2.2504,0.6206,0.12,468,0.9654,2.2500,-0.26,0.0004
247.78,0.8222,2.2504,0.6206,0.12,468,0.9722,2.2500,-0.26,0.0004
247.95,0.8300,2.2504,0.6206,0.12,468,0.9800,2.2500,-0.26,0.0004
248.13,0.8387,2.2504,0.6206,0.12,469,0.9887,2.2500,-0.26,0.0004
248.27,0.8454,2.2504,0.6206,0.12,469,0.9954,2.2500,-0.26,0.0004
248.44,0.8541,2.2504,0.6206,0.12,469,1.0041,2.2500,-0.26,0.0004
248.56,0.8599,2.2504,0.6206,0.12,469,1.0099,2.2500,-0.26,0.0004
248.67,0.8648,2.2504,0.6206,0.12,470,1.0148,2.2500,-0.26,0.0004
248.78,0.8706,2.2504,0.6206,0.12,470,1.0206,2.2500,-0.26,0.0004
248.97,0.8793,2.2504,0.6206,0.12,470,1.0293,2.2500,-0.26,0.0004
249.14,0.8880,2.2504,0.6206,0.12,471,1.0380,2.2500,-0.26,0.0004
249.32,0.8957,2.2504,0.6206,0.12,471,1.0457,2.2500,-0.26,0.0004
249.43,0.9015,2.2504,0.6206,0.12,471,1.0515,2.2500,-0.26,0.0004
249.55,0.9073,2.2504,0.6206,0.12,471,1.0573,2.2500,-0.26,0.0004
249.66,0.9131,2.2504,0.6206,0.12,472,1.0631,2.2500,-0.26,0.0004
249.77,0.9180,2.2504,0.6206,0.12,472,1.0680,2.2500,-0.26,0.0004
249.88,0.9228,2.2504,0.6206,0.12,472,1.0728,2.2500,-0.26,0.0004
249.99,0.9286,2.2504,0.6206,0.12,472,1.0786,2.2500,-0.26,0.0004
250.09,0.9334,2.2504,0.6206,0.12,472,1.0834,2.2500,-0.26,0.0004
250.25,0.9412,2.2504,0.6206,0.12,473,1.0912,2.2500,-0.26,0.0004
250.43,0.9499,2.2504,0.6206,0.12,473,1.0999,2.2500,-0.26,0.0004
250.54,0.9557,2.2504,0.6206,0.12,473,1.1057,2.2500,-0.26,0.0004
250.65,0.9605,2.2504,0.6206,0.12,473,1.1105,2.2500,-0.26,0.0004
250.85,0.9702,2.2504,0.6206,0.12,474,1.1202,2.2500,-0.26,0.0004
250.96,0.9760,2.2504,0.6206,0.12,474,1.1260,2.2500,-0.26,0.0004
251.07,0.9808,2.2504,0.6206,0.12,474,1.1308,2.2500,-0.26,0.0004
251.18,0.9866,2.2504,0.6206,0.12,475,1.1366,2.2500,-0.26,0.0004
251.35,0.9944,2.2504,0.6206,0.12,475,1.1444,2.2500,-0.26,0.0004
251.57,1.0050,2.2504,0.6206,0.12,475,1.1550,2.2500,-0.26,0.0004
251.69,1.0108,2.2504,0.6206,0.12,476,1.1608,2.2500,-0.26,0.0004
251.79,1.0156,2.2504,0.6206,0.12,476,1.1656,2.2500,-0.26,0.0004
251.96,1.0243,2.2504,0.6206,0.12,476,1.1743,2.2500,-0.26,0.0004
252.15,1.0330,2.2504,0.6206,0.12,476,1.1830,2.2500,-0.26,0.0004
252.27,1.0388,2.2504,0.6206,0.12,477,1.1888,2.2500,-0.26,0.0004
252.44,1.0466,2.2504,0.6206,0.12,477,1.1966,2.2500,-0.26,0.0004
252.60,1.0553,2.2504,0.6206,0.12,477,1.2053,2.2500,-0.26,0.0004
252.72,1.0611,2.2504,0.6206,0.12,478,1.2111,2.2500,-0.26,0.0004
252.93,1.0707,2.2504,0.6206,0.12,478,1.2207,2.2500,-0.26,0.0004
253.09,1.0785,2.2504,0.6206,0.12,478,1.2285,2.2500,-0.26,0.0004
253.29,1.0882,2.2504,0.6206,0.12,479,1.2382,2.2500,-0.26,0.0004
253.45,1.0959,2.2504,0.6206,0.12,479,1.2459,2.2500,-0.26,0.0004
253.63,1.1046,2.2504,0.6206,0.12,479,1.2546,2.2500,-0.26,0.0004
253.75,1.1104,2.2504,0.6206,0.12,479,1.2604,2.2500,-0.26,0.0004
253.86,1.1162,2.2504,0.6206,0.12,480,1.2662,2.2500,-0.26,0.0004
253.97,1.1210,2.2504,0.6206,0.12,480,1.2710,2.2500,-0.26,0.0004
254.13,1.1288,2.2504,0.6206,0.12,480,1.2788,2.2500,-0.26,0.0004
254.32,1.1375,2.2504,0.6206,0.12,481,1.2875,2.2500,-0.26,0.0004
254.42,1.1433,2.2504,0.6206,0.12,481,1.2933,2.2500,-0.26,0.0004
254.62,1.1520,2.2504,0.6206,0.12,481,1.3020,2.2500,-0.26,0.0004
254.81,1.1617,2.2504,0.6206,0.12,482,1.3117,2.2500,-0.26,0.0004
254.97,1.1694,2.2504,0.6206,0.12,482,1.3194,2.2500,-0.26,0.0004
255.14,1.1781,2.2504,0.6206,0.12,482,1.3281,2.2500,-0.26,0.0004
255.31,1.1858,2.2504,0.6206,0.12,483,1.3358,2.2500,-0.26,0.0004
255.48,1.1945,2.2504,0.6206,0.12,483,1.3445,2.2500,-0.26,0.0004
255.68,1.2032,2.2504,0.6206,0.12,483,1.3532,2.2500,-0.26,0.0004
255.87,1.2129,2.2504,0.6206,0.12,484,1.3629,2.2500,-0.26,0.0004
256.04,1.2206,2.2504,0.6206,0.12,484,1.3706,2.2500,-0.26,0.0004
256.21,1.2293,2.2504,0.6206,0.12,484,1.3793,2.2500,-0.26,0.0004
256.33,1.2351,2.2504,0.6206,0.12,484,1.3851,2.2500,-0.26,0.0004
256.45,1.2410,2.2504,0.6206,0.12,485,1.3910,2.2500,-0.26,0.0004
256.56,1.2468,2.2504,0.6206,0.12,485,1.3968,2.2500,-0.26,0.0004
256.67,1.2516,2.2504,0.6206,0.12,485,1.4016,2.2500,-0.26,0.0004
256.78,1.2574,2.2504,0.6206,0.12,485,1.4074,2.2500,-0.26,0.0004
256.89,1.2622,2.2504,0.6206,0.12,486,1.4122,2.2500,-0.26,0.0004
257.07,1.2709,2.2504,0.6206,0.12,486,1.4209,2.2500,-0.26,0.0004
257.26,1.2806,2.2504,0.6206,0.12,486,1.4306,2.2500,-0.26,0.0004
257.37,1.2854,2.2504,0.6206,0.12,486,1.4354,2.2500,-0.26,0.0004
257.48,1.2912,2.2504,0.6206,0.12,487,1.4412,2.2500,-0.26,0.0004
257.64,1.2990,2.2504,0.6206,0.12,487,1.4490,2.2500,-0.26,0.0004
257.82,1.3077,2.2504,0.6206,0.12,487,1.4577,2.2500,-0.26,0.0004
258.00,1.3154,2.2504,0.6206,0.12,488,1.4654,2.2500,-0.26,0.0004
258.10,1.3212,2.2504,0.6206,0.12,488,1.4712,2.2500,-0.26,0.0004
258.28,1.3290,2.2504,0.6206,0.12,488,1.4790,2.2500,-0.26,0.0004
258.50,1.3396,2.2504,0.6206,0.12,489,1.4896,2.2500,-0.26,0.0004
258.61,1.3454,2.2504,0.6206,0.12,489,1.4954,2.2500,-0.26,0.0004
258.72,1.3502,2.2504,0.6206,0.12,489,1.5002,2.2500,-0.26,0.0004
258.84,1.3560,2.2504,0.6206,0.12,489,1.5060,2.2500,-0.26,0.0004
258.96,1.3628,2.2504,0.6206,0.12,490,1.5128,2.2500,-0.26,0.0004
259.07,1.3676,2.2504,0.6206,0.12,490,1.5176,2.2500,-0.26,0.0004
259.24,1.3763,2.2504,0.6206,0.12,490,1.5263,2.2500,-0.26,0.0004
259.44,1.3850,2.2504,0.6206,0.12,490,1.5350,2.2500,-0.26,0.0004
259.56,1.3908,2.2504,0.6206,0.12,491,1.5408,2.2500,-0.26,0.0004
259.75,1.4005,2.2504,0.6206,0.12,491,1.5505,2.2500,-0.26,0.0004
259.86,1.4063,2.2504,0.6206,0.12,491,1.5563,2.2500,-0.26,0.0004
259.97,1.4112,2.2504,0.6206,0.12,492,1.5612,2.2500,-0.26,0.0004
260.10,1.4170,2.2504,0.6206,0.12,492,1.5670,2.2500,-0.26,0.0004
260.21,1.4228,2.2504,0.6206,0.12,492,1.5728,2.2500,-0.26,0.0004
260.39,1.4315,2.2504,0.6206,0.12,492,1.5815,2.2500,-0.26,0.0004
260.56,1.4392,2.2504,0.6206,0.12,493,1.5892,2.2500,-0.26,0.0004
260.74,1.4479,2.2504,0.6206,0.12,493,1.5979,2.2500,-0.26,0.0004
260.95,1.4585,2.2504,0.6206,0.12,493,1.6085,2.2500,-0.26,0.0004
261.06,1.4634,2.2504,0.6206,0.12,494,1.6134,2.2500,-0.26,0.0004
261.17,1.4692,2.2504,0.6206,0.12,494,1.6192,2.2500,-0.26,0.0004
261.29,1.4750,2.2504,0.6206,0.12,494,1.6250,2.2500,-0.26,0.0004
261.41,1.4808,2.2504,0.6206,0.12,494,1.6308,2.2500,-0.26,0.0004
261.53,1.4866,2.2504,0.6206,0.12,495,1.6366,2.2500,-0.26,0.0004
261.66,1.4934,2.2504,0.6206,0.12,495,1.6434,2.2500,-0.26,0.0004
261.83,1.5011,2.2504,0.6206,0.12,495,1.6511,2.2500,-0.26,0.0004
262.02,1.5098,2.2504,0.6206,0.12,495,1.6598,2.2500,-0.26,0.0004
262.12,1.5146,2.2504,0.6206,0.12,496,1.6646,2.2500,-0.26,0.0004
262.25,1.5214,2.2504,0.6206,0.12,496,1.6714,2.2500,-0.26,0.0004
262.37,1.5272,2.2504,0.6206,0.12,496,1.6772,2.2500,-0.26,0.0004
262.48,1.5320,2.2504,0.6206,0.12,496,1.6820,2.2500,-0.26,0.0004
262.59,1.5378,2.2504,0.6206,0.12,497,1.6878,2.2500,-0.26,0.0004
262.71,1.5436,2.2504,0.6206,0.12,497,1.6936,2.2500,-0.26,0.0004
262.82,1.5485,2.2504,0.6206,0.12,497,1.6985,2.2500,-0.26,0.0004
262.92,1.5543,2.2504,0.6206,0.12,497,1.7043,2.2500,-0.26,0.0004
263.09,1.5620,2.2504,0.6206,0.12,498,1.7120,2.2500,-0.26,0.0004
263.30,1.5717,2.2504,0.6206,0.12,498,1.7217,2.2500,-0.26,0.0004
263.41,1.5775,2.2504,0.6206,0.12,498,1.7275,2.2500,-0.26,0.0004
263.52,1.5823,2.2504,0.6206,0.12,498,1.7323,2.2500,-0.26,0.0004
263.64,1.5881,2.2504,0.6206,0.12,499,1.7381,2.2500,-0.26,0.0004
263.75,1.5939,2.2504,0.6206,0.12,499,1.7439,2.2500,-0.26,0.0004
263.91,1.6017,2.2504,0.6206,0.12,499,1.7517,2.2500,-0.26,0.0004
264.02,1.6065,2.2504,0.6206,0.12,499,1.7565,2.2500,-0.26,0.0004
264.14,1.6123,2.2504,0.6206,0.12,500,1.7623,2.2500,-0.26,0.0004
264.25,1.6181,2.2504,0.6206,0.12,500,1.7681,2.2500,-0.26,0.0004
264.37,1.6239,2.2504,0.6206,0.12,500,1.7739,2.2500,-0.26,0.0004
264.54,1.6316,2.2504,0.6206,0.12,500,1.7816,2.2500,-0.26,0.0004
264.76,1.6423,2.2504,0.6206,0.12,501,1.7923,2.2500,-0.26,0.0004
264.87,1.6481,2.2504,0.6206,0.12,501,1.7981,2.2500,-0.26,0.0004
264.99,1.6529,2.2504,0.6206,0.12,501,1.8029,2.2500,-0.26,0.0004
265.10,1.6587,2.2504,0.6206,0.12,501,1.8087,2.2500,-0.26,0.0004
265.21,1.6645,2.2504,0.6206,0.12,502,1.8145,2.2500,-0.26,0.0004
265.31,1.6694,2.2504,0.6206,0.12,502,1.8194,2.2500,-0.26,0.0004
265.48,1.6771,2.2504,0.6206,0.12,502,1.8271,2.2500,-0.26,0.0004
265.60,1.6829,2.2504,0.6206,0.12,502,1.8329,2.2500,-0.26,0.0004
265.76,1.6906,2.2504,0.6206,0.12,503,1.8406,2.2500,-0.26,0.0004
265.94,1.6993,2.2504,0.6206,0.12,503,1.8493,2.2500,-0.26,0.0004
266.04,1.7042,2.2504,0.6206,0.12,503,1.8542,2.2500,-0.26,0.0004
266.21,1.7129,2.2504,0.6206,0.12,504,1.8629,2.2500,-0.26,0.0004
266.38,1.7206,2.2504,0.6206,0.12,504,1.8706,2.2500,-0.26,0.0004
266.56,1.7293,2.2504,0.6206,0.12,504,1.8793,2.2500,-0.26,0.0004
266.78,1.7400,2.2504,0.6206,0.12,505,1.8900,2.2500,-0.26,0.0004
266.90,1.7458,2.2504,0.6206,0.12,505,1.8958,2.2500,-0.26,0.0004
267.07,1.7535,2.2504,0.6206,0.12,505,1.9035,2.2500,-0.26,0.0004
267.19,1.7603,2.2504,0.6206,0.12,505,1.9103,2.2500,-0.26,0.0004
267.30,1.7651,2.2504,0.6206,0.12,506,1.9151,2.2500,-0.26,0.0004
267.48,1.7738,2.2504,0.6206,0.12,506,1.9238,2.2500,-0.26,0.0004
267.65,1.7825,2.2504,0.6206,0.12,506,1.9325,2.2500,-0.26,0.0004
267.82,1.7902,2.2504,0.6206,0.12,507,1.9402,2.2500,-0.26,0.0004
268.00,1.7989,2.2504,0.6206,0.12,507,1.9489,2.2500,-0.26,0.0004
268.18,1.8077,2.2504,0.6206,0.12,507,1.9577,2.2500,-0.26,0.0004
268.31,1.8144,2.2504,0.6206,0.12,508,1.9644,2.2500,-0.26,0.0004
268.43,1.8193,2.2504,0.6206,0.12,508,1.9693,2.2500,-0.26,0.0004
268.54,1.8251,2.2504,0.6206,0.12,508,1.9751,2.2500,-0.26,0.0004
268.66,1.8309,2.2504,0.6206,0.12,508,1.9809,2.2500,-0.26,0.0004
268.77,1.8357,2.2504,0.6206,0.12,509,1.9857,2.2500,-0.26,0.0004
268.88,1.8415,2.2504,0.6206,0.12,509,1.9915,2.2500,-0.26,0.0004
268.98,1.8463,2.2504,0.6206,0.12,509,1.9963,2.2500,-0.26,0.0004
269.16,1.8550,2.2504,0.6206,0.12,509,2.0050,2.2500,-0.26,0.0004
269.27,1.8608,2.2504,0.6206,0.12,510,2.0108,2.2500,-0.26,0.0004
269.48,1.8705,2.2504,0.6206,0.12,510,2.0205,2.2500,-0.26,0.0004
269.69,1.8811,2.2504,0.6206,0.12,510,2.0311,2.2500,-0.26,0.0004
269.89,1.8908,2.2504,0.6206,0.12,511,2.0408,2.2500,-0.26,0.0004
270.01,1.8957,2.2504,0.6206,0.12,511,2.0457,2.2500,-0.26,0.0004
270.12,1.9015,2.2504,0.6206,0.12,511,2.0515,2.2500,-0.26,0.0004
270.23,1.9063,2.2504,0.6206,0.12,511,2.0563,2.2500,-0.26,0.0004
270.40,1.9150,2.2504,0.6206,0.12,512,2.0650,2.2500,-0.26,0.0004
270.52,1.9208,2.2504,0.6206,0.12,512,2.0708,2.2500,-0.26,0.0004
270.64,1.9266,2.2504,0.6206,0.12,512,2.0766,2.2500,-0.26,0.0004
270.82,1.9353,2.2504,0.6206,0.12,512,2.0853,2.2500,-0.26,0.0004
270.94,1.9411,2.2504,0.6206,0.12,513,2.0911,2.2500,-0.26,0.0004
271.12,1.9498,2.2504,0.6206,0.12,513,2.0998,2.2500,-0.26,0.0004
271.32,1.9595,2.2504,0.6206,0.12,513,2.1095,2.2500,-0.26,0.0004
271.51,1.9682,2.2504,0.6206,0.12,514,2.1182,2.2500,-0.26,0.0004
271.68,1.9769,2.2504,0.6206,0.12,514,2.1269,2.2500,-0.26,0.0004
271.78,1.9817,2.2504,0.6206,0.12,514,2.1317,2.2500,-0.26,0.0004
271.89,1.9866,2.2504,0.6206,0.12,515,2.1366,2.2500,-0.26,0.0004
272.07,1.9953,2.2504,0.6206,0.12,515,2.1453,2.2500,-0.26,0.0004
272.20,2.0020,2.2504,0.6206,0.12,515,2.1520,2.2500,-0.26,0.0004
272.30,2.0069,2.2504,0.6206,0.12,515,2.1569,2.2500,-0.26,0.0004
272.41,2.0117,2.2504,0.6206,0.12,516,2.1617,2.2500,-0.26,0.0004
272.51,2.0175,2.2504,0.6206,0.12,516,2.1675,2.2500,-0.26,0.0004
272.70,2.0262,2.2504,0.6206,0.12,516,2.1762,2.2500,-0.26,0.0004
272.81,2.0310,2.2504,0.6206,0.12,516,2.1810,2.2500,-0.26,0.0004
273.01,2.0417,2.2504,0.6206,0.12,517,2.1917,2.2500,-0.26,0.0004
273.13,2.0465,2.2504,0.6206,0.12,517,2.1965,2.2500,-0.26,0.0004
273.23,2.0514,2.2504,0.6206,0.12,517,2.2014,2.2500,-0.26,0.0004
273.42,2.0610,2.2504,0.6206,0.12,518,2.2110,2.2500,-0.26,0.0004
273.54,2.0668,2.2504,0.6206,0.12,518,2.2168,2.2500,-0.26,0.0004
273.71,2.0746,2.2504,0.6206,0.12,518,2.2246,2.2500,-0.26,0.0004
273.90,2.0842,2.2504,0.6206,0.12,518,2.2342,2.2500,-0.26,0.0004
274.02,2.0900,2.2504,0.6206,0.12,519,2.2400,2.2500,-0.26,0.0004
274.19,2.0978,2.2504,0.6206,0.12,519,2.2478,2.2500,-0.26,0.0004
274.39,2.1074,2.2504,0.6206,0.12,519,2.2574,2.2500,-0.26,0.0004
274.58,2.1171,2.2504,0.6206,0.12,520,2.2671,2.2500,-0.26,0.0004
274.75,2.1248,2.2504,0.6206,0.12,520,2.2748,2.2500,-0.26,0.0004
274.87,2.1307,2.2504,0.6206,0.12,520,2.2807,2.2500,-0.26,0.0004
274.99,2.1365,2.2504,0.6206,0.12,521,2.2865,2.2500,-0.26,0.0004
275.10,2.1423,2.2504,0.6206,0.12,521,2.2923,2.2500,-0.26,0.0004
275.22,2.1481,2.2504,0.6206,0.12,521,2.2981,2.2500,-0.26,0.0004
275.33,2.1529,2.2504,0.6206,0.12,521,2.3029,2.2500,-0.26,0.0004
275.44,2.1587,2.2504,0.6206,0.12,521,2.3087,2.2500,-0.26,0.0004
275.55,2.1635,2.2504,0.6206,0.12,522,2.3135,2.2500,-0.26,0.0004
275.65,2.1693,2.2504,0.6206,0.12,522,2.3193,2.2500,-0.26,0.0004
275.76,2.1742,2.2504,0.6206,0.12,522,2.3242,2.2500,-0.26,0.0004
275.87,2.1790,2.2504,0.6206,0.12,522,2.3290,2.2500,-0.26,0.0004
276.09,2.1896,2.2504,0.6206,0.12,523,2.3396,2.2500,-0.26,0.0004
276.19,2.1954,2.2504,0.6206,0.12,523,2.3454,2.2500,-0.26,0.0004
276.30,2.2003,2.2504,0.6206,0.12,523,2.3503,2.2500,-0.26,0.0004
276.47,2.2080,2.2504,0.6206,0.12,523,2.3580,2.2500,-0.26,0.0004
276.60,2.2148,2.2504,0.6206,0.12,524,2.3648,2.2500,-0.26,0.0004
276.77,2.2225,2.2504,0.6206,0.12,524,2.3725,2.2500,-0.26,0.0004
276.95,2.2312,2.2504,0.6206,0.12,524,2.3812,2.2500,-0.26,0.0004
277.06,2.2370,2.2504,0.6206,0.12,525,2.3870,2.2500,-0.26,0.0004
277.23,2.2448,2.2504,0.6206,0.12,525,2.3948,2.2500,-0.26,0.0004
277.41,2.2535,2.2504,0.6206,0.12,525,2.4035,2.2500,-0.26,0.0004
277.63,2.2641,2.2504,0.6206,0.12,526,2.4141,2.2500,-0.26,0.0004
277.74,2.2699,2.2504,0.6206,0.12,526,2.4199,2.2500,-0.26,0.0004
277.85,2.2747,2.2504,0.6206,0.12,526,2.4247,2.2500,-0.26,0.0004
278.01,2.2825,2.2504,0.6206,0.12,526,2.4325,2.2500,-0.26,0.0004
278.18,2.2912,2.2504,0.6206,0.12,527,2.4412,2.2500,-0.26,0.0004
278.39,2.3009,2.2504,0.6206,0.12,527,2.4509,2.2500,-0.26,0.0004
278.50,2.3067,2.2504,0.6206,0.12,527,2.4567,2.2500,-0.26,0.0004
278.66,2.3144,2.2504,0.6206,0.12,528,2.4644,2.2500,-0.26,0.0004
278.83,2.3221,2.2504,0.6206,0.12,528,2.4721,2.2500,-0.26,0.0004
279.01,2.3308,2.2504,0.6206,0.12,528,2.4808,2.2500,-0.26,0.0004
279.22,2.3415,2.2504,0.6206,0.12,529,2.4915,2.2500,-0.26,0.0004
279.39,2.3492,2.2504,0.6206,0.12,529,2.4992,2.2500,-0.26,0.0004
279.60,2.3598,2.2504,0.6206,0.12,529,2.5098,2.2500,-0.26,0.0004
279.71,2.3647,2.2504,0.6206,0.12,530,2.5147,2.2500,-0.26,0.0004
279.89,2.3734,2.2504,0.6206,0.12,530,2.5234,2.2500,-0.26,0.0004
280.07,2.3821,2.2504,0.6206,0.12,530,2.5321,2.2500,-0.26,0.0004
280.20,2.3889,2.2504,0.6206,0.12,531,2.5389,2.2500,-0.26,0.0004
280.31,2.3937,2.2504,0.6206,0.12,531,2.5437,2.2500,-0.26,0.0004
280.48,2.4024,2.2504,0.6206,0.12,531,2.5524,2.2500,-0.26,0.0004
280.66,2.4111,2.2504,0.6206,0.12,532,2.5611,2.2500,-0.26,0.0004
280.88,2.4217,2.2504,0.6206,0.12,532,2.5717,2.2500,-0.26,0.0004
280.99,2.4266,2.2504,0.6206,0.12,532,2.5766,2.2500,-0.26,0.0004
281.09,2.4314,2.2504,0.6206,0.12,532,2.5814,2.2500,-0.26,0.0004
281.25,2.4391,2.2504,0.6206,0.12,533,2.5891,2.2500,-0.26,0.0004
281.45,2.4488,2.2504,0.6206,0.12,533,2.5988,2.2500,-0.26,0.0004
281.55,2.4537,2.2504,0.6206,0.12,533,2.6037,2.2500,-0.26,0.0004
281.67,2.4595,2.2504,0.6206,0.12,533,2.6095,2.2500,-0.26,0.0004
281.78,2.4653,2.2504,0.6206,0.12,534,2.6153,2.2500,-0.26,0.0004
281.95,2.4730,2.2504,0.6206,0.12,534,2.6230,2.2500,-0.26,0.0004
282.15,2.4827,2.2504,0.6206,0.12,534,2.6327,2.2500,-0.26,0.0004
282.26,2.4885,2.2504,0.6206,0.12,535,2.6385,2.2500,-0.26,0.0004
282.37,2.4933,2.2504,0.6206,0.12,535,2.6433,2.2500,-0.26,0.0004
282.55,2.5020,2.2504,0.6206,0.12,535,2.6520,2.2500,-0.26,0.0004
282.67,2.5078,2.2504,0.6206,0.12,535,2.6578,2.2500,-0.26,0.0004
282.83,2.5155,2.2504,0.6206,0.12,536,2.6655,2.2500,-0.26,0.0004
282.96,2.5223,2.2504,0.6206,0.12,536,2.6723,2.2500,-0.26,0.0004
283.06,2.5271,2.2504,0.6206,0.12,536,2.6771,2.2500,-0.26,0.0004
283.17,2.5320,2.2504,0.6206,0.12,536,2.6820,2.2500,-0.26,0.0004
283.28,2.5378,2.2504,0.6206,0.12,537,2.6878,2.2500,-0.26,0.0004
283.39,2.5426,2.2504,0.6206,0.12,537,2.6926,2.2500,-0.26,0.0004
283.50,2.5484,2.2504,0.6206,0.12,537,2.6984,2.2500,-0.26,0.0004
283.66,2.5562,2.2504,0.6206,0.12,537,2.7062,2.2500,-0.26,0.0004
283.86,2.5658,2.2504,0.6206,0.12,538,2.7158,2.2500,-0.26,0.0004
284.05,2.5745,2.2504,0.6206,0.12,538,2.7245,2.2500,-0.26,0.0004
284.15,2.5794,2.2504,0.6206,0.12,538,2.7294,2.2500,-0.26,0.0004
284.33,2.5881,2.2504,0.6206,0.12,539,2.7381,2.2500,-0.26,0.0004
284.44,2.5939,2.2504,0.6206,0.12,539,2.7439,2.2500,-0.26,0.0004
284.62,2.6026,2.2504,0.6206,0.12,539,2.7500,2.2500,-0.26,0.0004
284.75,2.6084,2.2504,0.6206,0.12,539,2.7500,2.2500,-0.26,0.0004
284.86,2.6132,2.2504,0.6206,0.12,540,2.7500,2.2500,-0.27,0.0004
285.03,2.6219,2.2504,0.6206,0.12,540,2.7500,2.2500,-0.28,0.0004
285.20,2.6306,2.2504,0.6206,0.12,540,2.7500,2.2500,-0.29,0.0004
285.43,2.6413,2.2504,0.6206,0.12,541,2.7500,2.2500,-0.31,0.0004
285.54,2.6471,2.2504,0.6206,0.12,541,2.7500,2.2500,-0.32,0.0004
285.66,2.6519,2.2504,0.6206,0.12,541,2.7500,2.2500,-0.33,0.0004
285.76,2.6577,2.2504,0.6206,0.12,541,2.7500,2.2500,-0.34,0.0004
285.98,2.6674,2.2504,0.6206,0.12,542,2.7500,2.2500,-0.37,0.0004
