t,x,y,z,yaw_deg,path_idx,target_x,target_y,eta_deg,cross_track_err,signed_error
7.891654968261719e-05,0.23282362520694733,0.27812132239341736,0.5303367972373962,90.45475006103516,1,0.25,0.4281213223934173,-0.45475006103517607,0.017176374793052673,0.017176374793052673
0.05015373229980469,0.232620507478714,0.279304176568985,0.5299217700958252,90.50666046142578,1,0.25,0.429304176568985,-0.5066604614257826,0.01737949252128601,0.01737949252128601
0.10058283805847168,0.23190781474113464,0.2813355624675751,0.5294032692909241,90.46245574951172,1,0.25,0.4313355624675751,-0.4624557495117147,0.018092185258865356,0.018092185258865356
0.15019965171813965,0.23147417604923248,0.2836264371871948,0.5287787914276123,90.49606323242189,1,0.25,0.4336264371871949,-0.49606323242188255,0.018525823950767517,0.018525823950767517
0.20024561882019043,0.23073966801166534,0.2879420220851898,0.5280847549438477,90.56609344482422,1,0.25,0.43794202208518995,-0.566093444824222,0.019260331988334656,0.019260331988334656
0.2605717182159424,0.2303565889596939,0.2930673360824585,0.5275187492370605,90.62942504882814,1,0.25,0.4430673360824587,-0.6294250488281327,0.01964341104030609,0.01964341104030609
0.31073880195617676,0.22997918725013733,0.3021586835384369,0.526852548122406,90.67240905761719,2,0.25,0.4521586835384372,-0.6724090576171912,0.02002081274986267,0.02002081274986267
0.36061525344848633,0.22998924553394318,0.31161344051361084,0.5263909101486206,90.7386474609375,2,0.25,0.461613440513611,-0.7386474609375092,0.020010754466056824,0.020010754466056824
0.41062092781066895,0.2297663688659668,0.32299569249153137,0.5259816646575928,90.7394027709961,2,0.25,0.47299569249153134,-0.7394027709961043,0.020233631134033203,0.020233631134033203
0.4679524898529053,0.23003175854682922,0.3352697789669037,0.5257437229156494,90.72669219970703,3,0.25,0.4852697789669036,-0.7266921997070326,0.019968241453170776,0.019968241453170776
0.5179412364959717,0.22975604236125946,0.34817996621131897,0.5257278084754944,90.71443176269531,3,0.25,0.4981799662113189,-0.7144317626953289,0.02024395763874054,0.02024395763874054
0.5680642127990723,0.23019732534885406,0.3623901903629303,0.525734543800354,90.57185363769531,4,0.25,0.5123901903629302,-0.5718536376952993,0.019802674651145935,0.019802674651145935
0.6180570125579834,0.2303396612405777,0.37649500370025635,0.5257471203804016,90.51087188720703,5,0.25,0.5264950037002563,-0.510871887207029,0.019660338759422302,0.019660338759422302
0.6726531982421875,0.2307807356119156,0.3903246819972992,0.525772750377655,90.34257507324219,5,0.25,0.5403246819972992,-0.3425750732421775,0.01921926438808441,0.01921926438808441
0.7226481437683105,0.2310495376586914,0.401604026556015,0.5257312655448914,90.20945739746094,6,0.25,0.5516040265560151,-0.20945739746094458,0.018950462341308594,0.018950462341308594
0.7726790904998779,0.23110589385032654,0.41428035497665405,0.5256280899047852,90.03861236572266,6,0.25,0.5642803549766542,-0.03861236572267551,0.018894106149673462,0.018894106149673462
0.8226375579833984,0.23153939843177795,0.427144855260849,0.5255438685417175,89.87957763671875,7,0.25,0.5771448552608491,0.12042236328125817,0.018460601568222046,0.018460601568222046
0.8802409172058105,0.23165000975131989,0.4399378299713135,0.525315523147583,89.7662124633789,7,0.25,0.5899378299713135,0.23378753662109758,0.018349990248680115,0.018349990248680115
0.9302899837493896,0.23218630254268646,0.45383405685424805,0.5250632762908936,89.66709899902344,8,0.25,0.603834056854248,0.33290100097655756,0.017813697457313538,0.017813697457313538
0.9803261756896973,0.23224909603595734,0.46744754910469055,0.5246684551239014,89.56104278564453,8,0.25,0.6174475491046905,0.4389572143554635,0.017750903964042664,0.017750903964042664
1.0303301811218262,0.23273488879203796,0.47995275259017944,0.5243064165115356,89.54723358154298,9,0.25,0.6299527525901792,0.4527664184570232,0.017265111207962036,0.017265111207962036
1.0908970832824707,0.23318880796432495,0.4923674762248993,0.5239039063453674,89.54991912841797,9,0.25,0.6423674762248993,0.45008087158203836,0.01681119203567505,0.01681119203567505
1.1410653591156006,0.2332657128572464,0.504875659942627,0.5235192179679871,89.58088684082031,10,0.25,0.654875659942627,0.4191131591796917,0.0167342871427536,0.0167342871427536
1.190971851348877,0.23359470069408417,0.5172544121742249,0.5230620503425598,89.69320678710938,10,0.25,0.6672544121742249,0.30679321289062816,0.016405299305915833,0.016405299305915833
1.2409892082214355,0.23340719938278198,0.5299954414367676,0.5227338671684265,89.79418182373047,11,0.25,0.6799954414367676,0.20581817626953663,0.016592800617218018,0.016592800617218018
1.304854154586792,0.2329244762659073,0.5532483458518982,0.522182822227478,90.07752990722656,12,0.25,0.7032483458518981,-0.0775299072265779,0.017075523734092712,0.017075523734092712
1.3548610210418701,0.23261678218841553,0.5683611035346985,0.521803617477417,90.21821594238283,12,0.25,0.7183611035346985,-0.21821594238280753,0.017383217811584473,0.017383217811584473
1.405273199081421,0.2320108860731125,0.58254474401474,0.5213905572891235,90.36799621582031,13,0.25,0.73254474401474,-0.36799621582032094,0.017989113926887512,0.017989113926887512
1.4548664093017578,0.23179420828819275,0.5953671336174011,0.5210584998130798,90.48802185058594,13,0.25,0.7453671336174009,-0.4880218505859231,0.01820579171180725,0.01820579171180725
1.5196764469146729,0.23151446878910065,0.608049750328064,0.5207107663154602,90.56270599365234,14,0.25,0.7580497503280638,-0.5627059936523542,0.018485531210899353,0.018485531210899353
1.5697121620178223,0.23063938319683075,0.6263086199760437,0.5201979279518127,90.58517456054688,15,0.25,0.7763086199760438,-0.5851745605468757,0.01936061680316925,0.01936061680316925
1.6197071075439453,0.23030531406402588,0.6408734321594238,0.519728422164917,90.58744049072266,15,0.25,0.790873432159424,-0.5874404907226608,0.01969468593597412,0.01969468593597412
1.6697049140930176,0.22959868609905243,0.6549165844917297,0.5194271802902222,90.5799560546875,16,0.25,0.8049165844917298,-0.5799560546875193,0.02040131390094757,0.02040131390094757
1.733445644378662,0.22921903431415558,0.6668121218681335,0.5192133188247681,90.56114959716797,16,0.25,0.8168121218681336,-0.561149597167975,0.02078096568584442,0.02078096568584442
1.7835063934326172,0.2286834418773651,0.6806492805480957,0.518986165523529,90.47959899902344,17,0.25,0.8306492805480957,-0.47959899902343006,0.021316558122634888,0.021316558122634888
1.8334879875183105,0.22851668298244476,0.6949719190597534,0.5187838077545166,90.34194946289062,17,0.25,0.8449719190597532,-0.3419494628906268,0.021483317017555237,0.021483317017555237
1.8834936618804932,0.2280210703611374,0.7093345522880554,0.5184261202812195,90.25755310058594,18,0.25,0.8593345522880552,-0.25755310058593506,0.02197892963886261,0.02197892963886261
1.9516723155975342,0.22781597077846527,0.7353809475898743,0.5179502964019775,90.01270294189453,19,0.25,0.8853809475898743,-0.012702941894548687,0.02218402922153473,0.02218402922153473
2.0017223358154297,0.2273637354373932,0.7504532933235168,0.5176138877868652,89.86219787597658,20,0.25,0.9004532933235171,0.13780212402341674,0.02263626456260681,0.02263626456260681
2.0517122745513916,0.2274627387523651,0.764587938785553,0.5173190832138062,89.77648162841797,20,0.25,0.914587938785553,0.22351837158201904,0.022537261247634888,0.022537261247634888
2.101733684539795,0.22727981209754944,0.7787068486213684,0.5169706344604492,89.66798400878906,21,0.25,0.9287068486213684,0.3320159912109436,0.02272018790245056,0.02272018790245056
2.16644024848938,0.2273968607187271,0.7924153208732605,0.5167336463928223,89.60682678222656,21,0.25,0.9424153208732603,0.39317321777342185,0.022603139281272888,0.022603139281272888
2.216494560241699,0.22727859020233154,0.8063491582870483,0.5165437459945679,89.55339050292969,22,0.25,0.9563491582870481,0.4466094970703154,0.022721409797668457,0.022721409797668457
2.2664878368377686,0.22751809656620026,0.8199471831321716,0.5164301991462708,89.50055694580078,22,0.25,0.9699471831321717,0.4994430541992273,0.022481903433799744,0.022481903433799744
2.3165111541748047,0.2277032434940338,0.8336527943611145,0.5163476467132568,89.50230407714844,23,0.25,0.9836527943611144,0.4976959228515685,0.022296756505966187,0.022296756505966187
2.38384747505188,0.22744107246398926,0.847689688205719,0.5161988735198975,89.46102905273438,23,0.25,0.9976896882057188,0.5389709472656343,0.022558927536010742,0.022558927536010742
2.433908700942993,0.2274014949798584,0.8588734865188599,0.5160784721374512,89.43614196777345,24,0.25,1.0088734865188596,0.5638580322265544,0.0225985050201416,0.0225985050201416
2.4838976860046387,0.2271888703107834,0.8748418688774109,0.5159510374069214,89.4404296875,24,0.25,1.0248418688774104,0.5595703125000012,0.022811129689216614,0.022811129689216614
2.5339417457580566,0.22729404270648956,0.8886463046073914,0.5157544016838074,89.417724609375,25,0.25,1.0386463046073908,0.5822753906250167,0.022705957293510437,0.022705957293510437
2.5912768840789795,0.22747468948364258,0.9023131728172302,0.5155515670776367,89.43389892578125,26,0.25,1.0523131728172297,0.566101074218745,0.022525310516357422,0.022525310516357422
2.6413357257843018,0.22712045907974243,0.9162625670433044,0.5152958035469055,89.41461944580078,26,0.25,1.0662625670433041,0.5853805541992013,0.02287954092025757,0.02287954092025757
2.6914286613464355,0.22695598006248474,0.9284518361091614,0.5149356126785278,89.42489624023438,27,0.25,1.078451836109161,0.5751037597656251,0.02304401993751526,0.02304401993751526
2.7413747310638428,0.226834237575531,0.941510021686554,0.5148091316223145,89.45781707763672,27,0.25,1.0915100216865543,0.5421829223632941,0.023165762424468994,0.023165762424468994
2.8015027046203613,0.22648261487483978,0.9715862274169922,0.5142826437950134,89.60077667236328,28,0.25,1.1215862274169919,0.39922332763670537,0.023517385125160217,0.023517385125160217
2.8514859676361084,0.22669783234596252,0.9862358570098877,0.5140655636787415,89.61900329589844,29,0.25,1.1362358570098874,0.3809967041015735,0.023302167654037476,0.023302167654037476
2.9014978408813477,0.22648298740386963,1.0007965564727783,0.513732373714447,89.66611480712892,30,0.25,1.1507965564727782,0.33388519287107277,0.02351701259613037,0.02351701259613037
2.9515504837036133,0.2266596406698227,1.0148816108703613,0.5134340524673462,89.73670196533203,30,0.25,1.1648816108703612,0.26329803466796625,0.023340359330177307,0.023340359330177307
3.0159196853637695,0.22693754732608795,1.0290402173995972,0.5130906105041504,89.78993225097656,31,0.25,1.1790402173995973,0.21006774902344924,0.02306245267391205,0.02306245267391205
3.0659923553466797,0.22683441638946533,1.0432277917861938,0.5128798484802246,89.83671569824219,31,0.25,1.1932277917861944,0.1632843017577954,0.023165583610534668,0.023165583610534668
3.115966320037842,0.22708867490291595,1.057065486907959,0.5127440690994263,89.92265319824219,32,0.25,1.2070654869079598,0.07734680175782142,0.022911325097084045,0.022911325097084045
3.1659908294677734,0.22695857286453247,1.0709502696990967,0.5124824643135071,89.98181915283203,32,0.25,1.2209502696990977,0.018180847167968202,0.02304142713546753,0.02304142713546753
3.2222630977630615,0.22730174660682678,1.0846954584121704,0.5122117400169373,90.05673217773439,33,0.25,1.2346954584121708,-0.05673217773438307,0.022698253393173218,0.022698253393173218
3.2722790241241455,0.22709281742572784,1.097714900970459,0.5119754076004028,90.10771942138672,33,0.25,1.2477149009704587,-0.1077194213867095,0.022907182574272156,0.022907182574272156
3.3222475051879883,0.22732605040073395,1.111748218536377,0.511639416217804,90.13357543945312,34,0.25,1.2617482185363769,-0.13357543945312414,0.022673949599266052,0.022673949599266052
3.372257709503174,0.22740742564201355,1.1256763935089111,0.5112605690956116,90.15601348876953,35,0.25,1.2756763935089115,-0.156013488769528,0.02259257435798645,0.02259257435798645
3.4275851249694824,0.22774633765220642,1.1376283168792725,0.5110031366348267,90.21734619140625,35,0.25,1.2876283168792728,-0.21734619140626513,0.02225366234779358,0.02225366234779358
3.4776346683502197,0.22799092531204224,1.1513599157333374,0.5107336640357971,90.25434112548828,36,0.25,1.301359915733338,-0.2543411254882753,0.022009074687957764,0.022009074687957764
3.5276529788970947,0.22811633348464966,1.166182518005371,0.5105215907096863,90.3051528930664,36,0.25,1.3161825180053714,-0.3051528930664192,0.021883666515350342,0.021883666515350342
3.577634572982788,0.22846674919128418,1.1797964572906494,0.5103145241737366,90.32352447509766,37,0.25,1.3297964572906495,-0.32352447509764143,0.02153325080871582,0.02153325080871582
3.635702133178711,0.2283712923526764,1.193052053451538,0.5101655125617981,90.30650329589844,37,0.25,1.3430520534515378,-0.3065032958984219,0.02162870764732361,0.02162870764732361
3.685760498046875,0.2285732477903366,1.2058987617492676,0.5100482702255249,90.26296997070312,38,0.25,1.355898761749267,-0.2629699707031448,0.02142675220966339,0.02142675220966339
3.735747814178467,0.22840683162212372,1.2209641933441162,0.5099330544471741,90.23600006103516,38,0.25,1.3709641933441157,-0.23600006103514518,0.021593168377876282,0.021593168377876282
3.785759925842285,0.2284657061100006,1.23513662815094,0.5098675489425659,90.21819305419922,39,0.25,1.3851366281509396,-0.21819305419923843,0.02153429388999939,0.02153429388999939
3.8438074588775635,0.22860370576381683,1.2490053176879883,0.5097967386245728,90.14196014404298,39,0.25,1.3990053176879882,-0.14196014404297655,0.021396294236183167,0.021396294236183167
3.894578456878662,0.22826139628887177,1.2630271911621094,0.509765625,90.04631805419923,40,0.25,1.4130271911621093,-0.046318054199239574,0.021738603711128235,0.021738603711128235
3.94387149810791,0.2282027304172516,1.2760769128799438,0.5097312927246094,89.98136138916016,41,0.25,1.4260769128799438,0.018638610839833973,0.021797269582748413,0.021797269582748413
3.9938931465148926,0.22792276740074158,1.2884588241577148,0.5098972916603088,89.95060729980469,41,0.25,1.4384588241577148,0.04939270019530653,0.022077232599258423,0.022077232599258423
4.0508997440338135,0.2277531921863556,1.317406415939331,0.5100914239883423,89.83204650878906,42,0.25,1.467406415939331,0.16795349121093314,0.02224680781364441,0.02224680781364441
4.100996971130371,0.22793865203857422,1.3315703868865967,0.5102407336235046,89.77318572998047,43,0.25,1.4815703868865966,0.22681427001953403,0.02206134796142578,0.02206134796142578
4.150953054428101,0.22785170376300812,1.3454363346099854,0.5103623867034912,89.74002838134766,43,0.25,1.4954363346099853,0.2599716186523337,0.022148296236991882,0.022148296236991882
4.200944662094116,0.22812165319919586,1.3588744401931763,0.5103431344032288,89.75897216796875,44,0.25,1.5088744401931762,0.2410278320312474,0.021878346800804138,0.021878346800804138
4.264792203903198,0.22840094566345215,1.3721612691879272,0.5101668834686279,89.71944427490234,44,0.25,1.5221612691879272,0.2805557250976545,0.02159905433654785,0.02159905433654785
4.314833641052246,0.2285318672657013,1.385565161705017,0.5100959539413452,89.76617431640625,45,0.25,1.535565161705017,0.23382568359373823,0.021468132734298706,0.021468132734298706
4.364878416061401,0.22892986238002777,1.3986502885818481,0.509914755821228,89.78034210205078,45,0.25,1.548650288581848,0.21965789794921398,0.02107013761997223,0.02107013761997223
4.414841651916504,0.2290136218070984,1.4119638204574585,0.5098372101783752,89.79835510253906,46,0.25,1.5619638204574584,0.20164489746093076,0.02098637819290161,0.02098637819290161
4.473883628845215,0.22944647073745728,1.425036907196045,0.5096980929374695,89.81261444091797,47,0.25,1.5750369071960448,0.18738555908202825,0.020553529262542725,0.020553529262542725
4.5239176750183105,0.229385644197464,1.4374531507492065,0.5096532702445984,89.8331298828125,47,0.25,1.5874531507492065,0.16687011718749117,0.02061435580253601,0.02061435580253601
4.5739898681640625,0.2297646403312683,1.4508287906646729,0.5095254182815552,89.81700897216797,48,0.25,1.6008287906646728,0.18299102783202525,0.02023535966873169,0.02023535966873169
4.623960256576538,0.22971075773239136,1.464307427406311,0.509408175945282,89.86419677734375,48,0.25,1.614307427406311,0.13580322265624326,0.020289242267608643,0.020289242267608643
4.682830333709717,0.22991730272769928,1.477217674255371,0.5093142986297607,89.83865356445312,49,0.25,1.627217674255371,0.1613464355468571,0.02008269727230072,0.02008269727230072
4.732990980148315,0.22964511811733246,1.488867998123169,0.509250819683075,89.83094024658203,49,0.25,1.6388679981231689,0.16905975341796964,0.02035488188266754,0.02035488188266754
4.78297758102417,0.22969046235084534,1.503260612487793,0.5090993642807007,89.78287506103516,50,0.25,1.6532606124877929,0.21712493896484256,0.020309537649154663,0.020309537649154663
4.832880973815918,0.22926738858222961,1.5170971155166626,0.5088638663291931,89.7867660522461,50,0.25,1.6670971155166625,0.21323394775391988,0.020732611417770386,0.020732611417770386
4.896420240402222,0.22950319945812225,1.5420204401016235,0.5086230039596558,89.70589447021484,51,0.25,1.6920204401016234,0.294105529785151,0.020496800541877747,0.020496800541877747
4.946459531784058,0.22930756211280823,1.5571318864822388,0.5084110498428345,89.68038177490234,52,0.25,1.7071318864822387,0.3196182250976727,0.020692437887191772,0.020692437887191772
4.9964964389801025,0.22952468693256378,1.571223497390747,0.5081110000610352,89.61669921875,52,0.25,1.721223497390747,0.38330078124999933,0.020475313067436218,0.020475313067436218
5.046534538269043,0.22963082790374756,1.5852874517440796,0.5078351497650146,89.59324645996094,53,0.25,1.7352874517440795,0.40675354003906145,0.02036917209625244,0.02036917209625244
5.1138105392456055,0.2300276756286621,1.5988715887069702,0.5074314475059509,89.53290557861328,53,0.25,1.7488715887069701,0.46709442138673485,0.01997232437133789,0.01997232437133789
5.163885831832886,0.2301672399044037,1.6113969087600708,0.5071958899497986,89.57586669921875,54,0.25,1.7613969087600707,0.42413330078124545,0.019832760095596313,0.019832760095596313
5.213879585266113,0.23073817789554596,1.6260443925857544,0.5069305896759033,89.56539154052734,55,0.25,1.7760443925857543,0.4346084594726496,0.01926182210445404,0.01926182210445404
5.263865232467651,0.23123857378959656,1.640369176864624,0.5068023800849915,89.5849838256836,55,0.25,1.790369176864624,0.41501617431639254,0.018761426210403442,0.018761426210403442
5.328808784484863,0.23208105564117432,1.6562395095825195,0.5066233277320862,89.65509033203125,56,0.25,1.8062395095825194,0.3449096679687464,0.017918944358825684,0.017918944358825684
5.378868818283081,0.2324921190738678,1.6672273874282837,0.5064861178398132,89.71533203125,56,0.25,1.8172273874282836,0.28466796874999967,0.017507880926132202,0.017507880926132202
5.428883790969849,0.2328968048095703,1.68154776096344,0.5064581036567688,89.72637176513672,57,0.25,1.8315477609634399,0.27362823486328003,0.017103195190429688,0.017103195190429688
5.478831768035889,0.23362934589385986,1.695335030555725,0.5063452124595642,89.78113555908203,57,0.25,1.845335030555725,0.21886444091797827,0.016370654106140137,0.016370654106140137
5.54219388961792,0.23379673063755035,1.707916021347046,0.5062288641929626,89.86862182617188,58,0.25,1.8579160213470458,0.13137817382812264,0.016203269362449646,0.016203269362449646
5.5922465324401855,0.23453614115715027,1.7244845628738403,0.5059528350830078,89.90924072265625,58,0.25,1.8744845628738402,0.09075927734375061,0.015463858842849731,0.015463858842849731
5.642258644104004,0.23474140465259552,1.739969253540039,0.5057676434516907,89.96300506591797,59,0.25,1.889969253540039,0.03699493408203562,0.01525859534740448,0.01525859534740448
5.692277193069458,0.2353169471025467,1.7541413307189941,0.5056585669517517,90.0665283203125,60,0.25,1.904141330718994,-0.06652832031249886,0.014683052897453308,0.014683052897453308
5.760507583618164,0.23541311919689178,1.78009033203125,0.5055683851242065,90.18546295166016,61,0.25,1.93009033203125,-0.18546295166016147,0.014586880803108215,0.014586880803108215
5.810549974441528,0.2353469282388687,1.79519784450531,0.5055238604545593,90.22513580322266,61,0.25,1.94519784450531,-0.22513580322265894,0.014653071761131287,0.014653071761131287
5.860539436340332,0.23506592214107513,1.8102352619171143,0.5055502653121948,90.23517608642578,62,0.25,1.9602352619171142,-0.23517608642579188,0.014934077858924866,0.014934077858924866
5.9104955196380615,0.23489876091480255,1.8251988887786865,0.5054879784584045,90.30156707763672,63,0.25,1.9751988887786864,-0.30156707763672336,0.015101239085197449,0.015101239085197449
5.980692625045776,0.2346341758966446,1.8389458656311035,0.5054737329483032,90.33226776123047,63,0.25,1.9889458656311034,-0.3322677612304583,0.015365824103355408,0.015365824103355408
6.0307698249816895,0.23415035009384155,1.851768136024475,0.5053637623786926,90.34927368164062,64,0.2501156416289053,2.001764350309522,-0.39344663621232084,0.015849645195763862,0.015849645195763862
6.080740451812744,0.2335730344057083,1.866168737411499,0.5052459836006165,90.35216522216797,64,0.2510574860224125,2.016134118903566,-0.7561816768469636,0.016426557201193306,0.016426557201193306
6.130731821060181,0.23337458074092865,1.8804783821105957,0.5050774812698364,90.37130737304688,65,0.2524849864889239,2.030348404538729,-1.3212384520467704,0.016623134335957038,0.016623134335957038
6.191796064376831,0.2332230508327484,1.8949997425079346,0.5047925114631653,90.41035461425781,65,0.2547378092881395,2.044667119801067,-2.223480910408444,0.016768549586707097,0.016768549586707097
6.241945028305054,0.2327895313501358,1.9101403951644897,0.5045193433761597,90.45597076416016,66,0.25798366698639164,2.0594113631708377,-3.517483692100588,0.017185905373297866,0.017185905373297866
6.29187273979187,0.23272141814231873,1.9246922731399536,0.5042918920516968,90.46253967285156,66,0.2615283964574154,2.0734945126432147,-4.892658708903352,0.017226958381037313,0.017226958381037313
6.341870069503784,0.23231986165046692,1.9395586252212524,0.50404292345047,90.47117614746094,67,0.2664164571010756,2.0875230787781742,-6.802173189384705,0.017572315030249086,0.017572315030249086
6.407468795776367,0.23204486072063446,1.9685672521591187,0.5034890174865723,90.47116851806642,68,0.27808047498736504,2.114023168865036,-11.397784066811743,0.017629626365830518,0.017629626365830518
6.457516431808472,0.23238322138786316,1.9850860834121704,0.5032395124435425,90.39093780517578,69,0.28626377272272097,2.1283320035083406,-14.597321576097762,0.01707802250466212,0.01707802250466212
6.507545709609985,0.23245397210121155,1.9994864463806152,0.5030739307403564,90.20928192138672,69,0.29388531683930663,2.1405242077802984,-17.493336782917343,0.016753711050011052,0.016753711050011052
6.557522773742676,0.2331559807062149,2.0125460624694824,0.5029816627502441,89.87272644042969,70,0.30104503687523143,2.150034420722116,-19.81321437786656,0.016929359942447354,0.016929359942447354
6.615145444869995,0.23405273258686066,2.024946689605713,0.5032273530960083,89.31463623046876,70,0.3085453842674649,2.159916757889647,-22.031220155586063,0.016592182142962927,0.016592182142962927
6.665252208709717,0.234953373670578,2.034090280532837,0.5034347176551819,88.51321411132812,71,0.31358340741251406,2.165590842657487,-22.925281256183798,0.0172515588326349,0.0172515588326349
6.715243816375732,0.23626109957695007,2.0435380935668945,0.5036012530326843,87.52104187011719,71,0.320016578806758,2.1726397044554897,-24.066238386713405,0.017230175613776967,0.017230175613776967
6.765249490737915,0.23760659992694855,2.0527350902557373,0.503913402557373,86.386962890625,71,0.32607323793241677,2.1792760196596173,-24.93814297610173,0.01722883229336783,0.01722883229336783
6.818548202514648,0.23920677602291107,2.0603747367858887,0.5040428638458252,85.00859069824219,72,0.3309481895719524,2.1835512375057182,-25.055683724782227,0.01773675752881909,0.01773675752881909
6.868689775466919,0.24105171859264374,2.0681893825531006,0.5041528940200806,83.4781723022461,72,0.33699666565207514,2.188855608664961,-25.383341350061674,0.017676067863684,0.017676067863684
6.918614864349365,0.2435796707868576,2.0758614540100098,0.5043708682060242,81.71397399902344,72,0.3430665763690911,2.1941787774962513,-25.482420620974494,0.016937286928468083,0.016937286928468083
6.968632459640503,0.24560391902923584,2.081663131713867,0.504387378692627,79.83598327636719,73,0.34661893733225757,2.1969812448022346,-24.665032471241965,0.01705754941038894,0.01705754941038894
7.022692441940308,0.24826055765151978,2.087432861328125,0.5044629573822021,77.87586212158203,73,0.35180124592277845,2.2005993439439124,-24.211703177430437,0.01635492024476614,0.01635492024476614
7.072755575180054,0.25155186653137207,2.0946414470672607,0.5044918060302734,75.73682403564453,73,0.35826837155848373,2.2051144555593165,-23.954549627610415,0.015499189504530018,0.015499189504530018
7.1226959228515625,0.25467902421951294,2.100179672241211,0.5045788884162903,73.5789566040039,73,0.3633991961107605,2.208696610420308,-23.288420578477034,0.014306861697020626,0.014306861697020626
7.172767162322998,0.25703462958335876,2.1055264472961426,0.5046418309211731,71.71843719482422,74,0.36676423724536245,2.21086565677259,-22.363735187846096,0.01464280747725889,0.01464280747725889
7.228062152862549,0.25981226563453674,2.1101012229919434,0.5046593546867371,69.33345794677734,74,0.37138395185375495,2.2135042632782604,-21.187492236493387,0.014109694629869109,0.014109694629869109
7.2782487869262695,0.2629960775375366,2.11567759513855,0.504641592502594,67.0459976196289,74,0.37693770386546177,2.2166763566717242,-20.354952930907487,0.013633104716450824,0.013633104716450824
7.3281474113464355,0.26574262976646423,2.1216864585876465,0.5050075054168701,64.74884796142578,74,0.3826599841203943,2.219944707032698,-19.55705500001467,0.01370322231913179,0.01370322231913179
7.378166437149048,0.2687814235687256,2.12735915184021,0.5056235790252686,62.5071029663086,74,0.3870068686516661,2.222427483302638,-18.453079853660327,0.013882308852405625,0.013882308852405625
7.434506177902222,0.27144068479537964,2.134080648422241,0.5065366625785828,60.31230163574219,75,0.39345444302407134,2.225372103841285,-17.841412449954696,0.015047135251905788,0.015047135251905788
7.484609842300415,0.2748521566390991,2.141386032104492,0.5078431963920593,57.57371139526367,75,0.4007342949374563,2.228696827252651,-16.892393813798034,0.01584454538458464,0.01584454538458464
7.53459906578064,0.2781520485877991,2.149416923522949,0.5091391205787659,55.39558029174805,75,0.4085199575788029,2.2322525554686456,-16.626815839294245,0.01704838759103562,0.01704838759103562
7.584550857543945,0.2814081907272339,2.156315803527832,0.5099842548370361,53.24825668334961,76,0.41400739102158424,2.234255206007522,-15.801716185826121,0.01874536105303625,0.01874536105303625
7.641962766647339,0.28400447964668274,2.161649703979492,0.5104712247848511,51.59022903442383,76,0.4195287362998787,2.236129450176894,-15.468678973674903,0.019729206728477833,0.019729206728477833
7.692044973373413,0.28653350472450256,2.167459011077881,0.5104950666427612,49.46860122680664,76,0.42537084946520404,2.238112580371626,-14.74915828554697,0.02100222831782489,0.02100222831782489
7.742014169692993,0.29032397270202637,2.1734859943389893,0.5101354718208313,47.396026611328125,76,0.43210118857923907,2.2403972226474798,-14.289897141565472,0.021388642140877115,0.021388642140877115
7.792016267776489,0.29426828026771545,2.1797566413879395,0.5094572305679321,45.52912139892578,77,0.4371928047180672,2.2416324141201365,-13.656360000076154,0.022922786484608708,0.022922786484608708
7.858831405639648,0.3024751543998718,2.1898629665374756,0.5080138444900513,42.06406021118164,77,0.44991878114352574,2.2443033811183706,-13.291521565146143,0.023250509765475137,0.023250509765475137
7.908915281295776,0.3070240020751953,2.1941051483154297,0.5071568489074707,40.47158432006836,77,0.4559892463733391,2.2455774689958496,-13.176941200750159,0.022569068210238942,0.022569068210238942
7.9596107006073,0.31193336844444275,2.1990694999694824,0.5061846375465393,38.96049499511719,78,0.46023654647375223,2.246245724788256,-12.67242052741673,0.02338399661307556,0.02338399661307556
8.008896350860596,0.31699642539024353,2.2028911113739014,0.5054974555969238,37.47054672241211,78,0.4665073886020354,2.2469783884258825,-12.640808941603536,0.022771285712998014,0.022771285712998014
8.08091926574707,0.32173630595207214,2.207040309906006,0.5047559142112732,36.10634994506836,78,0.472751483908297,2.2477079270567684,-12.730097330332764,0.022588326121819366,0.022588326121819366
8.13102674484253,0.3269287645816803,2.210468292236328,0.5042721629142761,34.765743255615234,78,0.47886150181022463,2.2484218005446364,-12.8112887533389,0.021601836385034736,0.021601836385034736
8.181087732315063,0.33208346366882324,2.2135891914367676,0.5036671757698059,33.44966125488281,78,0.4826185195543189,2.248860757582735,-12.368465460558063,0.021235146384929095,0.021235146384929095
8.231079578399658,0.33761098980903625,2.2175283432006836,0.5032391548156738,32.27189636230469,79,0.48912212172634345,2.2490284951451645,-12.643833435047993,0.021224775967313866,0.021224775967313866
8.300634145736694,0.3485810458660126,2.2245402336120605,0.5028995871543884,29.87003517150879,79,0.5021176885608025,2.2493636701213617,-13.149532978940918,0.02039909767101624,0.02039909767101624
8.350683212280273,0.35388827323913574,2.2276434898376465,0.5026373863220215,28.647838592529297,79,0.507564992635284,2.249504164186512,-13.144785578638782,0.0200109075336161,0.0200109075336161
8.400673866271973,0.35927915573120117,2.2313692569732666,0.502250075340271,27.491596221923828,80,0.5128693229427457,2.249156500010245,-13.176014046911817,0.020742171612327415,0.020742171612327415
8.450659275054932,0.36417776346206665,2.2341690063476562,0.5017884969711304,26.36751365661621,80,0.5185115088940012,2.248786691605152,-13.316071286549603,0.02061246323991971,0.02061246323991971
8.521785497665405,0.36847740411758423,2.236750602722168,0.5015890598297119,25.178598403930668,80,0.5235253967688539,2.248458064031667,-13.250446003816663,0.020591418544498488,0.020591418544498488
8.571821928024292,0.37329375743865967,2.2401843070983887,0.501426100730896,24.031023025512695,80,0.5294105742969658,2.2480723291171922,-13.420055913054956,0.020994133724048777,0.020994133724048777
8.621834754943848,0.3783610165119171,2.242948293685913,0.5012721419334412,22.908449172973633,81,0.5331602348637423,2.247740461463487,-13.147704391288835,0.021520983122878416,0.021520983122878416
8.671810865402222,0.38381078839302063,2.2461352348327637,0.5010634064674377,21.712312698364258,81,0.5393305410929532,2.2465171411053038,-13.448647488242392,0.02197470352356312,0.02197470352356312
8.739575862884521,0.38842347264289856,2.2482874393463135,0.5010796785354614,20.54179573059082,81,0.544330583983573,2.2455258362927606,-13.492839894025682,0.021873240659691994,0.021873240659691994
8.789492130279541,0.39434364438056946,2.250542163848877,0.5013236403465271,19.317375183105472,81,0.5505407920713302,2.2442946050215573,-13.777319685436167,0.021297900410209663,0.021297900410209663
8.839484214782715,0.40026959776878357,2.2530510425567627,0.5013937950134277,18.00281524658203,81,0.5568598852077936,2.2430417862809744,-13.996317226624914,0.020925697117667303,0.020925697117667303
8.88951325416565,0.40587756037712097,2.2546145915985107,0.5014483332633972,16.788423538208008,82,0.560270218462229,2.2420543976665956,-13.614899941393272,0.021088128230221843,0.021088128230221843
8.958901166915894,0.41778460144996643,2.2578229904174805,0.5016486048698425,14.222193717956543,82,0.5720539147501789,2.2385851153540686,-13.932738655435259,0.02001698616576506,0.02001698616576506
9.008992671966553,0.4237167239189148,2.2594969272613525,0.5015868544578552,12.958931922912598,82,0.5779478252913732,2.2368498669996884,-14.111567901259685,0.019539974757666615,0.019539974757666615
9.058950424194336,0.42955201864242554,2.2604970932006836,0.5015371441841125,11.71288013458252,83,0.5812370261822418,2.235854541956159,-13.66810439285967,0.01945294263134382,0.01945294263134382
9.108969449996948,0.43540310859680176,2.261937379837036,0.5015490651130676,10.44068431854248,83,0.5868288781825931,2.2336415038230224,-13.739289345474978,0.019535999461385685,0.019535999461385685
9.178079605102539,0.44100114703178406,2.262648344039917,0.5015521049499512,9.119096755981445,83,0.592051667263831,2.231574526478597,-13.674141769834561,0.01897971965618336,0.01897971965618336
9.228175163269043,0.44630709290504456,2.2634270191192627,0.5015005469322205,7.869885444641114,83,0.5970219333286749,2.2296074879495653,-13.62103783681205,0.01854645686345025,0.01854645686345025
9.278167486190796,0.4525294005870819,2.2645280361175537,0.5014622807502747,6.609557628631592,83,0.6028864184797038,2.227286552189888,-13.771093063788191,0.018206365620826868,0.018206365620826868
9.328116655349731,0.4583325982093811,2.2648067474365234,0.5015751123428345,5.2908806800842285,84,0.6065641629680781,2.2255701743694125,-13.359240520900947,0.018043216254280355,0.018043216254280355
9.396953821182251,0.47023171186447144,2.2657594680786133,0.5018371939659119,2.8190245628356934,84,0.6172295176762099,2.2201870895936677,-13.5562620685765,0.017388039110146917,0.017388039110146917
9.447000503540039,0.4764901101589203,2.266066789627075,0.5018677115440369,1.5856807231903076,84,0.6228189106488878,2.2173659760873403,-13.720912000173994,0.016851346920903846,0.016851346920903846
9.497021198272705,0.48231884837150574,2.2659006118774414,0.5017707347869873,0.35177671909332275,85,0.626592251822453,2.215442442292158,-13.433143965450112,0.016494704421928113,0.016494704421928113
9.54703950881958,0.4884129464626312,2.2658612728118896,0.5017640590667725,-0.9324299693107605,85,0.6316659609716903,2.2120522982236217,-13.580235335211567,0.016193705258648636,0.016193705258648636
9.612246751785278,0.49347057938575745,2.2653331756591797,0.5017093420028687,-2.1346683502197266,85,0.6358661089800903,2.2092458490483096,-13.564320878915833,0.015465198657563737,0.015465198657563737
9.662314891815186,0.4998103678226471,2.264854907989502,0.501529335975647,-3.3310306072235107,85,0.641134977743015,2.205725303494923,-13.856350782739593,0.014727990264382465,0.014727990264382465
9.712307691574097,0.5058677196502686,2.2643349170684814,0.5016030073165894,-4.593906879425049,85,0.6461677655371437,2.2023625022017055,-14.013675702785104,0.013965277662845192,0.013965277662845192
9.762286901473999,0.511461615562439,2.263385057449341,0.5016192197799683,-5.87714147567749,86,0.6495596362805781,2.199739168078592,-13.747382176703134,0.013568063494389273,0.013568063494389273
9.829938411712646,0.5171787738800049,2.262280225753784,0.5018031001091003,-7.119898319244385,86,0.654012205663394,2.196072137589127,-13.879363702630128,0.012775809787929039,0.012775809787929039
9.879990577697754,0.5229663848876953,2.2616000175476074,0.501903772354126,-8.366129875183105,86,0.6584975537554654,2.192378111332519,-14.018861224834701,0.0123916590146994,0.0123916590146994
9.929996013641357,0.5284261107444763,2.260478973388672,0.5019760131835938,-9.683895111083984,86,0.6627529575552117,2.188873461738763,-14.015123857864115,0.011576709878762994,0.011576709878762994
9.98001503944397,0.5342499017715454,2.259587049484253,0.5018970370292664,-10.96255111694336,86,0.6665304997968247,2.1857623675851943,-13.901263961014223,0.011362770252675345,0.011362770252675345
10.05179214477539,0.544593095779419,2.2572028636932373,0.5014181137084961,-13.47050476074219,87,0.6736538590208265,2.178722789178313,-13.631537805582047,0.011065623475115574,0.011065623475115574
10.101867437362671,0.5494269132614136,2.2556867599487305,0.5015393495559692,-14.790533065795897,87,0.6772286544818039,2.1751900383868996,-13.43636371815917,0.010478496304540615,0.010478496304540615
10.151854038238525,0.5543469786643982,2.254408121109009,0.5014645457267761,-16.00653648376465,87,0.6808307206464791,2.1716303376339785,-13.353722747626215,0.010130419083269292,0.010130419083269292
10.201813459396362,0.5589089393615723,2.252889394760132,0.5011271834373474,-17.267147064208984,87,0.684216599420569,2.16828428160102,-13.157596434907934,0.009497994992659149,0.009497994992659149
10.270175218582153,0.5634414553642273,2.2511186599731445,0.5011619329452515,-18.535905838012695,88,0.6867633109991531,2.1652768515950673,-12.768601220307872,0.009268433135719758,0.009268433135719758
10.320279359817505,0.5676233768463135,2.249629497528076,0.5010892152786255,-19.755952835083008,88,0.68962343489031,2.161886452620319,-12.539626772961585,0.008986402475714915,0.008986402475714915
10.370257377624512,0.5726744532585144,2.2480225563049316,0.5010506510734558,-21.036752700805664,88,0.6930430546589915,2.157832825645063,-12.444317483488698,0.008821662828271697,0.008821662828271697
10.420254230499268,0.5769872665405273,2.246026039123535,0.5009820461273193,-22.284408569335938,88,0.6960766696411668,2.1542367698388274,-12.248060487105095,0.00810787854282493,0.00810787854282493
10.48966121673584,0.5818352103233337,2.2441060543060303,0.5010445713996887,-23.561697006225586,88,0.6994275970041839,2.1502645710361263,-12.130960795052326,0.007606373405939126,0.007606373405939126
10.539644002914429,0.5861977338790894,2.241485357284546,0.501075029373169,-24.87742042541504,89,0.7019508613536164,2.146783829602543,-11.797448839094306,0.00681792861745499,0.00681792861745499
10.589596271514893,0.5909953713417053,2.239098310470581,0.5010656118392944,-26.142969131469727,89,0.7049232620526685,2.1423353175873907,-11.76815322846276,0.006340930513947754,0.006340930513947754
10.639680862426758,0.5962280035018921,2.2367441654205322,0.5010548233985901,-27.385120391845703,89,0.7081140884509584,2.137559908412045,-11.853924062375787,0.006045203262174384,0.006045203262174384
10.699735641479492,0.6057801842689514,2.2314703464508057,0.5010533332824707,-29.85158920288086,89,0.7141389555383716,2.1285430576097286,-11.892194217977709,0.004651751384434468,0.004651751384434468
10.74978494644165,0.6113001704216003,2.228828191757202,0.5010758638381958,-31.07476043701172,90,0.7167743039436503,2.1235260536598846,-12.017693264254302,0.004839559245602129,0.004839559245602129
10.799795389175415,0.6171219348907471,2.2257914543151855,0.5012229084968567,-32.2806282043457,90,0.7197998317312562,2.1177035091419816,-12.377172724797326,0.0047155137171710285,0.0047155137171710285
10.849865674972534,0.6223322153091431,2.2228174209594727,0.5014114379882812,-33.42462921142578,90,0.7225607842388434,2.1123901324302894,-12.661766515162444,0.004386071286231348,0.004386071286231348
10.923763036727905,0.6273746490478516,2.219835042953491,0.5014826655387878,-34.59952926635742,90,0.7252544197365116,2.1072063054416805,-12.879001642894735,0.003982228375865826,0.003982228375865826
10.97390627861023,0.6324660181999207,2.2167768478393555,0.501546323299408,-35.710689544677734,91,0.7274000331019571,2.1022390971569074,-13.008642062864075,0.004224412807334478,0.004224412807334478
11.023795366287231,0.637302815914154,2.2138099670410156,0.5016950964927673,-36.86606216430664,91,0.7295441613448349,2.0970032426657212,-13.13833692819764,0.0044095226344772484,0.0044095226344772484
11.07387924194336,0.6420881748199463,2.2107605934143066,0.5019250512123108,-37.94630813598633,91,0.7316894470292936,2.0917645617597813,-13.344795031762585,0.004496957097654247,0.004496957097654247
11.140776872634888,0.646522581577301,2.2077476978302,0.5021234154701233,-39.11864471435547,91,0.7337167208371487,2.0868140599850014,-13.388078050883292,0.004426486938457215,0.004426486938457215
11.190845966339111,0.6511194705963135,2.2046754360198975,0.5022145509719849,-40.25046157836914,92,0.7355404940505755,2.082111953191165,-13.39796581537888,0.004655801596502745,0.004655801596502745
11.240838289260864,0.6551720499992371,2.201343536376953,0.5022477507591248,-41.37718200683594,92,0.7370817148851413,2.07709665060209,-13.443167177176546,0.004635027430173708,0.004635027430173708
11.290798902511597,0.6604057550430298,2.1977157592773438,0.5021966099739075,-42.573753356933594,92,0.7389460265936197,2.0710299746730643,-13.665632030460625,0.005106599825512584,0.005106599825512584
11.353034973144531,0.6677396893501282,2.1909968852996826,0.5019702315330505,-44.76252746582031,92,0.7418638695599691,2.061534991828657,-13.697017473646243,0.004547684863093303,0.004547684863093303
11.403190612792969,0.6722496151924133,2.1871893405914307,0.5018570423126221,-45.98371887207031,93,0.743166440275391,2.056233776161326,-13.708076545488524,0.0048627427477369424,0.0048627427477369424
11.453197002410889,0.6761141419410706,2.183016777038574,0.5018619894981384,-47.23090362548828,93,0.7442772425431696,2.05064939605258,-13.755808656354326,0.004590701366943589,0.004590701366943589
11.50318455696106,0.6804512143135071,2.1791064739227295,0.5021533966064453,-48.5091667175293,93,0.7454177157106882,2.0449158502578046,-13.80759201525552,0.004812932699856458,0.004812932699856458
11.566888093948364,0.6843812465667725,2.1749374866485596,0.5024863481521606,-49.75597381591797,93,0.7465371356196485,2.0392881463412165,-13.865438953717595,0.004584970743186208,0.004584970743186208
11.616981506347656,0.6888137459754944,2.1708884239196777,0.5029555559158325,-51.08639907836914,94,0.7475128373714436,2.0338362836076573,-13.8033802348896,0.005007954169913249,0.005007954169913249
11.666963815689087,0.6925243139266968,2.166337013244629,0.5029977560043335,-52.418190002441406,94,0.747962388656881,2.027979689822211,-13.870577602096704,0.00487905194215892,0.00487905194215892
11.716985940933228,0.6967619061470032,2.1622142791748047,0.5030303001403809,-53.76609802246094,94,0.7484128715379658,2.0221109595409836,-13.926238641962962,0.005395051219679101,0.005395051219679101
11.779845476150513,0.6999803185462952,2.1583170890808105,0.5030402541160583,-55.08134078979492,94,0.7487998383770496,2.0170696935978847,-13.816732903549667,0.005307289208867484,0.005307289208867484
11.829929828643799,0.7039031982421875,2.154406785964966,0.502893328666687,-56.419960021972656,94,0.7492223519313553,2.011565337728884,-13.79335554198404,0.005711093253690429,0.005711093253690429
11.879997968673706,0.7077780365943909,2.149578332901001,0.5027340650558472,-57.76260757446289,95,0.7494530005084059,2.006073680117524,-13.675667224031967,0.006174192482528875,0.006174192482528875
11.929964542388916,0.7114251255989075,2.144994020462036,0.5023513436317444,-59.103885650634766,95,0.749603247031764,2.000240668105043,-13.59362488275809,0.006601534385987898,0.006601534385987898
11.994723796844482,0.7171691060066223,2.1362111568450928,0.5014294981956482,-61.757694244384766,95,0.7498733200096248,1.9897556406388426,-13.20189096908449,0.006421386373641587,0.006421386373641587
12.044771671295166,0.7199581265449524,2.1317222118377686,0.5010069608688354,-63.05719757080078,95,0.75,1.984837550761721,-12.961157643223958,0.0063371275394274095,0.0063371275394274095
12.094774723052979,0.7221750617027283,2.127683401107788,0.5008063912391663,-64.2933578491211,96,0.75,1.9805929759066363,-12.505021126021761,0.006502685004584894,0.006502685004584894
12.144753456115723,0.7254939079284668,2.1226065158843994,0.5008098483085632,-65.5550537109375,96,0.75,1.974550702865326,-12.353217233163582,0.0070519613152251566,0.0070519613152251566
12.210978031158447,0.7281693816184998,2.1177945137023926,0.5007548332214355,-66.85736083984375,96,0.75,1.9690407432872181,-12.061885093425218,0.007165698199163927,0.007165698199163927
12.261075496673584,0.7310038805007935,2.112579822540283,0.5006008148193359,-68.13896179199219,96,0.75,1.9630996321600431,-11.868409061925725,0.007230074648403259,0.007230074648403259
12.311103343963623,0.7330017685890198,2.1080284118652344,0.5003617405891418,-69.37065887451172,97,0.75,1.9587965852552598,-11.388038893158512,0.007187939668832022,0.007187939668832022
12.361127376556396,0.7356200218200684,2.1027755737304688,0.5001544952392578,-70.55753326416016,97,0.75,1.9529308134238252,-11.073956977006825,0.007581433687651593,0.007581433687651593
12.42540979385376,0.7375783324241638,2.0977373123168945,0.5002285838127136,-71.70616149902344,97,0.75,1.947514666926237,-10.7299615781528,0.007460439237042352,0.007460439237042352
12.475677013397217,0.7402400374412537,2.0912728309631348,0.5002390146255493,-72.85318756103516,97,0.75,1.9405087280146325,-10.621435580376168,0.007436591142038159,0.007436591142038159
12.525448560714722,0.7421459555625916,2.085249900817871,0.5002971291542053,-74.01249694824219,97,0.75,1.9348375507617215,-10.30043764544232,0.007089742136955827,0.007089742136955827
12.575480937957764,0.743662416934967,2.07918643951416,0.5002095103263855,-75.09064483642578,98,0.75,1.9286042707049589,-9.932151030173006,0.006750730736370422,0.006750730736370422
12.638357162475586,0.7452688813209534,2.0728819370269775,0.5000372529029846,-76.20140075683594,98,0.75,1.9220963658406196,-9.561268098775502,0.006423055356144774,0.006423055356144774
12.688450813293457,0.7464972734451294,2.0675671100616455,0.5000970363616943,-77.24756622314453,98,0.75,1.91664710129092,-9.133453900702687,0.006030498873096078,0.006030498873096078
12.738466501235962,0.7478654980659485,2.0604751110076904,0.4999277591705322,-78.22618865966797,98,0.75,1.909837550761721,-8.925818297137324,0.005352770896693242,0.005352770896693242
12.78846287727356,0.7485814094543457,2.0540759563446045,0.4997062087059021,-79.19163513183594,99,0.75,1.903593421711452,-8.428454058968557,0.00483147089988341,0.00483147089988341
12.855066299438477,0.750085711479187,2.041051149368286,0.4998355805873871,-80.96979522705078,99,0.75,1.8905254079825495,-7.628444270287698,0.0037679813161759015,0.0037679813161759015
12.905139684677124,0.7503420114517212,2.034813642501831,0.4997868239879608,-81.80198669433594,100,0.75,1.8847025957591172,-7.22520512586608,0.002890530992272883,0.002890530992272883
12.955153942108154,0.7509913444519043,2.0275537967681885,0.49979203939437866,-82.65038299560547,100,0.75,1.8774094701921142,-6.590115472395567,0.0029814825941344787,0.0029814825941344787
13.005162239074707,0.7510559558868408,2.0204973220825195,0.49972450733184814,-83.42491149902344,100,0.75,1.8703640363011387,-6.021598335909209,0.00250620549353759,0.00250620549353759
13.070087909698486,0.7516358494758606,2.0131518840789795,0.49975332617759705,-84.15155029296875,100,0.75,1.8629908304875893,-5.510495705983663,0.0025215273494073823,0.0025215273494073823
13.120172023773193,0.7517372369766235,2.004873514175415,0.4998239278793335,-84.86457061767578,101,0.75,1.8548323576371206,-4.938848551937249,0.002252014359439197,0.002252014359439197
13.170165300369263,0.7522144317626953,1.9959772825241089,0.5000577569007874,-85.50325775146484,101,0.75,1.8459222341228863,-4.387767296372107,0.002499828043393992,0.002499828043393992
13.220160484313965,0.752164900302887,1.9865500926971436,0.5001463890075684,-86.14700317382812,101,0.75,1.8364946268872964,-3.836706740456481,0.0022075633292835068,0.0022075633292835068
13.286264657974243,0.7526818513870239,1.9784433841705322,0.5003175735473633,-86.67642974853516,102,0.75,1.8284433841705314,-3.3235702514648473,0.0026818513870239258,0.0026818513870239258
13.33634901046753,0.7526704668998718,1.9682738780975342,0.5004761219024658,-87.17500305175781,102,0.75,1.8182738780975334,-2.824996948242188,0.002670466899871826,0.002670466899871826
13.386352300643921,0.752724826335907,1.955723762512207,0.5006304383277893,-87.60753631591797,103,0.75,1.8057237625122065,-2.392463684082044,0.0027248263359069824,0.0027248263359069824
13.436302900314331,0.7529969215393066,1.9438503980636597,0.5006299614906311,-87.98963928222656,103,0.75,1.793850398063659,-2.010360717773434,0.0029969215393066406,0.0029969215393066406
13.500519752502441,0.7530838847160339,1.9209630489349365,0.5005468726158142,-88.67620086669922,104,0.75,1.7709630489349364,-1.3237991333007648,0.0030838847160339355,0.0030838847160339355
13.550631523132324,0.7530708909034729,1.90828275680542,0.5002236366271973,-88.92219543457031,105,0.75,1.7582827568054205,-1.0778045654297013,0.0030708909034729004,0.0030708909034729004
13.600675582885742,0.7529416084289551,1.8963381052017212,0.5000104904174805,-89.16621398925781,105,0.75,1.7463381052017215,-0.8337860107421913,0.002941608428955078,0.002941608428955078
13.650694847106934,0.7528843283653259,1.88397216796875,0.4996473491191864,-89.4007339477539,106,0.75,1.7339721679687503,-0.5992660522460932,0.0028843283653259277,0.0028843283653259277
13.715253829956055,0.7526515126228333,1.8717341423034668,0.4993436634540558,-89.5049057006836,106,0.75,1.7217341423034676,-0.4950942993164134,0.002651512622833252,0.002651512622833252
13.765340566635132,0.7526440024375916,1.8592054843902588,0.4990898370742798,-89.55300903320312,107,0.75,1.70920548439026,-0.44699096679687444,0.0026440024375915527,0.0026440024375915527
13.815325260162354,0.7524901628494263,1.8470455408096313,0.49895238876342773,-89.64250183105469,107,0.75,1.6970455408096323,-0.35749816894532227,0.0024901628494262695,0.0024901628494262695
13.865333318710327,0.752409815788269,1.8344913721084595,0.4988078474998474,-89.66375732421875,108,0.75,1.6844913721084604,-0.3362426757812362,0.002409815788269043,0.002409815788269043
13.929931163787842,0.7522563934326172,1.8223391771316528,0.49875110387802124,-89.72909545898438,108,0.75,1.6723391771316538,-0.27090454101562905,0.0022563934326171875,0.0022563934326171875
13.980000019073486,0.752257227897644,1.8099948167800903,0.4985008239746094,-89.79334259033203,108,0.75,1.6599948167800913,-0.20665740966796145,0.002257227897644043,0.002257227897644043
14.029975891113281,0.7519702315330505,1.7978594303131104,0.4983159899711609,-89.7850341796875,109,0.75,1.647859430313111,-0.21496582031248168,0.001970231533050537,0.001970231533050537
14.080004692077637,0.7518413066864014,1.7855194807052612,0.4980866014957428,-89.79888916015625,109,0.75,1.6355194807052618,-0.20111083984373282,0.0018413066864013672,0.0018413066864013672
14.145357131958008,0.7511970400810242,1.7611256837844849,0.4977250099182129,-89.7204818725586,110,0.75,1.6111256837844847,-0.27951812744140164,0.00119704008102417,0.00119704008102417
14.19545578956604,0.7511010766029358,1.7500441074371338,0.49763163924217224,-89.69425201416016,111,0.75,1.6000441074371337,-0.3057479858398269,0.001101076602935791,0.001101076602935791
14.245458364486694,0.7506877183914185,1.7366327047348022,0.4977169632911682,-89.61197662353516,111,0.75,1.5866327047348021,-0.38802337646482377,0.000687718391418457,0.000687718391418457
14.29545783996582,0.7508288621902466,1.7238129377365112,0.4981149733066559,-89.56145477294922,112,0.75,1.573812937736511,-0.4385452270507868,0.000828862190246582,0.000828862190246582
14.35825800895691,0.7504429221153259,1.7112090587615967,0.4983196556568146,-89.46761322021484,112,0.75,1.5612090587615959,-0.5323867797851529,0.00044292211532592773,0.00044292211532592773
14.408352613449097,0.7505499124526978,1.6985644102096558,0.4985983073711395,-89.38819885253906,113,0.75,1.548564410209655,-0.6118011474609315,0.0005499124526977539,0.0005499124526977539
14.458292961120605,0.7505578994750977,1.6859580278396606,0.4987333118915558,-89.33533477783205,113,0.75,1.5359580278396598,-0.664665222167961,0.0005578994750976562,0.0005578994750976562
14.508306980133057,0.7509458661079407,1.6732192039489746,0.49896275997161865,-89.2333450317383,114,0.75,1.5232192039489743,-0.7666549682617108,0.0009458661079406738,0.0009458661079406738
14.57163143157959,0.751176655292511,1.6605803966522217,0.4990383982658386,-89.20069122314453,114,0.75,1.5105803966522218,-0.799308776855481,0.0011766552925109863,0.0011766552925109863
14.621676683425903,0.7515255808830261,1.648629903793335,0.49900323152542114,-89.1568832397461,115,0.75,1.4986299037933353,-0.8431167602538928,0.001525580883026123,0.001525580883026123
14.671675205230713,0.7519247531890869,1.6351839303970337,0.49900659918785095,-89.14014434814453,115,0.75,1.4851839303970338,-0.8598556518554545,0.001924753189086914,0.001924753189086914
14.721664905548096,0.7525277733802795,1.61955726146698,0.4988686740398407,-89.0993423461914,116,0.75,1.4695572614669798,-0.9006576538085831,0.002527773380279541,0.002527773380279541
14.787735223770142,0.7528285980224609,1.6118402481079102,0.49877673387527466,-89.0549545288086,116,0.75,1.46184024810791,-0.9450454711914075,0.0028285980224609375,0.0028285980224609375
14.837812185287476,0.7533955574035645,1.5944671630859375,0.49854332208633423,-88.97655487060547,117,0.75,1.4444671630859374,-1.0234451293945277,0.003395557403564453,0.003395557403564453
14.887814044952393,0.7537389993667603,1.5833243131637573,0.4984953701496124,-88.95722961425781,118,0.75,1.4333243131637576,-1.0427703857421986,0.003738999366760254,0.003738999366760254
14.937806129455566,0.7540025115013123,1.57159423828125,0.4983685314655304,-88.97403717041016,118,0.75,1.4215942382812505,-1.0259628295898278,0.004002511501312256,0.004002511501312256
15.00447678565979,0.7545013427734375,1.545579195022583,0.49817147850990295,-88.97183990478516,119,0.75,1.395579195022584,-1.0281600952148546,0.0045013427734375,0.0045013427734375
15.054516553878784,0.7548405528068542,1.529944896697998,0.4982683062553406,-88.9810791015625,120,0.75,1.379944896697999,-1.0189208984374805,0.004840552806854248,0.004840552806854248
15.104550123214722,0.7549161911010742,1.5161339044570923,0.4983576536178589,-89.03632354736328,120,0.75,1.3661339044570928,-0.9636764526367184,0.004916191101074219,0.004916191101074219
15.154530048370361,0.7549903392791748,1.5024431943893433,0.4984334409236908,-89.05196380615234,121,0.75,1.3524431943893438,-0.9480361938476446,0.004990339279174805,0.004990339279174805
15.218501806259155,0.7551345825195312,1.4907715320587158,0.4986626207828522,-89.13383483886719,121,0.75,1.3407715320587157,-0.8661651611328268,0.00513458251953125,0.00513458251953125
15.2686128616333,0.755120575428009,1.4762282371520996,0.4989081919193268,-89.23316192626953,122,0.75,1.3262282371520995,-0.7668380737304673,0.005120575428009033,0.005120575428009033
15.318540334701538,0.7551118731498718,1.4631214141845703,0.4991264045238495,-89.38665771484375,122,0.75,1.3131214141845702,-0.6133422851562647,0.005111873149871826,0.005111873149871826
15.3685462474823,0.754866898059845,1.4483424425125122,0.499369740486145,-89.49803161621094,123,0.75,1.298342442512512,-0.5019683837890503,0.004866898059844971,0.004866898059844971
15.435386896133423,0.7547110915184021,1.4345321655273438,0.4995582401752472,-89.56188201904297,124,0.75,1.284532165527343,-0.43811798095703863,0.0047110915184021,0.0047110915184021
15.485422372817993,0.7542337775230408,1.4202520847320557,0.4997653067111969,-89.60972595214844,124,0.75,1.2702520847320549,-0.3902740478515629,0.0042337775230407715,0.0042337775230407715
15.535470485687256,0.7537353038787842,1.4055187702178955,0.49986037611961365,-89.63288879394531,125,0.75,1.255518770217895,-0.36711120605468156,0.0037353038787841797,0.0037353038787841797
15.585439205169678,0.7534265518188477,1.3913882970809937,0.4999851882457733,-89.6238784790039,125,0.75,1.2413882970809935,-0.3761215209961101,0.0034265518188476562,0.0034265518188476562
15.655520915985107,0.7528216242790222,1.3664854764938354,0.5001118183135986,-89.50643157958984,126,0.75,1.2164854764938353,-0.49356842041015175,0.002821624279022217,0.002821624279022217
15.705691814422607,0.7522815465927124,1.3510665893554688,0.4999746084213257,-89.45667266845703,127,0.75,1.2010665893554688,-0.5433273315429713,0.0022815465927124023,0.0022815465927124023
15.755545377731323,0.7522806525230408,1.3377759456634521,0.49994227290153503,-89.37413787841797,127,0.75,1.187775945663452,-0.6258621215820314,0.0022806525230407715,0.0022806525230407715
15.80561876296997,0.7521218657493591,1.3245048522949219,0.4998244345188141,-89.27978515625,128,0.75,1.1745048522949222,-0.7202148437500008,0.002121865749359131,0.002121865749359131
15.87376594543457,0.752102792263031,1.3100157976150513,0.4998317360877991,-89.22702026367188,128,0.75,1.1600157976150516,-0.7729797363281291,0.002102792263031006,0.002102792263031006
15.923794269561768,0.7521940469741821,1.2967113256454468,0.49984121322631836,-89.16166687011719,129,0.75,1.1467113256454475,-0.8383331298828077,0.002194046974182129,0.002194046974182129
15.97385311126709,0.7524333000183105,1.2831212282180786,0.4997236728668213,-89.06807708740234,130,0.75,1.1331212282180798,-0.931922912597659,0.002433300018310547,0.002433300018310547
16.023793697357178,0.7525976896286011,1.269859790802002,0.499643474817276,-89.0505599975586,130,0.75,1.119859790802003,-0.9494400024414105,0.0025976896286010742,0.0025976896286010742
16.09115242958069,0.7528519630432129,1.2561815977096558,0.4994698166847229,-89.13333129882812,131,0.75,1.1061815977096567,-0.8666687011718562,0.0028519630432128906,0.0028519630432128906
16.141207695007324,0.7529610395431519,1.243452548980713,0.4991287887096405,-89.32433319091797,131,0.75,1.0934525489807136,-0.67566680908204,0.0029610395431518555,0.0029610395431518555
16.191231966018677,0.7531876564025879,1.2294809818267822,0.49876803159713745,-89.69888305664062,132,0.75,1.0794809818267828,-0.3011169433593552,0.0031876564025878906,0.0031876564025878906
16.241195917129517,0.7532154321670532,1.2140494585037231,0.49851465225219727,-90.19226837158203,132,0.75,1.064049458503723,0.19226837158201462,0.0032154321670532227,0.0032154321670532227
16.30974507331848,0.7524524927139282,1.1886080503463745,0.4989211857318878,-91.15882110595703,133,0.75,1.0386080503463744,1.1588211059570228,0.0024524927139282227,0.0024524927139282227
16.35978603363037,0.7517682909965515,1.1749370098114014,0.49937283992767334,-91.56877899169922,134,0.75,1.0249370098114012,1.568778991699221,0.0017682909965515137,0.0017682909965515137
16.409788370132446,0.7508119344711304,1.1616687774658203,0.4998919665813446,-91.73384857177734,134,0.75,1.0116687774658197,1.7338485717773413,0.0008119344711303711,0.0008119344711303711
16.45979595184326,0.7498093843460083,1.148064374923706,0.5002360343933105,-91.72392272949219,135,0.75,0.9980643749237056,1.7239227294922066,0.00019061565399169922,-0.00019061565399169922
16.526179313659668,0.7486554980278015,1.1347850561141968,0.5005149841308594,-91.528564453125,136,0.75,0.9847850561141964,1.5285644531250027,0.0013445019721984863,-0.0013445019721984863
16.57623529434204,0.7478404641151428,1.1224892139434814,0.5009028911590576,-91.28075408935547,136,0.75,0.9724892139434811,1.2807540893554712,0.0021595358848571777,-0.0021595358848571777
16.626250505447388,0.746688723564148,1.108437418937683,0.5013139843940735,-90.88321685791017,137,0.75,0.9584374189376828,0.8832168579101639,0.0033112764358520508,-0.0033112764358520508
16.67626976966858,0.745884895324707,1.0949643850326538,0.5014604926109314,-90.46937561035156,137,0.75,0.9449643850326532,0.4693756103515661,0.004115104675292969,-0.004115104675292969
16.74318814277649,0.745139479637146,1.0818229913711548,0.5014522075653076,-89.97173309326172,138,0.75,0.9318229913711544,-0.028266906738290253,0.004860520362854004,-0.004860520362854004
16.79324722290039,0.7447348833084106,1.0690455436706543,0.5013159513473511,-89.55149841308594,138,0.75,0.9190455436706539,-0.44850158691406455,0.0052651166915893555,-0.0052651166915893555
16.84323287010193,0.7445623874664307,1.0572700500488281,0.5011374354362488,-89.23991394042969,139,0.75,0.9072700500488278,-0.7600860595703008,0.005437612533569336,-0.005437612533569336
16.893208980560303,0.74468594789505,1.0429078340530396,0.5009617805480957,-88.94190216064453,139,0.75,0.8929078340530396,-1.0580978393554714,0.005314052104949951,-0.005314052104949951
16.9618239402771,0.7455543279647827,1.0179593563079834,0.5005360245704651,-88.77560424804688,140,0.75,0.8679593563079839,-1.2243957519531241,0.004445672035217285,-0.004445672035217285
17.011882543563843,0.746401309967041,1.0043857097625732,0.5004034638404846,-88.78948974609375,141,0.75,0.8543857097625738,-1.2105102539062322,0.0035986900329589844,-0.0035986900329589844
17.061853170394897,0.7471399903297424,0.9915415048599243,0.5002598762512207,-88.85237884521484,141,0.75,0.8415415048599248,-1.1476211547851412,0.0028600096702575684,-0.0028600096702575684
17.11185121536255,0.7479639053344727,0.9787495732307434,0.5000854730606079,-88.96025085449219,142,0.75,0.828749573230744,-1.0397491455078183,0.0020360946655273438,-0.0020360946655273438
17.18468403816223,0.74852055311203,0.9660807847976685,0.49993792176246643,-89.09899139404297,142,0.75,0.8160807847976693,-0.9010086059570246,0.0014794468879699707,-0.0014794468879699707
17.23473358154297,0.749234676361084,0.9506045579910278,0.499785840511322,-89.21894836425781,143,0.75,0.8006045579910288,-0.7810516357421806,0.0007653236389160156,-0.0007653236389160156
17.284723043441772,0.7495527267456055,0.9374293088912964,0.4998002350330353,-89.29356384277344,143,0.75,0.7874293088912969,-0.7064361572265586,0.00044727325439453125,-0.00044727325439453125
17.334720849990845,0.7498809695243835,0.9243983030319214,0.4997120797634125,-89.34925079345703,144,0.75,0.7743983030319219,-0.650749206542977,0.00011903047561645508,-0.00011903047561645508
17.40780735015869,0.7499346137046814,0.8982832431793213,0.49954941868782043,-89.50572204589844,145,0.75,0.7482832431793214,-0.4942779541015577,6.538629531860352e-05,-6.538629531860352e-05
17.457861185073853,0.74998539686203,0.8875517845153809,0.49952125549316406,-89.57083892822266,145,0.75,0.7375517845153806,-0.4291610717773477,1.4603137969970703e-05,-1.4603137969970703e-05
17.50800347328186,0.7498431205749512,0.8714560270309448,0.49936676025390625,-89.6756591796875,146,0.75,0.7214560270309445,-0.32434082031249717,0.00015687942504882812,-0.00015687942504882812
17.55782723426819,0.7498230934143066,0.8606840372085571,0.4993587136268616,-89.74732971191406,146,0.75,0.7106840372085568,-0.2526702880859487,0.00017690658569335938,-0.00017690658569335938
17.624585390090942,0.7495697140693665,0.8471704721450806,0.49927952885627747,-89.85995483398438,147,0.75,0.6971704721450802,-0.14004516601563283,0.0004302859306335449,-0.0004302859306335449
17.674638986587524,0.7495985627174377,0.8336798548698425,0.4992988407611847,-89.91537475585938,148,0.75,0.6836798548698422,-0.08462524414063731,0.00040143728256225586,-0.00040143728256225586
17.724618196487427,0.7494192719459534,0.8206455707550049,0.4993448257446289,-90.01272583007812,148,0.75,0.6706455707550041,0.012725830078117804,0.0005807280540466309,-0.0005807280540466309
17.77463674545288,0.749264121055603,0.8066701889038086,0.499386191368103,-90.09487915039062,149,0.75,0.6566701889038079,0.09487915039064433,0.0007358789443969727,-0.0007358789443969727
17.844300270080566,0.7492462992668152,0.781624436378479,0.49964290857315063,-90.18852996826172,150,0.75,0.6316244363784786,0.1885299682617054,0.0007537007331848145,-0.0007537007331848145
17.894387006759644,0.7492741942405701,0.7658313512802124,0.4998131990432739,-90.19905090332031,150,0.75,0.615831351280212,0.1990509033203241,0.0007258057594299316,-0.0007258057594299316
17.94435214996338,0.7492293119430542,0.751684308052063,0.4998651444911957,-90.24734497070312,151,0.75,0.6016843080520631,0.24734497070311717,0.0007706880569458008,-0.0007706880569458008
17.994386672973633,0.7494908571243286,0.7376225590705872,0.5001102089881897,-90.23969268798828,151,0.75,0.5876225590705877,0.23969268798826526,0.0005091428756713867,-0.0005091428756713867
18.062782764434814,0.7497086524963379,0.7254388928413391,0.5003538131713867,-90.17218017578125,152,0.75,0.5754388928413396,0.1721801757812512,0.0002913475036621094,-0.0002913475036621094
18.112812757492065,0.7500439882278442,0.7113841772079468,0.5006228685379028,-90.06278991699219,152,0.75,0.5613841772079473,0.06278991699218964,4.398822784423828e-05,4.398822784423828e-05
18.16281247138977,0.7506530284881592,0.6965885162353516,0.5007982850074768,-89.98004150390625,153,0.75,0.5465885162353521,-0.01995849609374457,0.0006530284881591797,0.0006530284881591797
18.21280002593994,0.7512544989585876,0.6834344267845154,0.5008296370506287,-89.89395904541016,154,0.75,0.5334344267845159,-0.10604095458985985,0.0012544989585876465,0.0012544989585876465
18.27623224258423,0.751964807510376,0.6726480722427368,0.5008518099784851,-89.86691284179688,154,0.75,0.5226480722427373,-0.1330871582031408,0.0019648075103759766,0.0019648075103759766
18.32631278038025,0.7529051303863525,0.6571884751319885,0.5007795691490173,-89.83911895751953,155,0.750105080525589,0.5071919151122173,-0.12074232436892038,0.0029051296734710335,0.0029051296734710335
18.37629795074463,0.7538561820983887,0.6426224112510681,0.5006111860275269,-89.88324737548828,155,0.7506828706162864,0.4926447661203957,0.14412181356077516,0.003856142127428895,0.003856142127428895
18.42626118659973,0.7549884915351868,0.6283828616142273,0.5004810690879822,-89.99565124511719,156,0.7516636459257466,0.4784620346555147,0.6314266728537232,0.0049881844230353495,0.0049881844230353495
18.49276375770569,0.7568681240081787,0.6022364497184753,0.5006076693534851,-90.27299499511719,157,0.7550772322904182,0.4525958781096851,2.2162676319174506,0.006864174084481956,0.006864174084481956
18.54280924797058,0.7568681240081787,0.6022364497184753,0.5006076693534851,-90.27299499511719,157,0.7550772322904182,0.4525958781096851,2.2162676319174506,0.006864174084481956,0.006864174084481956
18.592836618423462,0.7576285004615784,0.586940348148346,0.5006635189056396,-90.46490478515625,157,0.7580613536713261,0.4375936868421492,3.554587184890914,0.007617411615618246,0.007617411615618246
18.642842531204224,0.7583557367324829,0.5723670721054077,0.5008053183555603,-90.60875701904297,158,0.7624649241360094,0.42371855764196614,5.402081722191458,0.008326513390947527,0.008326513390947527
18.70985436439514,0.7592786550521851,0.5476590991020203,0.5011951327323914,-90.83631896972656,159,0.7713959954587593,0.40073370077887804,9.121769560546902,0.009181808294621499,0.009181808294621499
18.759939908981323,0.7599398493766785,0.5351887941360474,0.5013346076011658,-90.86354064941406,159,0.7764327033248709,0.3893511123983408,11.136728082570489,0.009780499713517781,0.009780499713517781
18.80991530418396,0.7603534460067749,0.5230891704559326,0.5015175342559814,-90.80138397216797,160,0.7822688215844458,0.3787812687189742,13.405991150117275,0.010103919859474491,0.010103919859474491
18.85991382598877,0.7609059810638428,0.511174201965332,0.5016312599182129,-90.6127700805664,160,0.7880438166401457,0.3683867005443401,15.531879938006567,0.010538343322330456,0.010538343322330456
18.922097206115723,0.7613383531570435,0.5001829266548157,0.5017675161361694,-90.33493041992188,161,0.7943735196541859,0.3588742074023842,17.67027156631038,0.010570256962893659,0.010570256962893659
18.972142219543457,0.7621487975120544,0.4886452853679657,0.5021525621414185,-89.81982421875,161,0.8008790377333188,0.3493178677211065,19.627120516912004,0.010773305723966873,0.010773305723966873
19.022172689437866,0.7629357576370239,0.47831547260284424,0.5024580955505371,-89.12884521484375,162,0.807881312021853,0.3407174944894311,21.474012059961673,0.010742135220864979,0.010742135220864979
19.07219934463501,0.7639848589897156,0.470279723405838,0.5026996731758118,-88.3234634399414,162,0.81323249106963,0.3346156442419163,22.576834871334043,0.010826141890697166,0.010826141890697166
19.133114337921143,0.7649222016334534,0.4628860354423523,0.502918004989624,-87.26400756835938,162,0.8181541832641044,0.32900352988974946,23.270971555723232,0.010863101327956055,0.010863101327956055
19.18315100669861,0.7660250663757324,0.45632442831993103,0.5030677914619446,-86.0093765258789,163,0.8236714516327281,0.3236247810362685,23.845671749897697,0.01098783509663994,0.01098783509663994
19.23315119743347,0.7673295140266418,0.44983574748039246,0.5032998919487,-84.6329116821289,163,0.8284994239438147,0.31911283856463474,24.043389035536336,0.010906613269926221,0.010906613269926221
19.283180475234985,0.7685897350311279,0.4439389407634735,0.5034853219985962,-83.07081604003906,163,0.8328976452932466,0.3150025163781179,23.91518255480626,0.010894314047246226,0.010894314047246226
19.349663972854614,0.771348237991333,0.4330461025238037,0.5041289925575256,-79.41451263427734,164,0.8425759976954631,0.30675764804945815,23.19245653219845,0.011008899133092408,0.011008899133092408
19.399706840515137,0.772804319858551,0.4287257492542267,0.5044901967048645,-77.79357147216797,164,0.8461674120607494,0.30396431594187656,22.589350894891165,0.010950366720390207,0.010950366720390207
19.449705362319946,0.7743611335754395,0.4239075481891632,0.5047947764396667,-75.697998046875,164,0.8501557595875083,0.3008622569563211,21.624671417616447,0.01082064439326455,0.01082064439326455
19.4997341632843,0.776374340057373,0.4187964200973511,0.5050637722015381,-73.57889556884766,164,0.8544778411713294,0.297500626124644,20.730774500190304,0.011002745855477204,0.011002745855477204
19.570526838302612,0.7786176800727844,0.4133481979370117,0.5052626132965088,-71.36719512939453,165,0.8601488107793143,0.2934960087129778,20.071492051112653,0.011318165395562674,0.011318165395562674
19.62068247795105,0.7811660170555115,0.40795794129371643,0.5055075883865356,-69.157958984375,165,0.8651693934943977,0.2902744739623155,19.195142328044042,0.011388699952640401,0.011388699952640401
19.670674085617065,0.7838475108146667,0.40249350666999817,0.5058556795120239,-66.89163970947266,165,0.8702924994348782,0.28698715359430343,18.28944911650582,0.011536880638174039,0.011536880638174039
19.72058939933777,0.7863556742668152,0.3971777856349945,0.5059791207313538,-64.68135833740234,165,0.8752419760940688,0.2838112451470088,17.392750117620547,0.01158532483117462,0.01158532483117462
19.777668714523315,0.7889594435691833,0.39153048396110535,0.5060081481933594,-62.517181396484375,166,0.8816252783819488,0.28022642332364817,16.895041911064876,0.01161238153897451,0.01161238153897451
19.827831983566284,0.7912883758544922,0.38636842370033264,0.5060461163520813,-60.36857604980469,166,0.8866969275223429,0.2777253627476273,16.05466668496769,0.011085260942351335,0.011085260942351335
19.877843379974365,0.7937924265861511,0.38071954250335693,0.505851686000824,-58.30868148803711,166,0.8922274416301758,0.274998015011748,15.421952512152192,0.01047215598454003,0.01047215598454003
19.92781949043274,0.7962145805358887,0.3752308189868927,0.5055567026138306,-56.27207565307617,166,0.8975963959938795,0.27235033972471673,14.769791128512002,0.009869554376177685,0.009869554376177685
19.98319673538208,0.7986820340156555,0.369728684425354,0.5051554441452026,-54.308387756347656,167,0.9039382668809246,0.2696537933882768,14.425672075529324,0.009301121139946557,0.009301121139946557
20.033376693725586,0.8008151054382324,0.36537423729896545,0.505000650882721,-52.410362243652344,167,0.9084459217404457,0.26801371961882103,13.671483805831722,0.00858942490697526,0.00858942490697526
20.083253145217896,0.8032025098800659,0.360538512468338,0.5048084855079651,-50.61103439331055,167,0.9134616035980372,0.26618880433428116,13.145732360947783,0.007818928357183536,0.007818928357183536
20.13325786590576,0.8059337735176086,0.35547885298728943,0.5047136545181274,-48.891387939453125,167,0.9188328477260771,0.26423452059289526,12.789529483961687,0.007200071596824193,0.007200071596824193
20.189343452453613,0.8086861371994019,0.3506294786930084,0.5044969320297241,-47.249881744384766,168,0.9248977362091794,0.2621101314996607,12.66944101543689,0.006923278314981617,0.006923278314981617
20.239500999450684,0.8117740750312805,0.3458910286426544,0.5041950345039368,-45.715965270996094,168,0.9302988689639466,0.2606825176086186,12.401894196596318,0.006109266569905128,0.006109266569905128
20.289618253707886,0.8156818151473999,0.34000349044799805,0.5039651989936829,-44.21985626220703,168,0.937054934778139,0.2588967712026221,12.49208409060849,0.005157650891800708,0.005157650891800708
20.339519023895264,0.8189594149589539,0.33527010679244995,0.503825843334198,-42.782970428466804,168,0.9425730354199958,0.2574382406524278,12.351109081447012,0.0044971913950997075,0.0044971913950997075
20.3946635723114,0.8255473971366882,0.32739564776420593,0.5032782554626465,-40.19233322143555,169,0.9529879025929026,0.25514053555026656,12.16494227826437,0.00389777387713084,0.00389777387713084
20.444710731506348,0.8291805982589722,0.32345277070999146,0.5029492974281311,-38.943363189697266,169,0.9582599560137449,0.2542470843655959,12.111270115570663,0.0034910173376651085,0.0034910173376651085
20.494747161865234,0.8334163427352905,0.3191949427127838,0.5026127696037292,-37.74605941772462,169,0.9641781421950419,0.25324413351652486,12.256206047978145,0.0032577532733649908,0.0032577532733649908
20.544687271118164,0.8379709720611572,0.31538811326026917,0.5022942423820496,-36.51717758178711,169,0.9700224184789443,0.25225370812577436,12.351880497906572,0.003543858143255759,0.003543858143255759
20.606698989868164,0.8420226573944092,0.3120698630809784,0.5020432472229004,-35.327056884765625,170,0.9755686381852632,0.2516013160546296,12.421546558414155,0.003722709190427374,0.003722709190427374
20.656733989715576,0.84647136926651,0.30869922041893005,0.5016955733299255,-34.16399383544922,170,0.9811494934824562,0.2512355274729809,12.531668764323333,0.0037674843290653095,0.0037674843290653095
20.70667338371277,0.8512998223304749,0.305585116147995,0.5014770030975342,-32.972896575927734,170,0.9868725952037308,0.2508604155681248,12.646834861483237,0.004224189591168491,0.004224189591168491
20.756787300109863,0.8559162616729736,0.30276691913604736,0.5011413097381592,-31.86503410339356,170,0.9922466812422206,0.2505081793596952,12.764952698429868,0.004771878515601671,0.004771878515601671
20.8293035030365,0.8598880171775818,0.3006487786769867,0.5009725689888,-30.723800659179688,170,0.9966821113605693,0.25021746591066374,12.634298400953726,0.005463749134548076,0.005463749134548076
20.87934422492981,0.8651081919670105,0.29779213666915894,0.5008381009101868,-29.58691215515137,171,1.0031417926690935,0.25043725759386765,13.026114057880962,0.0060464173576369774,0.0060464173576369774
20.92934012413025,0.8706241846084595,0.29489895701408386,0.5005283951759338,-28.451831817626953,171,1.009339875373775,0.25077017191605955,13.370980748595644,0.0065176727654703195,0.0065176727654703195
20.979322910308838,0.875394880771637,0.2925649583339691,0.5004636645317078,-27.3302001953125,171,1.0146097281058384,0.2510532287150631,13.507992218854703,0.007049823822381807,0.007049823822381807
21.034209966659546,0.8799479007720947,0.2902991473674774,0.5001336336135864,-26.124597549438477,171,1.0196597943676367,0.2513244802402002,13.507637323249053,0.007515948197013377,0.007515948197013377
21.084314584732056,0.8847449421882629,0.2882724404335022,0.49969685077667236,-24.976593017578125,172,1.0257332222924949,0.25192877251348816,13.7899688716271,0.008300676305752437,0.008300676305752437
21.13438582420349,0.8891358971595764,0.28626129031181335,0.49940162897109985,-23.825897216796875,172,1.0305009286854157,0.25262121921687963,13.749843985268337,0.008388667010583321,0.008388667010583321
21.184399127960205,0.8936157822608948,0.2842234671115875,0.4990258514881134,-22.702251434326175,172,1.0353590547081097,0.2533267981833339,13.758810005966783,0.00848571055492787,0.00848571055492787
21.239468097686768,0.8979548811912537,0.282583087682724,0.49870336055755615,-21.573486328125,172,1.0399188782484596,0.25398905263407995,13.693227032469213,0.008860286842774285,0.008860286842774285
21.28963875770569,0.9021531343460083,0.2812294065952301,0.49827834963798523,-20.43438720703125,172,1.0442287199067355,0.2546150005013486,13.558451570703877,0.009413717301832217,0.009413717301832217
21.33962392807007,0.9061154723167419,0.2797403335571289,0.49782437086105347,-19.253435134887695,173,1.0494682063739398,0.25557166757451905,13.590389779641717,0.009904956731087967,0.009904956731087967
21.38955068588257,0.9106786251068115,0.27839961647987366,0.4973331391811371,-18.0686206817627,173,1.054081835913715,0.2566750725846609,13.465528860371112,0.01014597574986778,0.01014597574986778
21.44545340538025,0.9200124144554138,0.2755913734436035,0.49661704897880554,-15.740721702575682,173,1.0635407575355258,0.2589372874890143,13.312937885102743,0.01055925628327463,0.01055925628327463
21.49555778503418,0.9255406260490417,0.2743290364742279,0.49638229608535767,-14.622730255126953,173,1.0690098384892204,0.2602452839965691,13.452060998182844,0.011149649095577516,0.011149649095577516
21.54565453529358,0.9305139780044556,0.27308815717697144,0.4963156580924988,-13.43214225769043,174,1.0749576045498117,0.2619989147426131,13.649417884760469,0.011636916907253487,0.011636916907253487
21.59564471244812,0.9357392191886902,0.2720397710800171,0.4965502619743347,-12.243988990783691,174,1.0800057296652767,0.2637125223123329,13.655400897540668,0.011878193081011183,0.011878193081011183
21.651736974716187,0.9400832653045654,0.2712351381778717,0.49680057168006897,-11.012611389160156,174,1.084186293374716,0.26513163246795174,13.413217763309616,0.012134081434664698,0.012134081434664698
21.7017879486084,0.946281373500824,0.270314484834671,0.49722129106521606,-9.759882926940918,174,1.0900959996935724,0.2671377074465194,13.558048707553816,0.012696362248395933,0.012696362248395933
21.75189757347107,0.9517613649368286,0.2695207893848419,0.49758967757225037,-8.499783515930176,175,1.0964569844492733,0.26946769138094456,13.83225031790458,0.013500127037956946,0.013500127037956946
21.80178713798523,0.9574541449546814,0.26895350217819214,0.498080849647522,-7.230115890502931,175,1.1015875290001285,0.27198578325387407,13.923032943738615,0.013786835560560056,0.013786835560560056
21.859702348709106,0.962465226650238,0.2684040069580078,0.4984813630580902,-5.9260969161987305,175,1.1061112324556803,0.274206035079788,13.819958385029546,0.01398106695226996,0.01398106695226996
21.90984010696411,0.9680543541908264,0.26784664392471313,0.4987359642982483,-4.670146465301514,175,1.1111484223517312,0.27667830811317085,13.901482330692355,0.014238017133020456,0.014238017133020456
21.95974564552307,0.9737116098403931,0.2676782011985779,0.4989611506462097,-3.4032368659973145,175,1.1161875780462884,0.2791515459683565,13.971383175824263,0.014852056893768539,0.014852056893768539
22.009871006011963,0.9792982935905457,0.267258882522583,0.49910688400268555,-2.032371997833252,176,1.1224325390042418,0.2827668714080514,14.297235129283704,0.015252140041615535,0.015252140041615535
22.064541339874268,0.9844856262207031,0.266975998878479,0.49905362725257874,-0.732548713684082,176,1.1268613681613255,0.28546312492540965,14.21235690390042,0.015210320929917972,0.015210320929917972
22.11467981338501,0.9897239804267883,0.26651301980018616,0.498894065618515,0.5808571577072144,176,1.1313436454234076,0.28819191743580336,14.128994696699056,0.014992316249199543,0.014992316249199543
22.16474986076355,0.9951010942459106,0.2663007378578186,0.4988595247268677,1.8917603492736814,176,1.1359299916805328,0.29098406673508653,14.07597125324145,0.015010491270408025,0.015010491270408025
22.214595556259155,1.0004794597625732,0.2661285400390625,0.49878233671188354,3.254082679748535,177,1.1419596537083412,0.2950337360937507,14.376556285915573,0.015303974444566881,0.015303974444566881
22.271255254745483,1.0054166316986084,0.2658478319644928,0.49881961941719055,4.611719131469727,177,1.145904517242115,0.29795485449969145,14.116269505643151,0.014700170810501888,0.014700170810501888
22.321303606033325,1.0096909999847412,0.2658156752586365,0.49901556968688965,5.926822185516357,177,1.1493288696697628,0.30049054143009873,13.754463194328963,0.01437913931899155,0.01437913931899155
22.37134289741516,1.0150644779205322,0.265593558549881,0.49917057156562805,7.280562877655029,177,1.1536259374302464,0.3036724623303423,13.597096082441212,0.013800883995108383,0.013800883995108383
22.42130422592163,1.0202351808547974,0.2657518982887268,0.4994136393070221,8.635516166687013,177,1.1577768671127726,0.3067461699487637,13.397048296985552,0.013596002198894628,0.013596002198894628
22.491052865982056,1.0244948863983154,0.26567843556404114,0.4995717406272888,9.929988861083984,178,1.1619910914000724,0.31029747177125844,13.333926524006982,0.013315162965719449,0.013315162965719449
22.541107177734375,1.029693603515625,0.26582202315330505,0.4997994899749756,11.26406192779541,178,1.1658532330648093,0.31373962752084894,13.155431781117814,0.012659288753828645,0.012659288753828645
22.591100215911865,1.0351042747497559,0.26614660024642944,0.5000386834144592,12.607617378234863,178,1.1698916571030005,0.3173388959395258,13.020548014821877,0.012143455857226575,0.012143455857226575
22.64110255241394,1.0399283170700073,0.2664574384689331,0.500016450881958,13.920982360839846,178,1.1734945376247352,0.3205499837191921,12.784938672754212,0.011703951003487784,0.011703951003487784
22.697765111923218,1.0492000579833984,0.26795515418052673,0.5000799298286438,16.529924392700195,179,1.1809336934334467,0.32796345260040416,12.579500386979603,0.011656877893845737,0.011656877893845737
22.74791646003723,1.0544695854187012,0.2689804136753082,0.5001320242881775,17.87708854675293,179,1.1844763681202195,0.33200309885805057,12.496414581679387,0.011363287842861591,0.011363287842861591
22.798217058181763,1.0596567392349243,0.27010583877563477,0.4999139606952667,19.188371658325195,179,1.1879815150815987,0.33599995294626345,12.436366682601559,0.011178679834930821,0.011178679834930821
22.847944736480713,1.0641002655029297,0.2711983323097229,0.499698668718338,20.497777938842773,179,1.1910038945732682,0.3394463162401601,12.205381664200587,0.011134965157251063,0.011134965157251063
22.904544591903687,1.068995475769043,0.2725813388824463,0.49953776597976685,21.804738998413086,180,1.1949942446445578,0.344181773938628,12.357780048149394,0.011507983625470853,0.011507983625470853
22.954607009887695,1.0738903284072876,0.2737581133842468,0.4992399215698242,23.121068954467773,180,1.197907854237068,0.3482517361474137,12.23145804707131,0.010999677528003153,0.010999677528003153
23.004598379135132,1.0785706043243408,0.27543702721595764,0.4989149272441864,24.456710815429688,180,1.200797181490091,0.352287778848141,12.07707369780524,0.011011036650321705,0.011011036650321705
23.054747581481934,1.0829415321350098,0.27694952487945557,0.4987243413925171,25.690828323364258,180,1.2034851773830717,0.3560425858510852,11.942063832512767,0.010967038687327423,0.010967038687327423
23.112727642059326,1.087330937385559,0.2787953317165375,0.4985147714614868,26.88417625427246,180,1.206245607821978,0.3598985752036779,11.87673359894461,0.011207647117974392,0.011207647117974392
23.16291856765747,1.0914230346679688,0.2807972729206085,0.4982595443725586,28.1777286529541,181,1.209674867520324,0.3649568810790352,12.011309409056992,0.012018106763622997,0.012018106763622997
23.212803840637207,1.0966496467590332,0.2834988236427307,0.49786779284477234,29.34240531921387,181,1.2126465428756235,0.37001970462875355,12.158605115322981,0.012064103263256559,0.012064103263256559
23.26281976699829,1.099857211112976,0.28526589274406433,0.4976747930049896,30.2641773223877,181,1.2144945469764385,0.3731681369313928,12.053623833057562,0.01218185107469915,0.01218185107469915
23.319655656814575,1.1030293703079224,0.28698083758354187,0.4976009130477905,31.44929313659668,181,1.2163148921397422,0.3762694468860468,11.673368827818,0.012266697913506297,0.012266697913506297
23.369750261306763,1.1070141792297363,0.2896433472633362,0.4973340928554535,32.63750457763672,181,1.2187147014210764,0.3803579860068168,11.546134835247322,0.012798493589634008,0.012798493589634008
23.41971778869629,1.1108782291412354,0.29209208488464355,0.4970955550670624,33.80205154418945,181,1.2210121618591199,0.3842721540835985,11.396601367756112,0.013191223135904415,0.013191223135904415
23.469769716262817,1.1149919033050537,0.29502207040786743,0.4970787763595581,34.99017333984375,182,1.2237656261891494,0.3899425160959705,11.616646363137678,0.01383068359898596,0.01383068359898596
23.525577545166016,1.1189062595367432,0.2977462112903595,0.4970044791698456,36.177555084228516,182,1.2257958337626125,0.39425244245289137,11.493960844498062,0.01403770113465921,0.01403770113465921
23.575644493103027,1.122970700263977,0.30080774426460266,0.4969433844089508,37.31969451904297,182,1.2279555476921051,0.3988372977700503,11.484645739434098,0.014431956486593149,0.014431956486593149
23.625744581222534,1.1266385316848755,0.3037935793399811,0.49694204330444336,38.45880889892578,182,1.2299539854045367,0.4030797799093425,11.39320327021379,0.014956263142176227,0.014956263142176227
23.67573857307434,1.1304256916046143,0.30665722489356995,0.496802419424057,39.517852783203125,183,1.232467578544359,0.40874121033158844,11.72762071849421,0.015672786005131632,0.015672786005131632
23.731879234313965,1.1338876485824585,0.3096536099910736,0.4966115653514862,40.59440612792969,183,1.2339379969905089,0.41307292339087814,11.70970721687118,0.01592875046159652,0.01592875046159652
23.781930685043335,1.1372681856155396,0.31238800287246704,0.49640119075775146,41.664894104003906,183,1.2353371245314233,0.417194620215656,11.64743036434908,0.016024898412795703,0.016024898412795703
23.83205509185791,1.1407310962677002,0.31547901034355164,0.49637043476104736,42.75381088256836,183,1.2368259260609917,0.4215804880923868,11.631594027456565,0.016334445799675596,0.016334445799675596
23.881958961486816,1.1449350118637085,0.31918689608573914,0.4964539706707001,44.0972785949707,183,1.238624768170051,0.4268797060638524,11.583965045349515,0.016662836229914553,0.016662836229914553
23.937906980514526,1.1481093168258667,0.3223140835762024,0.4965653419494629,45.17463302612305,184,1.2404245505223097,0.43267312231427113,11.92093752081149,0.017554453909491955,0.017554453909491955
23.988105535507202,1.1497796773910522,0.32465460896492004,0.4968414306640625,46.269405364990234,184,1.2410324761796945,0.43540861071929615,11.493868302540747,0.018108068015417964,0.018108068015417964
24.038204669952393,1.1527460813522339,0.3280315697193146,0.4971974492073059,47.3560676574707,184,1.241999646951603,0.43976059751257596,11.47046475565435,0.01853132066236395,0.01853132066236395
24.08808135986328,1.1554774045944214,0.3316079080104828,0.4976028501987457,48.4741325378418,184,1.2429575307129919,0.444070795463281,11.406013128815456,0.01923329003760523,0.01923329003760523
24.146820545196533,1.1601829528808594,0.3377852141857147,0.49827006459236145,50.499996185302734,184,1.2446100833134564,0.45150680087340017,11.197091475646115,0.02041498890354355,0.02041498890354355
24.196999073028564,1.1630052328109741,0.34223130345344543,0.49870097637176514,51.619964599609375,185,1.2459941092054823,0.45926357527734313,11.912066912585306,0.02212930476426704,0.02212930476426704
24.246875286102295,1.1654378175735474,0.3463473618030548,0.4991909861564636,52.75815963745118,185,1.2465932457102737,0.46391362527759306,11.8362881385898,0.02286859670245067,0.02286859670245067
24.297215461730957,1.1680151224136353,0.35045337677001953,0.49957022070884705,53.88069152832031,185,1.2472035869642708,0.4686506381713217,11.796964194168877,0.023478034797895404,0.023478034797895404
24.35394835472107,1.1706230640411377,0.35465914011001587,0.49987590312957764,55.01972198486328,185,1.2478260670802683,0.4734818638442708,11.76284744058353,0.02410827892671629,0.02410827892671629
24.404127836227417,1.1730209589004517,0.3589865267276764,0.5001453161239624,56.11798858642578,185,1.2484425472972405,0.4782665227828581,11.758204411112345,0.02494651925880771,0.02494651925880771
24.454115629196167,1.1754469871520996,0.36290571093559265,0.5002076625823975,57.23442077636719,186,1.2490464371497347,0.48545144230549014,12.205922116752168,0.025875771060150224,0.025875771060150224
24.50405716896057,1.1778385639190674,0.367166131734848,0.5000656247138977,58.299747467041016,186,1.2493645644854654,0.4903051275101835,12.176326327060186,0.0262602894833596,0.0262602894833596
24.561564683914185,1.1803553104400635,0.371084988117218,0.500144362449646,59.45552444458007,186,1.2496692712156008,0.49495405384161983,12.01240561426738,0.02634977286806796,0.02634977286806796
24.611609935760498,1.1826066970825195,0.3750971555709839,0.49997609853744507,60.60713195800781,186,1.2499688295830889,0.4995244313380369,11.835139000522137,0.026688415458012444,0.026688415458012444
24.66161799430847,1.1851210594177246,0.379109650850296,0.49993735551834106,61.71466827392578,187,1.2504467219209365,0.5068156594380054,12.228544425720523,0.027454981218030694,0.027454981218030694
24.711621522903442,1.1869518756866455,0.38285213708877563,0.500045120716095,62.7598991394043,187,1.250719004645223,0.5109698910362672,11.926220407700303,0.027666219927667633,0.027666219927667633
24.769352436065674,1.1893608570098877,0.3868910074234009,0.5001824498176575,63.8422737121582,187,1.25102722226805,0.515672383238974,11.68396544770787,0.027522030782466803,0.027522030782466803
24.81943964958191,1.1917804479599,0.3914233148097992,0.5003211498260498,64.85247802734375,187,1.251363683012301,0.5208057822050832,11.589447153214412,0.02759157736934106,0.02759157736934106
24.869417428970337,1.1940003633499146,0.39636144042015076,0.5004886984825134,65.8861312866211,187,1.2517164575734019,0.5261880819181066,11.513799076908592,0.028005130098802032,0.028005130098802032
24.919440984725952,1.196109414100647,0.40093448758125305,0.5008043646812439,66.94893646240234,188,1.2526493500397418,0.5338399972099408,11.530935180656984,0.028858068113391235,0.028858068113391235
24.97908067703247,1.1978341341018677,0.4059195816516876,0.5010859370231628,68.01392364501953,188,1.2536088640798397,0.5389977312239662,10.97926035786678,0.02934067650939816,0.02934067650939816
25.029396295547485,1.1997706890106201,0.4105813503265381,0.5012790560722351,69.08032989501953,188,1.254531381413997,0.5439565946007078,10.40532263428371,0.02950267264699647,0.02950267264699647
25.079169750213623,1.2014466524124146,0.4155297875404358,0.5013038516044617,70.1513900756836,188,1.2554810274736778,0.5490612846611065,9.840062168833093,0.030004951759521763,0.030004951759521763
25.129135847091675,1.2033019065856934,0.42015206813812256,0.501099169254303,71.21206665039062,189,1.2572719290444343,0.5573753510752485,9.402097754506725,0.03086884338132836,0.03086884338132836
25.188912391662598,1.2047380208969116,0.42457935214042664,0.50093013048172,72.30900573730469,189,1.258530843805097,0.5618458359994363,8.398885187569809,0.030922819645548022,0.030922819645548022
25.238997220993042,1.2065858840942383,0.4292222559452057,0.5007258653640747,73.40579986572266,189,1.259880791213923,0.566639583541506,7.402560926576841,0.03065992752975093,0.03065992752975093
25.28900980949402,1.208543062210083,0.4349925220012665,0.5004557967185974,74.4625015258789,189,1.2615290161270993,0.5724925331265494,6.468479804606414,0.0306502674314202,0.0306502674314202
25.338972330093384,1.210561752319336,0.4404245913028717,0.5003309845924377,75.5165786743164,190,1.2642233986356495,0.5812117559145118,5.405817180563518,0.030777278140473905,0.030777278140473905
25.396114826202393,1.2147643566131592,0.4532732665538788,0.5001251697540283,77.3876953125,190,1.269023584822292,0.5937728583107775,2.785999020069006,0.029485298644066595,0.029485298644066595
25.44621443748474,1.2170305252075195,0.4604012072086334,0.4999743103981018,78.30281066894531,190,1.2716814876885179,0.6007280447897723,1.455252587666982,0.028829317610363735,0.028829317610363735
25.496302604675293,1.2195236682891846,0.4677906036376953,0.4996771216392517,79.02239990234375,191,1.2760988160162985,0.6100047619885602,-0.45122650509260226,0.02727354557535317,0.02727354557535317
25.546199321746826,1.2221975326538086,0.47672039270401,0.4994690418243408,79.7318344116211,191,1.2801758192794328,0.6182721067674524,-2.3240648520540823,0.02572387960136932,0.02572387960136932
25.602290630340576,1.2239042520523071,0.48273614048957825,0.4993917942047119,80.23735046386719,191,1.2829170242187542,0.6238307205041381,-3.613648531757295,0.024770262062791613,0.024770262062791613
25.652445077896118,1.2268972396850586,0.4928477704524994,0.49922820925712585,80.80445861816406,192,1.289383076795746,0.6337509434538355,-6.477367673325461,0.022098267743328386,0.022098267743328386
25.702465295791626,1.2296109199523926,0.503397524356842,0.4991491138935089,81.26454162597658,192,1.2953069126363395,0.6426650143608184,-9.07436827764763,0.01995148112194489,0.01995148112194489
25.752338409423828,1.2324070930480957,0.5141315460205078,0.49901825189590454,81.56478881835939,193,1.3018844602434059,0.6513186130071164,-11.80771307989194,0.01771914438676692,0.01771914438676692
25.80834650993347,1.2356879711151123,0.5271139144897461,0.49883753061294556,81.62788391113281,193,1.3101201621399545,0.6615629488921317,-14.94811558212882,0.015127265246315094,0.015127265246315094
25.858441829681396,1.2382200956344604,0.537447452545166,0.4985954165458679,81.49297332763672,194,1.31590503742336,0.6681032154813349,-16.808958104353007,0.014354614885414603,0.014354614885414603
25.90839648246765,1.2405232191085815,0.5477725863456726,0.49834129214286804,81.1273422241211,194,1.3232377245439353,0.6757008636695896,-18.805149881177794,0.01382721679736115,0.01382721679736115
25.958473205566406,1.2427974939346313,0.5568377375602722,0.4980902075767517,80.6014633178711,194,1.3297075920240518,0.6824045148864301,-20.362605377556168,0.013117350043934608,0.013117350043934608
26.014036417007446,1.2443045377731323,0.5629000663757324,0.4979512393474579,79.79669189453125,195,1.3334550343687206,0.6857058235052387,-20.672966289977616,0.013493681934516026,0.013493681934516026
26.064083337783813,1.246194839477539,0.5705397129058838,0.4977368116378784,78.73004150390625,195,1.3394167332725762,0.6908566975396095,-21.366398447927388,0.01361553985721103,0.01361553985721103
26.114097356796265,1.2480933666229248,0.576858639717102,0.4974682331085205,77.4166488647461,195,1.3444166166873457,0.6951765684474411,-21.528774325908202,0.013395655013366424,0.013395655013366424
26.16408681869507,1.2500245571136475,0.5829984545707703,0.4970403015613556,75.92125701904297,195,1.3489852960224977,0.6991238814765481,-21.37982303347621,0.013241015972750571,0.013241015972750571
26.229313373565674,1.2523589134216309,0.5881732702255249,0.4968542158603668,74.2525863647461,196,1.3529936972600556,0.7018022095556938,-20.84497260740576,0.013063058273749342,0.013063058273749342
26.279401063919067,1.2549129724502563,0.5934171676635742,0.4967285394668579,72.45040893554688,196,1.3578331551376344,0.7050358319286021,-20.413521107911443,0.012480319024126444,0.012480319024126444
26.329471826553345,1.2578327655792236,0.5977756381034851,0.49680399894714355,70.62637329101562,196,1.3620924444394698,0.7078817980528068,-19.796372998008284,0.011284322573954614,0.011284322573954614
26.379456043243408,1.2609739303588867,0.6029691100120544,0.49709999561309814,68.66319274902344,196,1.3670672338314669,0.7112058460526868,-19.241906350454382,0.010172105688833387,0.010172105688833387
26.446350574493408,1.2682137489318848,0.6117991209030151,0.4985204041004181,64.46290588378906,197,1.3758326293190304,0.716253853848131,-17.43871216371575,0.007532759320175702,0.007532759320175702
26.496419668197632,1.2711765766143799,0.6159839034080505,0.4991728663444519,62.407447814941406,197,1.3802907794269006,0.7186377131249106,-16.585282926255417,0.006716372778394434,0.006716372778394434
26.546435594558716,1.2745671272277832,0.620003342628479,0.5000293850898743,60.39617156982422,197,1.384784925765786,0.7210408202841434,-15.785759397751628,0.0054756018489166515,0.0054756018489166515
26.59650421142578,1.2778195142745972,0.6246842741966248,0.5009704828262329,58.43934631347656,197,1.3897476038206562,0.7236944604336503,-15.165739588250986,0.0046366180713148025,0.0046366180713148025
26.66206407546997,1.2809793949127197,0.628584623336792,0.5018909573554993,56.49225616455078,198,1.3936863041712013,0.7255886272220382,-14.227542428457387,0.0040144362867606895,0.0040144362867606895
26.71215558052063,1.2843071222305298,0.6334829926490784,0.5026919841766357,54.55534744262696,198,1.399128564656543,0.7278928338930296,-13.611555410559163,0.003931856375070544,0.003931856375070544
26.762143850326538,1.2873170375823975,0.6377419233322144,0.5032622814178467,52.71541595458985,198,1.4039196955434214,0.729921357845691,-12.935838087839098,0.003765589315154344,0.003765589315154344
26.812145709991455,1.2899916172027588,0.6425777077674866,0.503657341003418,50.81929016113281,198,1.4089818038424355,0.7320646113234114,-12.270017147231659,0.004167940566088098,0.004167940566088098
26.884744882583618,1.2927106618881226,0.6469405889511108,0.5037556886672974,48.92909240722656,198,1.4137045431174178,0.7340641788509263,-11.526888942966888,0.004282238185388934,0.004282238185388934
26.9348361492157,1.2955482006072998,0.6523897647857666,0.5034505724906921,47.19763946533203,199,1.4190223352615292,0.7358757234495901,-11.050639314430406,0.005416887797925568,0.005416887797925568
26.9847993850708,1.2981147766113281,0.6568198204040527,0.5031461119651794,45.409355163574226,199,1.4238463158767682,0.7374207303656889,-10.394215747178338,0.006131677711893602,0.006131677711893602
27.03484058380127,1.3007943630218506,0.6615536212921143,0.5027181506156921,43.74127197265625,199,1.428963445139719,0.7390596258614245,-9.927137911473993,0.006930521969772199,0.006930521969772199
27.106313943862915,1.3060578107833862,0.6699042320251465,0.5024383664131165,40.6686019897461,199,1.4383107136978492,0.7420533349412918,-9.045843684883264,0.007907081541659481,0.007907081541659481
27.15637731552124,1.307592749595642,0.671725869178772,0.5023326277732849,39.16963195800781,200,1.4398946375756039,0.7423963338862891,-7.920217227388372,0.008216132437386735,0.008216132437386735
27.206417083740234,1.3124877214431763,0.6777395009994507,0.5025101900100708,37.7218132019043,200,1.447487610448678,0.7439066700959218,-8.26646539105664,0.008771189106779844,0.008771189106779844
27.256402730941772,1.316739559173584,0.6814517974853516,0.5026758909225464,36.406036376953125,200,1.4530143520901737,0.7450060073597274,-8.257537394829964,0.008251261668272204,0.008251261668272204
27.322227001190186,1.3206161260604858,0.6848393082618713,0.5028984546661377,35.242435455322266,200,1.458055324503738,0.7460087191164051,-8.285350974404176,0.007781219523105428,0.007781219523105428
27.37239170074463,1.323258638381958,0.6865887641906738,0.5030164122581482,34.17593765258789,200,1.4610958050426368,0.7466135082983693,-7.936748621692521,0.007100927718618566,0.007100927718618566
27.4223895072937,1.3295248746871948,0.6904650926589966,0.5031802654266357,33.21788024902344,201,1.4676411678587793,0.7474103627101865,-8.53772316203222,0.005927309745526694,0.005927309745526694
27.472422122955322,1.3347678184509277,0.6929681897163391,0.5032330751419067,32.453792572021484,201,1.473218647055448,0.7479047721887365,-9.109306431945301,0.004422898175482388,0.004422898175482388
27.536303758621216,1.3400648832321167,0.6959799528121948,0.5034169554710388,31.814825057983402,201,1.4791678818005836,0.7484321355269756,-9.895561293009516,0.00326665349281725,0.00326665349281725
27.586358547210693,1.3444621562957764,0.6981714963912964,0.5033923983573914,31.318075180053714,201,1.4839057187702047,0.7488521158483733,-10.533065209537678,0.002101022692683726,0.002101022692683726
27.636395692825317,1.3493878841400146,0.7005917429924011,0.5032156705856323,30.873109817504883,202,1.4890797942128735,0.7492842518980567,-11.28170591866033,0.000966535349695245,0.000966535349695245
27.686346292495728,1.3538918495178223,0.7030569314956665,0.5030592679977417,30.442855834960938,202,1.4941833393826958,0.7496187559211209,-11.878586033700044,0.0005252713304012995,0.0005252713304012995
27.741603136062622,1.3579021692276,0.7050667405128479,0.5026065707206726,30.06492614746094,202,1.4986248583833346,0.7499098684565825,-12.39447784901748,1.2148021497076061e-05,-1.2148021497076061e-05
27.79170513153076,1.361587405204773,0.7070112228393555,0.5018119812011719,29.70362663269043,202,1.5027604430085575,0.750180928993685,-12.864969709959567,0.00042410321863828196,-0.00042410321863828196
27.841758012771606,1.365797996520996,0.7096553444862366,0.5004448890686035,29.273147583007816,202,1.5077197759214562,0.75050598084605,-13.430870635349088,0.0005557492456852983,-0.0005557492456852983
27.891759395599365,1.3694610595703125,0.7118102312088013,0.4989006519317627,28.769615173339844,202,1.51195360804351,0.7507834808643078,-13.776590552111937,0.0007834674826673808,-0.0007834674826673808
27.954888105392456,1.3772295713424683,0.7162309288978577,0.49650001525878906,27.540271759033203,203,1.5209390897605835,0.7515931804372588,-13.970679136465295,0.0006571118338350664,-0.0006571118338350664
28.005051136016846,1.3812284469604492,0.7187821269035339,0.49574947357177734,26.75192642211914,203,1.5256491240943428,0.7520308886455791,-13.904501813844186,0.0003036586242503613,-0.0003036586242503613
28.05502986907959,1.3858009576797485,0.7208898067474365,0.4953029155731201,25.84898948669434,203,1.530654665583497,0.7524960586298373,-13.76767758507467,0.0005883952049495794,-0.0005883952049495794
28.10504937171936,1.3905390501022339,0.7233169078826904,0.49528059363365173,24.81753158569336,203,1.5359556308971583,0.7529886826460106,-13.545721959332438,0.0006757796451306199,-0.0006757796451306199
28.170417308807373,1.39506196975708,0.7249674201011658,0.49542713165283203,23.660161972045902,204,1.540774983793555,0.753758614737905,-12.90108634781343,0.0010834146739538805,-0.0010834146739538805
28.220499753952026,1.3998719453811646,0.7266110777854919,0.4956185221672058,22.409547805786133,204,1.5457582483566459,0.7547498476894285,-12.045652998828514,0.0014348418563361817,-0.0014348418563361817
28.27047848701477,1.405074119567871,0.7277355790138245,0.4958249032497406,20.990367889404297,204,1.5508975415109771,0.7557721166574146,-11.033294070437682,0.002399866595421835,-0.002399866595421835
28.320521354675293,1.4107681512832642,0.7288199067115784,0.4961138367652893,19.627914428710938,204,1.556466610196744,0.7568798732938005,-10.110797098061873,0.003583644434268177,-0.003583644434268177
28.387184858322144,1.4164210557937622,0.7295084595680237,0.4964303970336914,18.18092918395996,204,1.5618467934180837,0.7579500582752935,-9.087927436978104,0.005101462156972447,-0.005101462156972447
28.43721890449524,1.4234979152679443,0.7303337454795837,0.4970190227031708,16.70061492919922,205,1.5689640557793354,0.7602113831799573,-7.628364996980439,0.006566803107968509,-0.006566803107968509
28.487251043319702,1.4303150177001953,0.7314482927322388,0.4979119300842285,15.298309326171877,205,1.5754631681645852,0.7623233786978268,-6.214969421619265,0.007573228829270134,-0.007573228829270134
28.53726863861084,1.4369843006134033,0.7324508428573608,0.4990955591201782,13.956071853637695,205,1.581795872949736,0.7643812972764598,-4.861925503796051,0.008640577581701314,-0.008640577581701314
28.59874725341797,1.4498629570007324,0.7356395721435547,0.5008195042610168,11.586913108825685,206,1.5950386409971629,0.7696184571438593,-1.7085479424505903,0.008569199009036443,-0.008569199009036443
28.648837089538574,1.4575871229171753,0.7377243638038635,0.5017139911651611,10.63197135925293,206,1.602360908033309,0.7727554813257645,-0.12102041030560463,0.008033163824430476,-0.008033163824430476
28.698842763900757,1.4654492139816284,0.7405624389648438,0.5024857521057129,9.842059135437012,207,1.6105380292209963,0.776436718990418,1.5199518009210375,0.0065876542619174045,-0.0065876542619174045
28.748953819274902,1.4735981225967407,0.7436368465423584,0.5026068687438965,9.181422233581543,207,1.6179148203901412,0.7804216878479029,3.484047464886599,0.004247125262713766,-0.004247125262713766
28.80496859550476,1.482399344444275,0.7467237114906311,0.5025739073753357,8.671463012695312,207,1.6258639752769155,0.7847158496237732,5.403365784432407,0.0019625678294941814,-0.0019625678294941814
28.85506272315979,1.491438627243042,0.7500864863395691,0.5023833513259888,8.372899055480957,208,1.6338604360390991,0.789414003137867,7.308933124028664,0.0006322792113020753,0.0006322792113020753
28.905094146728516,1.501219391822815,0.7539784908294678,0.5021405816078186,8.313714027404785,208,1.6421870824463558,0.7949776903927034,9.37658932808844,0.003775642875324401,0.003775642875324401
28.95507502555847,1.5110565423965454,0.757739782333374,0.50157630443573,8.51179027557373,208,1.6505534034479579,0.8005678873639495,11.199171861031896,0.006730220299403442,0.006730220299403442
29.027529001235962,1.5183889865875244,0.7611181139945984,0.5012372732162476,8.877138137817383,209,1.656549250634739,0.8055618356427875,12.642216843040964,0.009333612901845045,0.009333612901845045
29.077665090560913,1.5278551578521729,0.7650487422943115,0.5007055997848511,9.54723834991455,209,1.6639384016880336,0.8120009856927041,14.308271555774052,0.01209532484343944,0.01209532484343944
29.127774715423584,1.5363596677780151,0.7689958214759827,0.5004556179046631,10.35452651977539,210,1.6717350792777634,0.8190037421703572,15.989775654517416,0.015260489740528321,0.015260489740528321
29.17757558822632,1.5457830429077148,0.7745813131332397,0.5000244975090027,11.249384880065918,210,1.6788648284025194,0.8264543388867083,17.50574243839108,0.018545048492909777,0.018545048492909777
29.242672443389893,1.5578621625900269,0.7829301953315735,0.4989999830722809,13.318220138549805,211,1.689974701359171,0.8385234271218527,19.23741988166408,0.02423435748095787,0.02423435748095787
29.292819261550903,1.564291000366211,0.7875832915306091,0.49858906865119934,14.522945404052734,211,1.6946758233345176,0.844422373879773,19.71934098668786,0.026379801663642524,0.026379801663642524
29.34279751777649,1.5696041584014893,0.7925581932067871,0.4981379508972168,15.927633285522461,211,1.6987783610131757,0.8495702197484143,19.787490061593846,0.029116412105839113,0.029116412105839113
29.392804384231567,1.5744504928588867,0.7970702648162842,0.4978354871273041,17.46739959716797,212,1.7042747671833973,0.8567149069260868,20.263346998292693,0.032273500890100046,0.032273500890100046
29.45887804031372,1.578285574913025,0.8010473251342773,0.49770039319992065,19.07396697998047,212,1.7070793365793113,0.8609742648871073,19.795448767657234,0.0341663975849623,0.0341663975849623
29.50897765159607,1.5831279754638672,0.8053933382034302,0.49766144156455994,20.684881210327152,212,1.7104739834706402,0.866129785831784,19.563631913955806,0.03592173986097004,0.03592173986097004
29.55892062187195,1.5887802839279175,0.8102381825447083,0.49757134914398193,22.277889251708984,212,1.7143869257040885,0.872072452708679,19.55947502389789,0.03771287337029579,0.03771287337029579
29.608958959579468,1.5941888093948364,0.8146532773971558,0.49761220812797546,23.867036819458008,213,1.7195547385551258,0.8811815185705947,20.37973234422165,0.039817159427437465,0.039817159427437465
29.66969394683838,1.600151538848877,0.819487452507019,0.4977489411830902,25.42827033996582,213,1.7228971019473982,0.8879591610586756,20.60030241040747,0.040798402213808954,0.040798402213808954
29.71977162361145,1.607075810432434,0.8244004249572754,0.4978158175945282,27.009483337402344,213,1.7266308848042686,0.8955305237029948,21.009121684988557,0.041294548078086434,0.041294548078086434
29.769746780395508,1.613255262374878,0.829090416431427,0.4977288842201233,28.55915641784668,214,1.731119598485902,0.9064909920701889,22.26625198788682,0.042478515932710806,0.042478515932710806
29.81974720954895,1.618937373161316,0.8326783180236816,0.49732890725135803,30.17304611206055,214,1.733487066145021,0.9127661172620752,22.245644736223163,0.041934849056827914,0.041934849056827914
29.877158164978027,1.624795913696289,0.8363557457923889,0.49680548906326294,31.79474067687988,214,1.7359237601773854,0.9192247314055507,22.262613425414294,0.041327624535189005,0.041327624535189005
29.927244663238525,1.6302510499954224,0.8403788208961487,0.4961636960506439,33.44685745239258,215,1.7394755323611322,0.9310655361173253,23.414400565845042,0.04188348928975007,0.04188348928975007
29.97731351852417,1.6354963779449463,0.8438627123832703,0.4958496689796448,35.0643196105957,215,1.74113908893257,0.937070827721371,23.191521232492686,0.040799852953827355,0.040799852953827355
30.02725315093994,1.6405372619628906,0.8477775454521179,0.4955633878707886,36.6912956237793,215,1.7428370147839984,0.9432001893763599,22.987585598597654,0.040132397334885,0.040132397334885
30.08586549758911,1.6453763246536255,0.8511995077133179,0.4953562319278717,38.39814376831055,216,1.7448179680213507,0.9526482713193086,23.438812867028012,0.03978654346795222,0.03978654346795222
30.13592839241028,1.6495800018310547,0.8548772931098938,0.49534350633621216,40.24307632446289,216,1.745813210638593,0.9581274000034836,22.838511360535687,0.03906302235220849,0.03906302235220849
30.185912132263184,1.6539772748947144,0.8583376407623291,0.4957696199417114,42.11848449707031,216,1.7468042943162647,0.9635836323961369,22.202357328651193,0.038052551397016014,0.038052551397016014
30.23596692085266,1.6588153839111328,0.8628242015838623,0.49625614285469055,44.10261535644531,217,1.7482727251031343,0.9736468776186756,22.51760656830947,0.038135330180853085,0.038135330180853085
30.29328227043152,1.668439507484436,0.8717949986457825,0.497528612613678,48.10887908935547,217,1.749125535351138,0.9866582476527453,21.53757531100373,0.03569752252145194,0.03569752252145194
30.343417167663574,1.6738128662109375,0.877457320690155,0.4985541105270386,50.08026885986328,218,1.749854000010949,0.9977724706205581,22.071920178543476,0.03550622046025329,0.03550622046025329
30.39338445663452,1.6786038875579834,0.8823890089988708,0.49960026144981384,52.07538986206055,218,1.7502959012823793,1.004514581159884,21.415481403339687,0.03403227997965055,0.03403227997965055
30.44339656829834,1.6834429502487183,0.8877049684524536,0.5005955100059509,53.972286224365234,218,1.7507605308432133,1.0116034583854259,20.92363221632635,0.032707395701858884,0.032707395701858884
30.50020670890808,1.6876137256622314,0.8920521140098572,0.5013906955718994,55.8421516418457,218,1.7511481698326594,1.0175176864837938,20.222850507842537,0.03144986081539616,0.03144986081539616
30.550365924835205,1.6930029392242432,0.8976643681526184,0.5024270415306091,57.74259948730468,219,1.752477834039764,1.0289877140877777,19.977692003129093,0.03018374589607753,0.03018374589607753
30.600371599197388,1.6979793310165405,0.9030924439430237,0.503380298614502,59.60933303833008,219,1.7534090667728475,1.035980144153531,18.991217508157266,0.028071299766392593,0.028071299766392593
30.65042996406555,1.7024571895599365,0.9076934456825256,0.5039799809455872,61.5321273803711,219,1.7542135396649303,1.0420207613245538,17.826920533184417,0.02606227147901044,0.02606227147901044
30.70555806159973,1.7066185474395752,0.9126227498054504,0.5042436718940735,63.48779296875,220,1.7558586526999167,1.0505773506716933,16.55756856988811,0.024650794636772402,0.024650794636772402
30.755691528320312,1.7103852033615112,0.917031466960907,0.5042365193367004,65.45858764648438,220,1.7570648997471063,1.0558981833772572,14.873323142025686,0.02269538454640274,0.02269538454640274
30.805607080459595,1.713634729385376,0.9221555590629578,0.5037887096405029,67.37783813476562,220,1.7583787968953157,1.0616938675484453,13.265785281199596,0.021463394720340704,0.021463394720340704
30.85560703277588,1.7164270877838135,0.927105724811554,0.5032100081443787,69.27156829833984,220,1.7596210189798511,1.0671733884396002,11.66635538974563,0.020593513245548197,0.020593513245548197
30.9126398563385,1.7184284925460815,0.9322201609611511,0.5026267766952515,71.09284973144531,221,1.7617533735654574,1.074234263567209,9.862711270709227,0.02046152580089844,0.02046152580089844
30.962685346603394,1.7205793857574463,0.9379296898841858,0.5021113753318787,72.74018859863281,221,1.763710728118952,1.0800004441420192,8.082961644067803,0.019921520902785532,0.019921520902785532
31.01270627975464,1.72274911403656,0.9446163773536682,0.5017305612564087,74.31489562988281,221,1.7659730388949875,1.0866649967789805,6.355136524593936,0.019623201275117116,0.019623201275117116
31.06268334388733,1.724953532218933,0.9514981508255005,0.501339316368103,75.76092529296875,222,1.769091571377363,1.09508797817774,4.548437485116901,0.01933800113689312,0.01933800113689312
31.11997675895691,1.7278250455856323,0.9596049189567566,0.501155436038971,77.00150299072266,222,1.772742423715819,1.102753720763629,2.453880009190097,0.017962450393729665,0.017962450393729665
31.170132637023926,1.7308850288391113,0.9681825637817383,0.5011980533599854,78.07414245605469,222,1.776606999834349,1.1108682219764483,0.4737076266621676,0.016481521472896422,0.016481521472896422
31.220070123672485,1.7339396476745605,0.976632833480835,0.5013841986656189,79.05824279785158,223,1.781547612828682,1.120162156022846,-1.9776684125981119,0.014312420605337548,0.014312420605337548
31.270082473754883,1.7371693849563599,0.9857088327407837,0.5015013217926025,79.95882415771484,223,1.7862631866621022,1.12811824108899,-4.541469301550073,0.011656964647334048,0.011656964647334048
31.330251932144165,1.740203619003296,0.994264543056488,0.5018951296806335,80.66348266601562,223,1.7907080918149414,1.1356176557426843,-6.818371519425982,0.009180829756063649,0.009180829756063649
31.38034415245056,1.7442002296447754,1.0051281452178955,0.5027124285697937,81.20630645751953,224,1.797057331579964,1.14469273584199,-9.675308899128387,0.0059218223836902265,0.0059218223836902265
31.430405855178833,1.7476258277893066,1.0155935287475586,0.5037293434143066,81.60540008544922,224,1.80329265776497,1.1533248998988446,-12.362448597253138,0.0032407513908870077,0.0032407513908870077
31.480302572250366,1.7510693073272705,1.025641679763794,0.5046085119247437,81.8048324584961,225,1.8096446780367041,1.161293239081266,-14.803074900820704,0.0009201585906912578,0.0009201585906912578
31.5368754863739,1.7539931535720825,1.035164475440979,0.505598783493042,81.70621490478516,225,1.8161369310354785,1.1686962347975012,-16.91739232728425,0.0006544192184202572,-0.0006544192184202572
31.58703637123108,1.7568858861923218,1.0439242124557495,0.5063592195510864,81.34517669677734,225,1.8221266842221475,1.17552623929526,-18.595527299394657,0.0022578462069980797,-0.0022578462069980797
31.637062549591064,1.7594116926193237,1.05136239528656,0.5068854093551636,80.81490325927736,226,1.828069237082978,1.1809367309017478,-19.96666376754437,0.0031579726352781463,-0.0031579726352781463
31.686949491500854,1.7622289657592773,1.0580494403839111,0.5070466995239258,80.04507446289062,226,1.8334290581788455,1.1856730405771634,-20.901806140511855,0.00433537056614194,-0.00433537056614194
31.745178699493408,1.7672487497329712,1.0684912204742432,0.5063154101371765,77.87677764892578,227,1.842528528194463,1.1935564092638233,-21.59569745546524,0.0068105513724569956,-0.0068105513724569956
31.795491695404053,1.7690443992614746,1.0722368955612183,0.505741536617279,76.59403991699219,227,1.8458469272290305,1.1959918334009374,-21.273536242965257,0.007256354717189816,-0.007256354717189816
31.845280170440674,1.7718619108200073,1.0765351057052612,0.5052855014801025,75.1875228881836,227,1.8498506201445613,1.1989302052671604,-21.027215653383937,0.008442506030613778,-0.008442506030613778
31.89534592628479,1.7743078470230103,1.0800902843475342,0.5050746202468872,73.650390625,227,1.8531920648215767,1.2013825429560472,-20.45877169946555,0.009512976199511827,-0.009512976199511827
31.960676908493042,1.7768487930297852,1.0842949151992798,0.504980742931366,71.99581909179688,227,1.8570529245839977,1.2042160873723344,-19.923149219714237,0.01044663485636095,-0.01044663485636095
32.010727405548096,1.7803306579589844,1.0894575119018555,0.5053010582923889,70.15055847167969,228,1.8631737953352292,1.208501223492831,-19.804141379179853,0.01218474297346441,-0.01218474297346441
32.060720682144165,1.7829512357711792,1.0945414304733276,0.5056852102279663,68.28458404541016,228,1.8680637545050998,1.2114497522821015,-19.214215682793846,0.012286575671003608,-0.012286575671003608
32.11073040962219,1.7856533527374268,1.0993887186050415,0.5061778426170349,66.3648910522461,228,1.8728009623094986,1.214306175640008,-18.532020280626437,0.012550646095978484,-0.012550646095978484
32.17675185203552,1.7876313924789429,1.1038572788238525,0.5066331624984741,64.4289321899414,228,1.876979380600432,1.2168256622443834,-17.68772686392988,0.012347560933617408,-0.012347560933617408
32.226784229278564,1.7897846698760986,1.110334873199463,0.5071626305580139,62.42453765869141,229,1.8837528671530057,1.220816762038169,-17.441038069114896,0.011718576444018886,-0.011718576444018886
32.27681922912598,1.7918392419815063,1.116080403327942,0.5077946782112122,60.38893508911133,229,1.8891505589539976,1.2234376108823797,-16.745034007772293,0.010526556747223265,-0.010526556747223265
32.326786041259766,1.7936705350875854,1.1225662231445312,0.5084985494613647,58.266735076904304,229,1.8950195143671758,1.226287281737712,-16.080410344058624,0.008793389627334364,-0.008793389627334364
32.39594101905823,1.797104835510254,1.1338404417037964,0.5096821784973145,54.2828483581543,230,1.9058813377255228,1.2314967826084227,-14.791128604303434,0.006184776398423878,-0.006184776398423878
32.445982456207275,1.799180030822754,1.1408748626708984,0.5100803971290588,52.19096755981445,230,1.912443017700515,1.2337241728212323,-14.332895019340288,0.0037972741254943673,-0.0037972741254943673
32.49596548080444,1.8017559051513672,1.1477782726287842,0.5104007720947266,50.255245208740234,230,1.9191820518790528,1.2360117666737627,-14.077067129401014,0.0019043173131090478,-0.0019043173131090478
32.5462007522583,1.8043547868728638,1.1546070575714111,0.5105400085449219,48.428382873535156,230,1.9258764829738035,1.2382842198195432,-13.91825447276634,0.00010381218405807702,-0.00010381218405807702
32.617459297180176,1.8066908121109009,1.1595385074615479,0.5101991295814514,46.729331970214844,231,1.9309222380011293,1.2398074807544066,-13.464680654742812,0.001025239634693636,0.001025239634693636
32.66753578186035,1.8099905252456665,1.1652635335922241,0.5094766616821289,45.12020492553711,231,1.9372203949982216,1.2412854554856845,-13.389613689975237,0.00225451815785385,0.00225451815785385
32.71750211715698,1.8130899667739868,1.170464277267456,0.5085396766662598,43.642601013183594,231,1.9430070907627166,1.2426434067278436,-13.32268270705062,0.003279292961063042,0.003279292961063042
32.76756143569946,1.8169667720794678,1.174880862236023,0.5070945024490356,42.243919372558594,231,1.9487189368992985,1.243983793171483,-13.315827811997009,0.0032492611329179334,0.0032492611329179334
32.836498737335205,1.820238709449768,1.1786870956420898,0.5056522488594055,40.91324996948242,231,1.9534120117224942,1.2450851067786035,-13.127132085326654,0.0033397862775190563,0.0033397862775190563
32.886534690856934,1.8243604898452759,1.1817951202392578,0.5039060115814209,39.60702133178711,232,1.9582466046996794,1.2457662585806393,-12.911238928427112,0.002996669934157067,0.002996669934157067
32.93654775619507,1.8277591466903687,1.1845299005508423,0.5023256540298462,38.34256362915039,232,1.9625536429647483,1.2463730825448347,-12.61946456173305,0.0027891668384494627,0.0027891668384494627
32.986552715301514,1.8319052457809448,1.1868629455566406,0.5007149577140808,37.05327606201172,232,1.9671513384866683,1.2470208575705184,-12.369224175378232,0.0018197357170125733,0.0018197357170125733
33.05380463600159,1.8388690948486328,1.1913082599639893,0.49819469451904297,34.62437057495117,232,1.9752184087723004,1.2481574371105408,-11.763193809403825,0.000588054135196387,0.000588054135196387
33.1039834022522,1.8430776596069336,1.1934181451797485,0.49674564599990845,33.43722152709961,233,1.9797810667996631,1.24867478110362,-11.592475102089985,0.00042260210144936123,-0.00042260210144936123
33.153952836990356,1.8473349809646606,1.1961338520050049,0.4957331120967865,32.33998107910156,233,1.9848188873189039,1.2490049773054928,-11.592179265496352,0.0007379861207538819,-0.0007379861207538819
33.20387649536133,1.8517783880233765,1.1983815431594849,0.49497416615486145,31.245128631591793,233,1.989729845346624,1.2493268585003698,-11.567040721762147,0.0015169693022725758,-0.0015169693022725758
33.27340602874756,1.8554437160491943,1.2013263702392578,0.49444127082824707,30.17803192138672,233,1.9944260533179676,1.2496346642329124,-11.522550101040373,0.0013128906967222053,-0.0013128906967222053
33.323562145233154,1.859779715538025,1.2039237022399902,0.4940136969089508,29.12030792236328,233,1.9994572654874334,1.2499644273006574,-11.559271272263992,0.001751310508810409,-0.001751310508810409
33.373483419418335,1.8643813133239746,1.2073639631271362,0.49374568462371826,28.048877716064453,234,2.0053550405765836,1.2503509879029058,-11.691487066073085,0.0015449245936845456,-0.0015449245936845456
33.42350792884827,1.8689924478530884,1.2103791236877441,0.4935571253299713,27.010290145874023,234,2.01085980122861,1.2507117889780086,-11.66205186407277,0.0013440322751537947,-0.0013440322751537947
33.49482297897339,1.8787976503372192,1.2173045873641968,0.4933883547782898,24.980382919311523,234,2.022830576990575,1.251496395074032,-11.820908018490325,0.0005030831317471635,-0.0005030831317471635
33.54485774040222,1.8839590549468994,1.221238613128662,0.49312254786491394,23.942604064941406,235,2.029240435585589,1.2520499451604379,-11.860281808899803,0.00028104902233398363,0.00028104902233398363
33.59506845474243,1.8891056776046753,1.224592924118042,0.49292585253715515,22.92267608642578,235,2.03523974420263,1.2530929074938877,-11.492450214712672,0.0010253011667175824,0.0010253011667175824
33.64490532875061,1.8945128917694092,1.2283486127853394,0.49262481927871704,21.89318084716797,235,2.041642365480093,1.2542059845589297,-11.157092516243994,0.0020033302070862832,0.0020033302070862832
33.70460867881775,1.8993875980377197,1.2312209606170654,0.4923161566257477,20.872222900390625,235,2.047193686855225,1.2551710656148853,-10.736329021122478,0.002435106694885704,0.002435106694885704
33.7546706199646,1.9053915739059448,1.2344567775726318,0.49198877811431885,19.85685157775879,236,2.0535261383687216,1.2563592716184917,-10.32817261373972,0.0029220805051822923,0.0029220805051822923
33.80469059944153,1.9113713502883911,1.2377657890319824,0.4918537437915802,18.842975616455078,236,2.060007612859228,1.2581020052243783,-9.480140893043435,0.0041157412530663275,0.0041157412530663275
33.85467028617859,1.9170382022857666,1.2404612302780151,0.4915667176246643,17.863948822021484,236,2.0660134924996902,1.2597168612725933,-8.654704608908743,0.004834638093654543,0.004834638093654543
33.91914772987366,1.9232122898101807,1.2432971000671387,0.4915197789669037,16.901275634765625,236,2.0725257191125785,1.2614678634842125,-7.858476541970741,0.005522998804826128,0.005522998804826128
33.96924448013306,1.9294703006744385,1.2458043098449707,0.4913915991783142,15.92867660522461,237,2.0784010220612594,1.26321754056934,-6.907859854076699,0.006153485519036559,0.006153485519036559
34.01923108100891,1.9362611770629883,1.2485207319259644,0.4914707541465759,14.95109176635742,237,2.0851884371670835,1.2657198151444882,-5.592744726529952,0.0072466937494183765,0.0072466937494183765
34.06926345825195,1.9434009790420532,1.2507506608963013,0.4917365312576294,14.02840518951416,237,2.092190358334419,1.2683011703498273,-4.321331652228391,0.007788303566121548,0.007788303566121548
34.12814927101135,1.950877070426941,1.2530959844589233,0.4919015169143677,13.099117279052734,237,2.099524296769466,1.2710049283188916,-3.0262317836935564,0.00836562274560329,0.00836562274560329
34.17835760116577,1.9604591131210327,1.2561699151992798,0.4921702444553375,12.240280151367188,238,2.107784450985059,1.2750038798005547,-1.1028877910253976,0.009978445494976297,0.009978445494976297
34.22833585739136,1.9692407846450806,1.2586153745651245,0.49213942885398865,11.437925338745117,238,2.1159065130397705,1.279009237552778,0.8002891637829674,0.01115930362523654,0.01115930362523654
34.2782678604126,1.978403091430664,1.2613130807876587,0.4924418032169342,10.79137897491455,239,2.1234844738929817,1.2828915105684486,2.566231680938998,0.012523213112732207,0.012523213112732207
34.33644461631775,1.9878672361373901,1.2637310028076172,0.49278587102890015,10.231040000915527,239,2.131537033416652,1.2881069928403377,4.992671764803452,0.014205454916513564,0.014205454916513564
34.386566400527954,1.9956457614898682,1.266607403755188,0.4931487739086151,9.7775239944458,239,2.1382041528759532,1.2924251532019395,6.996571994240401,0.016422996439588826,0.016422996439588826
34.436570167541504,2.0053460597991943,1.269309639930725,0.49376440048217773,9.484235763549805,240,2.146280985344222,1.2980358056046553,9.333172774581476,0.01826823679932761,0.01826823679932761
34.48675847053528,2.015371322631836,1.2727848291397095,0.49440547823905945,9.282721519470215,240,2.154313317293671,1.3043382799699637,11.879915930695406,0.02073488838922214,0.02073488838922214
34.54513335227966,2.034424304962158,1.2791392803192139,0.4956798553466797,9.2271146774292,241,2.171137328621938,1.3188022316343777,16.96806652491233,0.024759895435383494,0.024759895435383494
34.59522557258606,2.0448532104492188,1.283453106880188,0.49624568223953247,9.31540298461914,241,2.1791486926899615,1.3263532981344306,19.34144462658818,0.026757865417521527,0.026757865417521527
34.64522862434387,2.0535507202148438,1.2865400314331055,0.49696406722068787,9.62911605834961,242,2.1871218551653384,1.335019698683423,21.673281101718256,0.027974706411494167,0.027974706411494167
34.695207834243774,2.0608232021331787,1.290062427520752,0.4971647262573242,10.13217830657959,242,2.1923667438351937,1.3410003479838117,22.95979566953279,0.029145203392620105,0.029145203392620105
34.76164484024048,2.0664217472076416,1.2924891710281372,0.49737274646759033,10.838077545166016,242,2.1963555165148443,1.3455486715112628,23.613248163060703,0.02975106277234131,0.02975106277234131
34.811665296554565,2.073111057281494,1.2957016229629517,0.4975280463695526,11.717055320739746,243,2.202310839390569,1.3538887097932217,25.14764393011783,0.03095765437145141,0.03095765437145141
34.86168146133423,2.078261613845825,1.2980883121490479,0.497592568397522,12.814544677734375,243,2.2054784554151885,1.3585845287844198,25.40046915742832,0.031166593574606546,0.031166593574606546
34.91167640686035,2.083815813064575,1.3004999160766602,0.4976571500301361,14.151508331298828,243,2.208862917881198,1.3636018108663899,25.50598336314208,0.031224203310417756,0.031224203310417756
34.98072123527527,2.090195655822754,1.3034251928329468,0.4978844225406647,15.717741012573242,244,2.214327241839464,1.3725642617897837,26.41453543634781,0.031999591688552334,0.031999591688552334
35.030765771865845,2.0953404903411865,1.3055306673049927,0.4981522560119629,17.586658477783203,244,2.2169946418606,1.3774139071217038,25.83738056039047,0.031416311471926577,0.031416311471926577
35.08075833320618,2.100841760635376,1.3083014488220215,0.4982853829860687,19.607481002807617,244,2.2199573469400775,1.382800451601233,25.25183444608336,0.031212433361278387,0.031212433361278387
35.13078498840332,2.1063411235809326,1.3105698823928833,0.4987173080444336,21.75630760192871,244,2.2228123584709003,1.3879911966088525,24.48498860005498,0.030576041965737148,0.030576041965737148
35.19974446296692,2.1170501708984375,1.3154152631759644,0.4999459683895111,26.343069076538086,245,2.229148645493743,1.4020219685896262,23.36032512827173,0.029485832515048452,0.029485832515048452
35.24977660179138,2.1235783100128174,1.3178943395614624,0.5007578134536743,28.752000808715824,245,2.231881499930752,1.4082697587022424,22.476904475164233,0.027844971373159902,0.027844971373159902
35.299840211868286,2.129889488220215,1.3205698728561401,0.5016019344329834,31.22847366333008,246,2.235220877484493,1.4169299085204148,22.07539022199609,0.026874417216493265,0.026874417216493265
35.34977102279663,2.135970115661621,1.3227698802947998,0.5022890567779541,33.757484436035156,246,2.2371664851937374,1.422766743779798,20.920707707164723,0.024752889127508046,0.024752889127508046
35.423564195632935,2.1423113346099854,1.325373888015747,0.502875030040741,36.26188278198242,246,2.2392560378666184,1.4290354148276456,19.892270738042782,0.022781001684536718,0.022781001684536718
35.473607540130615,2.148538112640381,1.3277840614318848,0.5032800436019897,38.709171295166016,246,2.2412791661738853,1.435104812364469,18.87217771629626,0.02075285331772959,0.02075285331772959
35.52359962463379,2.1541748046875,1.330243706703186,0.5036871433258057,41.162017822265625,247,2.2429565220810574,1.4427108938101836,18.242044117789707,0.01917776608734316,0.01917776608734316
35.573681592941284,2.1609413623809814,1.3330596685409546,0.5041532516479492,43.60737609863281,247,2.2442962458506632,1.449446140025663,17.419161365293423,0.016544405564838535,0.016544405564838535
35.650559186935425,2.173085927963257,1.3386493921279907,0.505215585231781,48.31250000000001,248,2.2467944103388198,1.4631374319915076,16.003211954156683,0.01247117606698267,0.01247117606698267
35.70058727264404,2.1777901649475098,1.3413103818893433,0.505621075630188,50.620994567871094,248,2.2473040993690607,1.4682056963883705,14.901398657933354,0.010688754156196181,0.010688754156196181
35.750582456588745,2.1829211711883545,1.344228744506836,0.505994439125061,52.82779312133789,248,2.2478612266873146,1.4737456793664003,14.014701415522225,0.008773813760227239,0.008773813760227239
35.80057954788208,2.1878278255462646,1.3472251892089844,0.5064461827278137,54.53963088989258,248,2.248409441539118,1.4791970382349868,13.60165841333108,0.007090454501574734,0.007090454501574734
35.874629974365234,2.193028688430786,1.3509595394134521,0.506733775138855,56.47547912597656,249,2.2490660775179427,1.4861573247713407,13.314808695339064,0.005882359117957034,0.005882359117957034
35.924644947052,2.1981217861175537,1.3546650409698486,0.5066872239112854,58.31115722656251,249,2.2491234043669617,1.4920663971573618,12.79925689625703,0.003771822128768424,0.003771822128768424
35.97464442253113,2.2027604579925537,1.3583567142486572,0.5062133073806763,60.08814239501953,249,2.2491781594038978,1.4977103751936771,12.284965098233048,0.0020396349407535387,0.0020396349407535387
36.024622440338135,2.2068123817443848,1.3617602586746216,0.5056071877479553,61.74692916870117,249,2.2492274240681596,1.5027884227783057,11.762727365213477,0.0006390371355639167,0.0006390371355639167
36.09323191642761,2.214118480682373,1.3694578409194946,0.5039050579071045,64.87981414794922,250,2.249100905380572,1.5131267518611808,10.942646735469085,0.001271532145419011,-0.001271532145419011
36.14337873458862,2.217123508453369,1.373716950416565,0.5029494166374207,66.34400939941406,250,2.248682080782902,1.518295275060269,10.636721569698498,0.001823082444601874,-0.001823082444601874
36.19332408905029,2.2197515964508057,1.3778053522109985,0.5018905401229858,67.75209045410156,250,2.2482900374543613,1.5231333028405942,10.313480314030096,0.002131097821152961,-0.002131097821152961
36.2433397769928,2.222057342529297,1.3822963237762451,0.5008898973464966,69.00469207763672,250,2.247882034732219,1.5281682782131354,10.189675910950747,0.0019809731521784816,-0.0019809731521784816
36.30103015899658,2.2238171100616455,1.3862011432647705,0.5000454783439636,70.14524841308594,250,2.247536831678573,1.532428271539918,10.00337004708939,0.0016484848114059559,-0.0016484848114059559
36.3511860370636,2.2255897521972656,1.3909690380096436,0.4989178776741028,71.19865417480469,251,2.2469279370670217,1.5373234547912573,10.068582594586811,0.0011295956571615686,-0.0011295956571615686
36.40119671821594,2.226682186126709,1.395600438117981,0.49818018078804016,72.17645263671875,251,2.246012931772931,1.5419234970417426,10.18071167400558,0.00030156904879786236,-0.00030156904879786236
36.451125621795654,2.22758150100708,1.3999180793762207,0.4976590573787689,73.1229019165039,251,2.2451692450195657,1.5461649967759208,10.240075490737441,0.0005668020752925221,0.0005668020752925221
36.50863313674927,2.2278518676757812,1.4044947624206543,0.49718642234802246,74.0468521118164,251,2.2443284357328306,1.5503920305084715,10.31867521231622,0.002072523889709804,0.002072523889709804
36.558735847473145,2.228034734725952,1.4089398384094238,0.49685269594192505,74.91703033447266,251,2.2435180500228373,1.554466114592174,10.414354546889538,0.003587186081324056,0.003587186081324056
36.60873603820801,2.2278220653533936,1.4138797521591187,0.49658238887786865,75.74987030029297,251,2.242650029130959,1.5588299503019076,10.614981376798458,0.005607888895402357,0.005607888895402357
36.658686876297,2.227660894393921,1.4185919761657715,0.49626535177230835,76.52659606933594,252,2.241298990807234,1.5636002075282487,11.012961277499025,0.0074003739754023145,0.0074003739754023145
36.71737718582153,2.227623462677002,1.4229650497436523,0.49613726139068604,77.33709716796875,252,2.240068206569911,1.5675454831450577,11.188114135852725,0.008719543881426234,0.008719543881426234
36.76748847961426,2.227630853652954,1.4282152652740479,0.49603956937789917,78.15360260009766,252,2.2385856307471594,1.572297876022864,11.559644812872232,0.010233541603331755,0.010233541603331755
36.81756663322449,2.227701187133789,1.4331536293029785,0.49583277106285095,79.1263198852539,252,2.2371851535767826,1.576787101887668,11.709049558710957,0.011577052696780393,0.011577052696780393
36.86745738983154,2.227893829345703,1.4384722709655762,0.4960264265537262,80.40090942382812,252,2.235665835284129,1.5816572726555476,11.650645493365168,0.012892866506829326,0.012892866506829326
36.92314100265503,2.2281017303466797,1.4430819749832153,0.49619942903518677,81.41436767578125,253,2.2334550090669865,1.5875401584825373,12.084465838013701,0.014159326011322927,0.014159326011322927
36.973313093185425,2.2282638549804688,1.4475460052490234,0.4963216483592987,82.50973510742188,253,2.231770071259409,1.5916052387304365,11.982116300438745,0.014777779036733931,0.014777779036733931
37.023338079452515,2.228393077850342,1.4515018463134766,0.4964950680732727,83.4734115600586,253,2.2302780250440364,1.5952049488038809,11.898469907363703,0.015330112642165883,0.015330112642165883
37.07334113121033,2.2287261486053467,1.4561340808868408,0.49637922644615173,84.5979232788086,253,2.2285173118565087,1.5994528447016678,11.81270035397087,0.01579446652966313,0.01579446652966313
37.129687547683716,2.228835344314575,1.4599839448928833,0.495979905128479,85.68974304199219,253,2.227066472372433,1.6029531394324676,11.576556495219654,0.016328244878613223,0.016328244878613223
37.179789781570435,2.229210615158081,1.4657093286514282,0.4952884614467621,86.75519561767578,254,2.2239793338299645,1.6096686915561569,12.172997470594742,0.01717409289336007,0.01717409289336007
37.22973418235779,2.2295517921447754,1.4713373184204102,0.4946664571762085,87.81517028808594,254,2.2213595031082427,1.6146585198752992,12.37237685390929,0.017286209529800815,0.017286209529800815
37.27982807159424,2.23006534576416,1.476696252822876,0.49400588870048523,88.8437271118164,254,2.218856138252051,1.6194265229180156,12.54789191405255,0.017202832236958034,0.017202832236958034
37.33743095397949,2.2304511070251465,1.482057809829712,0.4934186041355133,89.85836029052734,254,2.216357506057236,1.6241855119555273,12.734663775182764,0.01723275403574173,0.01723275403574173
37.387588024139404,2.2305684089660645,1.4877769947052002,0.49328649044036865,90.93455505371094,255,2.2127481773604836,1.6306245042453449,13.318310624338478,0.017897609714636983,0.017897609714636983
37.43758726119995,2.2308011054992676,1.4943556785583496,0.49316513538360596,92.015380859375,255,2.2090845021101777,1.6361075817374877,13.746220618068412,0.017604759814525743,0.017604759814525743
37.48757719993591,2.230658769607544,1.5004698038101196,0.49333104491233826,93.17471313476562,255,2.2056814767555384,1.6412005690937383,13.989127100525556,0.017665443740083456,0.017665443740083456
37.55643153190613,2.2302067279815674,1.5109591484069824,0.49379557371139526,95.4763641357422,256,2.1987120356833967,1.6512408868994801,14.501940270764463,0.018329854640175607,0.018329854640175607
37.60644769668579,2.22990345954895,1.5162816047668457,0.4940670132637024,96.76068115234375,256,2.1952581648826412,1.6552999944305777,14.487592988461623,0.018091584145678505,0.018091584145678505
37.65644550323486,2.2294297218322754,1.5215357542037964,0.49442529678344727,98.08099365234375,256,2.191839493492412,1.6593177344060839,14.425535193524944,0.01801418271354562,0.01801418271354562
37.70644283294678,2.2286922931671143,1.527276873588562,0.49479398131370544,99.44416809082031,256,2.18809246548933,1.6637213703449907,14.44142910932426,0.01812529359197593,0.01812529359197593
37.78107166290283,2.227855682373047,1.53318190574646,0.49501922726631165,100.9047317504883,257,2.18267392515114,1.6698813094778096,14.92246664560056,0.01888560323070402,0.01888560323070402
37.831103563308716,2.2264347076416016,1.5386338233947754,0.4950980544090271,102.33401489257812,257,2.178665026075933,1.67380945317963,14.779955373625302,0.019088033899549304,0.019088033899549304
37.88109469413757,2.2253305912017822,1.5439598560333252,0.49524927139282227,103.85587310791016,257,2.1747881909038043,1.6776081932772733,14.503930457049862,0.01900748685913626,0.01900748685913626
37.93110203742981,2.223806619644165,1.5489935874938965,0.4952300190925598,105.28056335449219,257,2.1710573136053197,1.6812639156806992,14.278407241264373,0.019367578383125438,0.019367578383125438
38.004082918167114,2.2200496196746826,1.5593634843826294,0.49518436193466187,108.21408081054688,258,2.1612658940665708,1.6900976677260366,14.33641098094146,0.020790726376260553,0.020790726376260553
38.05413222312927,2.217648983001709,1.564395546913147,0.4954048991203308,109.5884017944336,258,2.1569926526164176,1.6935866021242458,14.19566711357753,0.02142471576320492,0.02142471576320492
38.104095220565796,2.2149927616119385,1.5697523355484009,0.4958330988883972,110.89810943603516,258,2.1524204386750188,1.697319635860391,14.206119771290087,0.022168698910331828,0.022168698910331828
38.15414834022522,2.2122738361358643,1.5747153759002686,0.4963091313838959,112.21023559570312,258,2.1481248200881105,1.7008268403149658,14.133329639660582,0.02306629231894632,0.02306629231894632
38.23017168045044,2.209113597869873,1.5799466371536255,0.4966789782047272,113.56607055664062,259,2.1413618889599566,1.7055736862670583,14.634881118413647,0.024448010111674443,0.024448010111674443
38.28020524978638,2.206073522567749,1.5847169160842896,0.4971731901168823,114.8148193359375,259,2.1367200146322567,1.7086752875327336,14.643499862032451,0.0252306685118273,0.0252306685118273
38.330252170562744,2.2030248641967773,1.5894436836242676,0.49767252802848816,115.94329833984375,259,2.132108894755766,1.71175633933109,14.763794406771252,0.026013259728785064,0.026013259728785064
38.38021659851074,2.1996240615844727,1.594349980354309,0.4980311691761017,117.00570678710936,259,2.1272472290086943,1.7150048005279876,15.0164183976723,0.0270006881983059,0.0270006881983059
38.45003271102905,2.1930229663848877,1.6036159992218018,0.4986274838447571,118.90678405761719,260,2.114934432677003,1.721398120999232,16.39905829296752,0.028806516654932245,0.028806516654932245
38.500102281570435,2.1891515254974365,1.6085189580917358,0.4990757405757904,119.88328552246095,260,2.109435138517615,1.7241445334719314,16.88793673483912,0.02964884919783911,0.02964884919783911
38.550084829330444,2.185688018798828,1.6128872632980347,0.4995293915271759,120.87703704833986,261,2.1013901835407593,1.7279395612457746,18.00185836122681,0.031232630171207584,0.031232630171207584
38.60005974769592,2.1821491718292236,1.6173094511032104,0.5000723600387573,121.99312591552736,261,2.0961445608482387,1.7299897866472125,18.198062441654454,0.03149680452097567,0.03149680452097567
38.66725277900696,2.178429126739502,1.6216212511062622,0.500928521156311,123.24082946777342,261,2.0908906795859585,1.7320432398693482,18.26596640785544,0.03193946324994343,0.03193946324994343
38.71732187271118,2.1751673221588135,1.625899314880371,0.501644492149353,124.5293655395508,261,2.0858995310442574,1.7339940053213003,18.227143450031832,0.03202583786634096,0.03202583786634096
38.76729083061218,2.1715753078460693,1.6304442882537842,0.5025513172149658,125.87754821777345,262,2.076728310365863,1.7372275023913675,19.11135409315597,0.03304277279185373,0.03304277279185373
38.817302227020264,2.1684410572052,1.634889841079712,0.5032819509506226,127.26296997070314,262,2.071531064619017,1.7387336313997739,18.935625546857263,0.03237858291248536,0.03237858291248536
38.87564420700073,2.1652135848999023,1.6390931606292725,0.5039287209510803,128.7251739501953,262,2.066452862094183,1.7402052624339341,18.656293648090312,0.031928206736985855,0.031928206736985855
38.92568111419678,2.1625776290893555,1.642971396446228,0.5044905543327332,130.2474822998047,262,2.0619799918897606,1.7415014719829642,18.17577478932998,0.03126470843822394,0.03126470843822394
38.97566366195679,2.159092664718628,1.6478667259216309,0.505073606967926,131.90367126464844,263,2.053357792837414,1.7437239470848167,18.510321127260905,0.031154501814398494,0.031154501814398494
39.02566385269165,2.1560823917388916,1.652398943901062,0.5056896209716797,133.57102966308594,263,2.0481236082860694,1.744738614303008,18.033605149176847,0.029889882967323436,0.029889882967323436
39.08478832244873,2.1525888442993164,1.6570918560028076,0.5062016248703003,135.26109313964844,263,2.0424393338185913,1.7458405332179359,17.637054392827768,0.028822682834209537,0.028822682834209537
39.13496732711792,2.1494836807250977,1.661542296409607,0.5067017674446106,137.06898498535156,263,2.037194780673216,1.746857210428774,17.021953726748293,0.027675833600710353,0.027675833600710353
39.18497681617737,2.1462316513061523,1.6660763025283813,0.5068697333335876,138.94329833984378,264,2.0292403610276106,1.7480834854842824,16.97725548722734,0.027138173020336748,0.027138173020336748
39.23488807678223,2.1426355838775635,1.670573115348816,0.5069820284843445,140.85330200195312,264,2.02361341779494,1.7484522948288166,16.399799415313666,0.025800650296770946,0.025800650296770946
39.292014360427856,2.135477066040039,1.6791698932647705,0.50732421875,144.77947998046875,264,2.012636427055464,1.7491717648131728,15.075271539565536,0.023412869907806895,0.023412869907806895
39.342103242874146,2.1308820247650146,1.6837912797927856,0.507172703742981,146.6792449951172,265,2.003859689246121,1.74960857984902,15.20092217005864,0.023048661242712046,0.023048661242712046
39.39210391044617,2.1264052391052246,1.688112497329712,0.507119357585907,148.41636657714844,265,1.9977401878065606,1.749717009867279,14.802786580325325,0.02183403612253671,0.02183403612253671
39.442076206207275,2.121433734893799,1.6923562288284302,0.5072382688522339,150.0537872314453,265,1.9912526053672286,1.7498319618268954,14.5841903198972,0.020934997212476963,0.020934997212476963
39.49959349632263,2.115386724472046,1.6969760656356812,0.5071672797203064,151.6866912841797,265,1.983662458827177,1.7499664498625718,14.608039151081476,0.020272505790511333,0.020272505790511333
39.54978656768799,2.109384298324585,1.7003564834594727,0.5074277520179749,153.294921875,266,1.9740566789367795,1.75,14.782391308076273,0.020615017833302343,0.020615017833302343
39.5996515750885,2.1037065982818604,1.7031923532485962,0.5077338814735413,154.75091552734375,266,1.9677081382682016,1.75,14.453121671002961,0.020505015428851227,0.020505015428851227
39.64985156059265,2.097763776779175,1.7053314447402954,0.5078569650650024,156.11412048339844,266,1.9614337488410125,1.75,14.201577530935777,0.02109866727664231,0.02109866727664231
39.70505332946777,2.091853380203247,1.707016110420227,0.5078384280204773,157.44021606445312,267,1.9532939471585127,1.75,14.196118224438539,0.022372493865972384,0.022372493865972384
39.75514531135559,2.0855376720428467,1.7080774307250977,0.5073806047439575,158.8502960205078,267,1.9470130420527942,1.75,13.681268427956853,0.023561495211392988,0.023561495211392988
39.80514097213745,2.0793099403381348,1.709170937538147,0.5069314241409302,160.2238922119141,267,1.9408024967995356,1.75,13.191196138259821,0.024676295775563496,0.024676295775563496
39.85509753227234,2.07224440574646,1.709904670715332,0.5062037706375122,161.60659790039062,267,1.9339413381519595,1.75,12.78213237675276,0.026380112314594754,0.026380112314594754
39.92132616043091,2.0660815238952637,1.7106959819793701,0.5056933760643005,162.84420776367188,268,1.9252985397852784,1.75,12.549099306215746,0.027870010304668312,0.027870010304668312
39.97140121459961,2.0592188835144043,1.7115354537963867,0.5052929520606995,164.0697479248047,268,1.9184601967031467,1.75,12.058862774256998,0.02887315804898094,0.02887315804898094
40.021409034729004,2.0527937412261963,1.712392807006836,0.5049982070922852,165.2355499267578,268,1.9120378910705729,1.75,11.582253799503887,0.029735671385282686,0.029735671385282686
40.071404695510864,2.0462636947631836,1.7132675647735596,0.5046910047531128,166.35345458984378,269,1.902667146178713,1.75,11.328405314605671,0.030894161559552404,0.030894161559552404
40.13909387588501,2.0389232635498047,1.7138954401016235,0.5046051144599915,167.3846435546875,269,1.8953391264585966,1.75,10.832310360423472,0.03161945774752314,0.03161945774752314
40.189138650894165,2.030686378479004,1.7147696018218994,0.5047876834869385,168.36888122558594,269,1.887083880675911,1.75,10.450075456243498,0.032263031510944076,0.032263031510944076
40.23915910720825,2.0226011276245117,1.7155934572219849,0.5048074126243591,169.26968383789062,270,1.8748030324390472,1.75,10.110487688996436,0.0328056738454761,0.0328056738454761
40.289127588272095,2.0147435665130615,1.7165075540542603,0.5050024390220642,170.1785430908203,270,1.8669025101758436,1.75,9.39910152697657,0.032401736679488126,0.032401736679488126
40.36600875854492,1.997866153717041,1.7187094688415527,0.5050962567329407,171.94142150878906,271,1.8484250129007753,1.75,7.945907521815071,0.030996597923943065,0.030996597923943065
40.41608166694641,1.9895299673080444,1.719957947731018,0.5050452351570129,172.78366088867188,271,1.8400644815574225,1.75,7.160225329543847,0.029895655834895746,0.029895655834895746
40.46611189842224,1.9809423685073853,1.7214899063110352,0.5051984190940857,173.61663818359375,272,1.8309423685073851,1.75,6.383361816406243,0.028510093688964844,0.028510093688964844
40.51624536514282,1.970698595046997,1.7231866121292114,0.5053563117980957,174.357666015625,272,1.8206985950469976,1.75,5.642333984375001,0.026813387870788574,0.026813387870788574
40.586925983428955,1.9600285291671753,1.7252440452575684,0.50552898645401,175.10833740234375,272,1.8100285291671754,1.75,4.891662597656257,0.02475595474243164,0.02475595474243164
40.63671135902405,1.947344422340393,1.7282463312149048,0.5054692625999451,175.8763885498047,273,1.7973444223403934,1.75,4.123611450195304,0.021753668785095215,0.021753668785095215
40.686755657196045,1.9361486434936523,1.7306307554244995,0.505176842212677,176.62579345703125,273,1.786148643493652,1.75,3.374206542968758,0.01936924457550049,0.01936924457550049
40.736921072006226,1.9213645458221436,1.7341479063034058,0.5051811933517456,177.2897186279297,274,1.7713645458221434,1.75,2.7102813720703205,0.01585209369659424,0.01585209369659424
40.811126947402954,1.8946752548217773,1.7402431964874268,0.5049885511398315,178.5149688720703,275,1.7446752548217772,1.75,1.4850311279296746,0.009756803512573242,0.009756803512573242
40.86128282546997,1.88050377368927,1.7434850931167603,0.5046669244766235,179.1010284423828,276,1.7305037736892694,1.75,0.898971557617185,0.006514906883239746,0.006514906883239746
40.9112708568573,1.867238163948059,1.746733546257019,0.5041875839233398,179.68939208984375,276,1.7172381639480587,1.75,0.3106079101562441,0.003266453742980957,0.003266453742980957
40.96126079559326,1.8541555404663086,1.7495856285095215,0.5036032795906067,-179.73277282714844,277,1.7041555404663082,1.75,-0.2672271728515805,0.0004143714904785156,0.0004143714904785156
41.02697968482971,1.8416125774383545,1.7524856328964233,0.5029425024986267,-179.20294189453125,277,1.6916125774383544,1.75,-0.797058105468691,0.00248563289642334,-0.00248563289642334
41.077024936676025,1.830155849456787,1.754844069480896,0.5021727681159973,-178.75335693359375,278,1.6801558494567872,1.75,-1.2466430664062738,0.004844069480895996,-0.004844069480895996
41.1270170211792,1.817330241203308,1.7570167779922485,0.5011951923370361,-178.41360473632812,278,1.6673302412033078,1.75,-1.5863952636719245,0.007016777992248535,-0.007016777992248535
41.17698812484741,1.806357979774475,1.758811354637146,0.5002949237823486,-178.08731079101562,279,1.6563579797744745,1.75,-1.9126892089843806,0.008811354637145996,-0.008811354637145996
41.254021644592285,1.7831881046295166,1.7613062858581543,0.4987039566040039,-177.63055419921875,279,1.6331881046295165,1.75,-2.369445800781253,0.011306285858154297,-0.011306285858154297
41.30414915084839,1.7727291584014893,1.761885404586792,0.4982490539550781,-177.44454956054688,280,1.622729158401489,1.75,-2.5554504394531357,0.011885404586791992,-0.011885404586791992
41.35415196418762,1.7610617876052856,1.7624136209487915,0.49781325459480286,-177.36257934570312,280,1.611061787605285,1.75,-2.6374206542969056,0.012413620948791504,-0.012413620948791504
41.40418553352356,1.7489107847213745,1.7628620862960815,0.49751389026641846,-177.2308807373047,281,1.5989107847213737,1.75,-2.769119262695276,0.012862086296081543,-0.012862086296081543
41.47900438308716,1.7401225566864014,1.762854814529419,0.49748843908309937,-177.19906616210938,281,1.5901225566864008,1.75,-2.8009338378906468,0.012854814529418945,-0.012854814529418945
41.52914237976074,1.7216562032699585,1.7628787755966187,0.4974254369735718,-177.22067260742188,282,1.5716562032699581,1.75,-2.779327392578094,0.012878775596618652,-0.012878775596618652
41.57907319068909,1.7079228162765503,1.7628291845321655,0.49732697010040283,-177.25216674804688,282,1.5579228162765502,1.75,-2.747833251953098,0.012829184532165527,-0.012829184532165527
41.62906050682068,1.6934081315994263,1.7626657485961914,0.49719810485839844,-177.3840026855469,283,1.5434081315994264,1.75,-2.6159973144531095,0.012665748596191406,-0.012665748596191406
41.69768953323364,1.6662789583206177,1.7623543739318848,0.4968932867050171,-177.74346923828125,284,1.5162789583206175,1.75,-2.2565307617187567,0.012354373931884766,-0.012354373931884766
41.74773049354553,1.6531283855438232,1.7622202634811401,0.49668169021606445,-177.98934936523438,285,1.503134069822349,1.7501736367465792,-2.0769774702559545,0.012220255293027367,-0.012220255293027367
41.797717809677124,1.6399633884429932,1.761938452720642,0.4963720440864563,-178.3060455322266,285,1.4899896280301472,1.7508015364701235,-2.0001694982162417,0.011938282220495101,-0.011938282220495101
41.84773111343384,1.6270616054534912,1.7616801261901855,0.4961735010147095,-178.64471435546875,286,1.4771445692596255,1.7517573662195378,-2.026890809677514,0.011679323781988138,-0.011679323781988138
41.9163293838501,1.614168643951416,1.7613179683685303,0.49575918912887573,-178.9892578125,286,1.4643719264763018,1.7533048382226084,-2.2746054579149675,0.011315214927428522,-0.011315214927428522
41.96651887893677,1.602124810218811,1.7607736587524414,0.49551665782928467,-179.3145294189453,287,1.452504168800865,1.7551653868580868,-2.6627203074193924,0.010767244177218287,-0.010767244177218287
42.016496419906616,1.5885370969772339,1.7603765726089478,0.49516093730926514,-179.6326141357422,287,1.43922957447121,1.7580104147720848,-3.4383856019525836,0.010361670962582076,-0.010361670962582076
42.0664119720459,1.57523775100708,1.7596991062164307,0.49506136775016785,-179.9918975830078,288,1.426432806235443,1.7615269338799884,-4.437581443680464,0.009670136420217624,-0.009670136420217624
42.131129026412964,1.5624115467071533,1.7591277360916138,0.49516981840133667,179.67388916015625,288,1.4142872869367826,1.765649782132026,-5.704989462012929,0.009077214168481885,-0.009077214168481885
42.18128442764282,1.549440622329712,1.7585701942443848,0.4953658878803253,179.3461456298828,289,1.40230005220211,1.7705321252174415,-7.289954661116407,0.008487955363002871,-0.008487955363002871
42.231282472610474,1.53696608543396,1.75811767578125,0.49555903673171997,179.01785278320312,289,1.3909902469277047,1.775755581933689,-9.02398256693786,0.007994199192039222,-0.007994199192039222
42.28128004074097,1.5243808031082153,1.7577077150344849,0.4956527352333069,178.71214294433594,290,1.379892284814018,1.7816154235738346,-11.054469647562852,0.007529573813632857,-0.007529573813632857
42.35052847862244,1.5029548406600952,1.7578380107879639,0.49578404426574707,177.98167419433594,291,1.3612519960134601,1.7928039083524268,-14.756345468180218,0.00741865502009912,-0.00741865502009912
42.40066123008728,1.490128517150879,1.7581605911254883,0.49580344557762146,177.57337951660156,291,1.3507751917436779,1.8001848773233957,-17.128270903275425,0.007042543951972491,-0.007042543951972491
42.450666427612305,1.479285478591919,1.7588764429092407,0.4957646131515503,177.04824829101562,292,1.3416755317445581,1.8070411358984368,-19.11822154976971,0.007069918258265159,-0.007069918258265159
42.50066542625427,1.4690794944763184,1.7595971822738647,0.4958762526512146,176.3777618408203,292,1.3339767217222307,1.813792811081071,-20.7938296872565,0.006497262350642925,-0.006497262350642925
42.56717896461487,1.4605164527893066,1.7603291273117065,0.4960295855998993,175.55841064453125,292,1.3275057242444135,1.8194677235612025,-21.94536362464933,0.006136995451928495,-0.006136995451928495
42.61733841896057,1.4518003463745117,1.761523723602295,0.4962223172187805,174.5869140625,293,1.3209935255011684,1.8261982612724663,-23.181706325712323,0.005819764511982609,-0.005819764511982609
42.66734862327576,1.4435979127883911,1.762550711631775,0.4961494505405426,173.53219604492188,293,1.315467977032746,1.8323045460995395,-24.091295874627612,0.005079311447266982,-0.005079311447266982
42.71724486351013,1.4364454746246338,1.7637333869934082,0.49619540572166443,172.25973510742188,293,1.3106093805435188,1.837673782147796,-24.545075533328454,0.004704495220541067,-0.004704495220541067
42.78437829017639,1.429291009902954,1.7649399042129517,0.4961695373058319,170.83457946777344,294,1.3057508476265784,1.8437049221989437,-24.920318825433263,0.004002792541604586,-0.004002792541604586
42.83446478843689,1.4238077402114868,1.766127347946167,0.49595752358436584,169.13417053222656,294,1.3024070102679812,1.8481498912736436,-24.49489305561102,0.003365892273179896,-0.003365892273179896
42.88453555107117,1.4170891046524048,1.7676845788955688,0.4960050582885742,167.31002807617188,294,1.2982900964528592,1.8536225122862573,-24.241365691060384,0.002686262373480233,-0.002686262373480233
42.93462944030762,1.4101296663284302,1.7692124843597412,0.4961112141609192,165.21385192871094,294,1.2940420456541266,1.8592694539293886,-23.764488391410694,0.0019167609750411672,-0.0019167609750411672
43.00184106826782,1.397025227546692,1.7729871273040771,0.4965077340602875,160.6511993408203,295,1.2867922211267937,1.870881513447284,-22.2648022649372,1.634885878934751e-05,-1.634885878934751e-05
43.05199670791626,1.3908045291900635,1.7751072645187378,0.49676617980003357,158.22738647460938,295,1.2833521841491662,1.8764369942066195,-21.302163133418418,0.000632795977836838,0.000632795977836838
43.10202383995056,1.3841348886489868,1.7772104740142822,0.49731579422950745,155.73455810546875,296,1.2799031213742824,1.8822808698815339,-20.328857533840626,0.0016409291027893115,0.0016409291027893115
43.15201258659363,1.378065586090088,1.779410481452942,0.4978661835193634,153.2191619873047,296,1.2770856284454537,1.8879941803577218,-19.248933629585053,0.002712637066462939,0.002712637066462939
43.21880865097046,1.3725523948669434,1.7816128730773926,0.4984757900238037,150.7988739013672,296,1.2744811222594776,1.8932755964441212,-18.156350096214997,0.0035021058265898124,0.0035021058265898124
43.26897621154785,1.3656638860702515,1.7839670181274414,0.49922531843185425,148.33604431152344,296,1.2713149648075357,1.8996959286317732,-17.306395509039977,0.00479618845517026,0.00479618845517026
43.31896114349365,1.3615243434906006,1.78578519821167,0.49978187680244446,145.99234008789062,296,1.2695091420447848,1.9033577749501784,-15.881123854541704,0.0053760859895666015,0.0053760859895666015
43.36897110939026,1.3530033826828003,1.7893379926681519,0.5012262463569641,143.7071075439453,297,1.2665890341879373,1.9118028840760442,-15.723613860026006,0.007258350906070609,0.007258350906070609
43.43443989753723,1.3461099863052368,1.7925565242767334,0.502561628818512,141.44015502929688,297,1.2641393551127005,1.9188874878399824,-15.243861559354476,0.008455010196398768,0.008455010196398768
43.48450827598572,1.3400611877441406,1.795785903930664,0.5035426020622253,139.2019805908203,297,1.2619134835799424,1.925324828142404,-14.62827527892002,0.009162349425655275,0.009162349425655275
43.534576654434204,1.333395004272461,1.7992069721221924,0.5044311285018921,137.16477966308594,298,1.2602655783143049,1.9313327534081581,-14.050512302599097,0.010929765402349748,0.010929765402349748
43.584506034851074,1.329468011856079,1.801963448524475,0.5047978758811951,135.13690185546875,298,1.2591232371472765,1.935954296618304,-13.131260284165021,0.011363438292812961,0.011363438292812961
43.65580368041992,1.316831111907959,1.811226487159729,0.5055325627326965,131.53964233398438,298,1.2553852034319681,1.9510771730714207,-13.16185041039334,0.012406554609292759,0.012406554609292759
43.70596146583557,1.3118267059326172,1.815675973892212,0.5057380795478821,129.88653564453128,299,1.2545984047835137,1.9561454442522592,-12.655411324460086,0.013390591681703376,0.013390591681703376
43.755945682525635,1.3065032958984375,1.820685863494873,0.5060481429100037,128.18466186523438,299,1.2534976854627211,1.963340866944265,-12.58148295572601,0.013845418970885107,0.013845418970885107
43.806029319763184,1.3030527830123901,1.825095534324646,0.5063066482543945,126.64752197265625,299,1.2526540273193034,1.9688558759340868,-12.29254556104889,0.013371467563703221,0.013371467563703221
43.88031053543091,1.298804759979248,1.8299546241760254,0.506523609161377,125.21947479248047,299,1.2516791968540029,1.9752283608340804,-12.305553899044462,0.013155078932164927,0.013155078932164927
43.93038511276245,1.2951945066452026,1.834924340248108,0.5066806674003601,123.90317535400392,300,1.2513220752101304,1.9801045795384544,-12.080947436382194,0.013238955110946311,0.013238955110946311
43.98037528991699,1.291945457458496,1.840143084526062,0.5067593455314636,122.62451171875,300,1.2509468079795671,1.9862279455284098,-12.17255198730625,0.01263092909395167,0.01263092909395167
44.030415773391724,1.2879701852798462,1.8462318181991577,0.5063948631286621,121.39569091796875,300,1.2505021815399848,1.9934830698681727,-12.567206146231653,0.0120602712336547,0.0120602712336547
44.10156297683716,1.2823235988616943,1.8564311265945435,0.5049386620521545,119.29107666015625,301,1.2502627090931044,2.0040081662124734,-12.856798276897182,0.011000769230912196,0.011000769230912196
44.151620864868164,1.2801873683929443,1.8616639375686646,0.504160463809967,118.26889801025392,301,1.2506278471020127,2.0095790956877333,-13.155418315527788,0.010029065894428068,0.010029065894428068
44.20159673690796,1.2777647972106934,1.867118000984192,0.5031703114509583,117.2224578857422,301,1.2510151843105903,2.0154887194997912,-13.511157414711297,0.009180963027420174,0.009180963027420174
44.251606464385986,1.276049256324768,1.8722256422042847,0.5021148324012756,116.18785095214842,301,1.2513588411788692,2.0207319101021484,-13.720210448169952,0.007952580918903406,0.007952580918903406
44.32690382003784,1.2739838361740112,1.8776684999465942,0.5008936524391174,115.21863555908203,301,1.2516882016733808,2.0257569801909843,-13.941440444210711,0.007094401673081363,0.007094401673081363
44.37695336341858,1.2724922895431519,1.8828274011611938,0.49953287839889526,114.17168426513672,302,1.2525275815134018,2.030948006032284,-14.13692894443233,0.0061500598747483625,0.0061500598747483625
44.42692494392395,1.2708007097244263,1.8892090320587158,0.49815890192985535,112.91559600830078,302,1.2535588566896727,2.0373257814258143,-14.409334265618128,0.004856871412532672,0.004856871412532672
44.47698378562927,1.2696834802627563,1.893425703048706,0.497347354888916,112.04093933105469,302,1.2542402389948801,2.0415396938710395,-14.544815538622755,0.004011562089559746,0.004011562089559746
44.54352283477783,1.2667285203933716,1.9036352634429932,0.49570760130882263,109.89492034912111,303,1.2559621441219295,2.051526569859754,-14.779691671664114,0.0024623475937849168,0.0024623475937849168
44.593573570251465,1.2652329206466675,1.908463716506958,0.49507126212120056,108.78141784667969,303,1.2572139821423993,2.0564121160920825,-14.792966256807546,0.0022910935745445744,0.0022910935745445744
44.643584966659546,1.2632780075073242,1.9134083986282349,0.49467721581459045,107.6043930053711,303,1.2585302312902416,2.0615490395277796,-14.802184264606227,0.002500241093865912,0.002500241093865912
44.69356417655945,1.261541485786438,1.9187209606170654,0.4944268465042114,106.3402328491211,303,1.2599149469783484,2.066953167220225,-14.786522109194838,0.002393233868688634,0.002393233868688634
44.765486001968384,1.259265661239624,1.9242138862609863,0.49407076835632324,105.08845520019533,303,1.2613855699826475,2.072692565257627,-14.860014676925514,0.0027118806498876453,0.0027118806498876453
44.815531969070435,1.2574059963226318,1.928954005241394,0.4939916133880615,103.8519515991211,304,1.2628243911243642,2.0772631821628282,-14.69452980590627,0.003236887790023626,0.003236887790023626
44.86553144454956,1.2551636695861816,1.9343111515045166,0.49408477544784546,102.56187438964844,304,1.2647478960825895,2.082676775478981,-14.68783469939414,0.004073785153379279,0.004073785153379279
44.91549730300903,1.252695083618164,1.9418882131576538,0.49438562989234924,100.97124481201172,304,1.2674119351627469,2.09017455919752,-14.875408847544008,0.00458620781202486,0.00458620781202486
44.98590803146362,1.2513664960861206,1.946384072303772,0.49458566308021545,99.8659439086914,304,1.2689816956560955,2.0945925592023618,-14.817060100191744,0.004758223668093835,0.004758223668093835
45.03599548339844,1.249764323234558,1.952497959136963,0.49457141757011414,98.5366897583008,305,1.2711712579766201,2.1000126627424347,-14.814071855381771,0.0051490406243157255,0.0051490406243157255
45.08598065376282,1.2485817670822144,1.9600028991699219,0.4947846233844757,97.21347045898438,305,1.2745380033996234,2.1068397470978506,-15.26394679703616,0.005136606914194432,0.005136606914194432
45.13600039482117,1.2472914457321167,1.9671695232391357,0.4950841963291168,95.81340026855469,305,1.2777637725005466,2.1133809597516575,-15.563759947045883,0.005270415058733172,0.005270415058733172
45.21268391609192,1.2458183765411377,1.98035728931427,0.4961370527744293,93.15778350830078,306,1.283863595229652,2.124607455064776,-15.912663066885461,0.005258773142596597,0.005258773142596597
45.26271152496338,1.2453198432922363,1.9870332479476929,0.49670350551605225,91.7879409790039,306,1.2874320369748091,2.130262250076135,-16.138247610514473,0.005298960225497676,0.005298960225497676
45.31272482872009,1.244840383529663,1.9947456121444702,0.4976870119571686,90.45479583740234,306,1.2915513138273949,2.136789935788819,-16.646879054011603,0.00524775659506217,0.00524775659506217
45.3627245426178,1.2443820238113403,2.0013043880462646,0.49824342131614685,89.16410827636719,307,1.2946823400963832,2.141730962056759,-16.748294577866176,0.0055261654611890015,0.0055261654611890015
45.433443546295166,1.2442399263381958,2.007230520248413,0.4988941550254822,87.73644256591797,307,1.2982640703083472,2.146408688423081,-16.64606432194164,0.006004167692207251,0.006004167692207251
45.4834725856781,1.2433438301086426,2.0147104263305664,0.49945318698883057,86.30322265625,307,1.3027564572735564,2.1522757291300234,-16.877964963133593,0.007278532998582794,0.007278532998582794
45.533501386642456,1.2432291507720947,2.021158218383789,0.4999319911003113,84.81869506835938,307,1.3066550607271814,2.157367290774152,-16.838876399149438,0.007729810160119739,0.007729810160119739
45.58346915245056,1.2429596185684204,2.0280518531799316,0.5002753138542175,83.28649139404297,308,1.310365444326301,2.162083273154644,-16.65689660291467,0.008709075843000782,0.008709075843000782
45.63914203643799,1.2431848049163818,2.0343165397644043,0.5003186464309692,81.69316864013672,308,1.314579908512138,2.1666618435366525,-16.45350176734647,0.009402259415998787,0.009402259415998787
45.689207792282104,1.2435518503189087,2.0400195121765137,0.500223696231842,80.0416717529297,308,1.318434014700175,2.170848923000031,-16.074268553162426,0.009866228802279678,0.009866228802279678
45.739243268966675,1.2441442012786865,2.048280715942383,0.5000147223472595,78.40833282470703,308,1.3240235505401174,2.1769213635565174,-16.285443923470414,0.010460177156090695,0.010460177156090695
45.7892210483551,1.2449309825897217,2.054722547531128,0.4994991719722748,76.72290802001953,309,1.327834206278769,2.1808203474514447,-15.82704468632136,0.011101846703779459,0.011101846703779459
45.84540939331055,1.2466459274291992,2.0664355754852295,0.49843594431877136,73.35282897949219,309,1.3367034308886294,2.188598448679288,-15.162021997328262,0.012140507053982036,0.012140507053982036
45.89549374580383,1.247475028038025,2.072269916534424,0.49793341755867004,71.66886138916016,309,1.3411165550133648,2.192468654664947,-14.82404860801554,0.012658244290093462,0.012658244290093462
45.945459604263306,1.2487540245056152,2.0778048038482666,0.49740591645240784,70.10797882080078,309,1.3453952622786065,2.1962209802286,-14.566296751718165,0.012683727807336394,0.012683727807336394
45.99556636810303,1.2499088048934937,2.0840797424316406,0.49682196974754333,68.51200103759766,310,1.3495634757840855,2.1991204760186474,-14.178641872997483,0.013885156498593763,0.013885156498593763
46.05424356460571,1.2514311075210571,2.0897183418273926,0.49632251262664795,66.955322265625,310,1.3543514897718554,2.202433117838255,-14.010401015260888,0.014216342667845557,0.014216342667845557
46.10433077812195,1.253104567527771,2.095242500305176,0.4956812858581543,65.44700622558594,310,1.3590924462748966,2.205713202402968,-13.877340023826926,0.01436268447372454,0.01436268447372454
46.15444016456604,1.2544795274734497,2.101504325866699,0.4953329861164093,64.08507537841797,310,1.3643227867638559,2.209331872832664,-14.031252924627863,0.014978519702262837,0.014978519702262837
46.20447897911072,1.256368637084961,2.107351303100586,0.49517837166786194,62.72124099731445,311,1.3679033194885886,2.2115711663213093,-13.653128779522088,0.015982391592023876,0.015982391592023876
46.27240228652954,1.2578325271606445,2.114049196243286,0.4953156113624573,61.46932220458985,311,1.3736836412494071,2.2148400988629877,-13.92101997298232,0.017449676763025435,0.017449676763025435
46.32225060462952,1.2597708702087402,2.1207261085510254,0.49579736590385437,60.20738220214844,311,1.3796298933857674,2.2182028696418277,-14.22414858668926,0.018461433619103282,0.018461433619103282
46.37231659889221,1.2616746425628662,2.127985715866089,0.4963700473308563,59.03666305541992,311,1.3860168067016732,2.2218148465599237,-14.733684583794538,0.019697673702017186,0.019697673702017186
46.42224717140198,1.2639168500900269,2.134690523147583,0.4970288574695587,57.83578491210938,312,1.3902083770308478,2.223903476595998,-14.590122413183346,0.0215410892774368,0.0215410892774368
46.48040843009949,1.2665530443191528,2.1425037384033203,0.4974908232688904,56.571014404296875,312,1.3975105759517408,2.2272009341861954,-15.116269643354032,0.023218831292146906,0.023218831292146906
46.53051567077637,1.2694414854049683,2.149294376373291,0.4977596700191498,55.37501525878906,312,1.4041474958638052,2.2301979714042517,-15.548890820212243,0.024140523193522584,0.024140523193522584
46.58049464225769,1.272707462310791,2.1559832096099854,0.49777379631996155,54.00374984741211,312,1.4104824498077484,2.2330586497002423,-15.730420240989428,0.024830495820238486,0.024830495820238486
46.630619287490845,1.2758281230926514,2.1621551513671875,0.49772462248802185,52.61444854736328,313,1.4151092262533111,2.2346292286694975,-15.442759512528728,0.02640498799497918,0.02640498799497918
46.68692636489868,1.2776023149490356,2.1644206047058105,0.49774283170700073,51.215087890625,313,1.4178397051144465,2.235556101347646,-14.694037865718549,0.02629059833448569,0.02629059833448569
46.73701047897339,1.2817761898040771,2.1708970069885254,0.4977213442325592,49.799583435058594,313,1.4251273613625806,2.238029927298207,-15.015473098287327,0.026643042791392325,0.026643042791392325
46.78703188896179,1.2872647047042847,2.1772589683532715,0.49778643250465393,48.33393859863281,313,1.433087232165565,2.240731939342282,-15.44462297225904,0.02588464276106229,0.02588464276106229
46.83701968193054,1.2907580137252808,2.1812994480133057,0.4979478120803833,46.832698822021484,314,1.4358536720661637,2.2414434922882664,-14.609618638069978,0.026486921433081248,0.026486921433081248
46.891932249069214,1.2987710237503052,2.188570022583008,0.49856147170066833,43.7155990600586,314,1.4464187889869038,2.243614146706643,-14.06242154465271,0.02521320092331246,0.02521320092331246
46.94211006164551,1.3034511804580688,2.193244457244873,0.4988776445388794,42.20237731933594,314,1.4528982274864102,2.244945378714113,-14.126110296384974,0.02471986690961469,0.02471986690961469
46.99200797080994,1.306281328201294,2.195406436920166,0.4990380108356476,40.768646240234375,314,1.456336937327008,2.2456518782980748,-13.528496222958262,0.02401060137595406,0.02401060137595406
47.04203796386719,1.312101125717163,2.200080156326294,0.4995483160018921,39.325496673583984,315,1.4610149427329997,2.2463917863787612,-13.199825521504216,0.023992943027460262,0.023992943027460262
47.09717082977295,1.3169306516647339,2.2035207748413086,0.4997299313545227,37.89452362060547,315,1.466866019568093,2.2470501657088215,-13.138139532393803,0.023258184746685555,0.023258184746685555
47.14722466468811,1.324126958847046,2.2084717750549316,0.4995971918106079,36.485530853271484,315,1.4754695801533928,2.2480182621146505,-13.744418259789867,0.02203202031890223,0.02203202031890223
47.197320222854614,1.3277419805526733,2.2102439403533936,0.49944213032722473,35.07194900512695,315,1.479324010617051,2.2484519732789288,-13.233250273974372,0.020921712152010268,0.020921712152010268
47.24727725982666,1.3333096504211426,2.2136106491088867,0.4990646541118622,33.61486053466797,315,1.4834290266643462,2.248913881025362,-12.736242669452407,0.02051581055987096,0.02051581055987096
47.31808042526245,1.3385114669799805,2.2160091400146484,0.4987572133541107,32.13225555419922,316,1.4889082453939428,2.2490318622558534,-12.477627521727776,0.019487172272009246,0.019487172272009246
47.36823272705078,1.3429244756698608,2.217676877975464,0.4985080361366272,30.613452911376953,316,1.493480671596599,2.249130317984004,-11.981549913472413,0.018295759650682707,0.018295759650682707
47.41814374923706,1.3466017246246338,2.2194743156433105,0.4983671307563782,29.124174118041992,316,1.4975224740370858,2.2492173480605286,-11.39673998026111,0.017623026373693763,0.017623026373693763
47.46820640563965,1.353592038154602,2.221859931945801,0.4981847405433655,27.681886672973633,316,1.5046197622629873,2.2493701703586275,-11.542236678756431,0.015556628584555032,0.015556628584555032
47.535688161849976,1.3579760789871216,2.2236368656158447,0.4980463683605194,26.268077850341797,316,1.5083754997453112,2.249451040743884,-10.967735457807724,0.014788007366552596,0.014788007366552596
47.58575224876404,1.3624473810195923,2.2248783111572266,0.498121440410614,24.96797752380371,317,1.5123386952512254,2.2491768939240293,-10.554117900889391,0.01377783624783735,0.01377783624783735
47.635732650756836,1.3674088716506958,2.22688889503479,0.49821481108665466,23.64692497253418,317,1.5176444198057504,2.2488098801061445,-10.420870427614807,0.01303339719507556,0.01303339719507556
47.685750007629395,1.3721071481704712,2.2281601428985596,0.4984903335571289,22.32196617126465,317,1.522357387761464,2.248483869144735,-10.151249557634294,0.01180961424353128,0.01180961424353128
47.75290656089783,1.379659652709961,2.2311666011810303,0.499037504196167,19.74991798400879,317,1.5304072747904247,2.247927032893309,-9.380145703682828,0.010647927869386587,0.010647927869386587
47.80298447608948,1.3857022523880005,2.233290195465088,0.4994558095932007,18.570207595825195,318,1.5357365135519288,2.2472435993058286,-9.433798663504065,0.010046885663836162,0.010046885663836162
47.85304546356201,1.3913872241973877,2.2359538078308105,0.49995049834251404,17.53473663330078,318,1.5419034726077865,2.2460169148804945,-9.887185609171775,0.010056948125638275,0.010056948125638275
47.90295886993408,1.3970377445220947,2.238154411315918,0.5005782842636108,16.603836059570312,318,1.547852385259285,2.24483360258165,-10.39377095599526,0.009674224690421188,0.009674224690421188
47.975088119506836,1.4008818864822388,2.2397212982177734,0.5009327530860901,15.81102180480957,318,1.5519277414217696,2.2440229638394555,-10.585492314486494,0.009472911727377688,0.009472911727377688
48.02521347999573,1.4071205854415894,2.2426650524139404,0.5015089511871338,15.090468406677246,318,1.5578297914771002,2.2428489730905565,-11.289104220569614,0.009808151304141125,0.009808151304141125
48.07523441314697,1.4127930402755737,2.2448995113372803,0.5019972324371338,14.44653034210205,319,1.563562672979624,2.2411345866578314,-12.057731555927038,0.010045780446264238,0.010045780446264238
48.12523341178894,1.4186562299728394,2.247392416000366,0.50246262550354,13.853737831115723,319,1.5696391597991262,2.2393174469598622,-12.964114940798956,0.010418190580599245,0.010418190580599245
48.1924192905426,1.430280089378357,2.2516696453094482,0.5029275417327881,12.687736511230469,319,1.5814814444670862,2.23577607737839,-14.717927518709153,0.010527116687911666,0.010527116687911666
48.242469787597656,1.4369959831237793,2.2536683082580566,0.5029522180557251,12.092156410217285,320,1.5866635339042472,2.233725960255864,-15.370585945801478,0.011350497134370969,0.011350497134370969
48.29250693321228,1.4405118227005005,2.254840135574341,0.5029676556587219,11.389187812805176,320,1.5900735168106095,2.232359598213365,-15.489121064524257,0.011729901549628358,0.011729901549628358
48.34247016906738,1.4468058347702026,2.2562692165374756,0.5028154850006104,10.578653335571289,320,1.596053312643764,2.2299635257776136,-16.120148079316053,0.011770428297977465,0.011770428297977465
48.41195201873779,1.4540159702301025,2.2578225135803223,0.5026431083679199,9.67707347869873,320,1.6028878688965953,2.2272249553807444,-16.865666615659087,0.01172785891197507,0.01172785891197507
48.46200513839722,1.46034836769104,2.258702278137207,0.5021534562110901,8.600255012512207,321,1.60767180663609,2.225004745369974,-16.96770406739424,0.011900177144257583,0.011900177144257583
48.51202630996704,1.4662630558013916,2.259122610092163,0.5017071962356567,7.40357542037964,321,1.6129556915552548,2.2223096147204444,-17.096086685206714,0.011590255730601493,0.011590255730601493
48.562029123306274,1.4715430736541748,2.259453535079956,0.5014881491661072,6.12160062789917,321,1.617668175815587,2.219905936184717,-16.996374247462164,0.011268985590613024,0.011268985590613024
48.624146938323975,1.477485179901123,2.259216785430908,0.5012617111206055,4.728960037231445,321,1.6229108331228403,2.217231834343,-16.91827666132601,0.010332869815472729,0.010332869815472729
48.67425227165222,1.484060525894165,2.258993148803711,0.5011336803436279,3.298684597015381,322,1.6278579023360986,2.2145967616558684,-16.747623361837167,0.009734722619296081,0.009734722619296081
48.724263191223145,1.488202452659607,2.25846266746521,0.5012034773826599,1.744176983833313,322,1.6312980650880837,2.2122981183940267,-16.157121982868446,0.009093864778822725,0.009093864778822725
48.7741904258728,1.49472975730896,2.2578742504119873,0.5013489723205566,0.13718992471694946,322,1.6367238925877885,2.208672696365689,-16.072278336961567,0.008326676825313854,0.008326676825313854
48.843178510665894,1.5040310621261597,2.256376266479492,0.501989483833313,-3.1805694103240967,322,1.6444437828024694,2.203514430637157,-14.920072568068178,0.006621404401842471,0.006621404401842471
48.89321184158325,1.509775161743164,2.2553822994232178,0.5022832751274109,-5.389737606048584,323,1.6486962625817894,2.2005497390056377,-13.924320042298229,0.005798983657062375,0.005798983657062375
48.94316244125366,1.5136170387268066,2.2545015811920166,0.5021960139274597,-6.895698547363281,323,1.6516876617676048,2.19806466520814,-13.345250926181956,0.0051835752104649425,0.0051835752104649425
48.99315810203552,1.5190213918685913,2.252779006958008,0.5021857023239136,-8.965670585632324,323,1.655921295189254,2.1945476182241617,-12.588487323248554,0.0038649514651490405,0.0038649514651490405
49.066800594329834,1.5235670804977417,2.2508296966552734,0.502102792263031,-10.598823547363281,323,1.659508804888299,2.1915673318104867,-12.068498013023586,0.0022956272298695836,0.0022956272298695836
49.11688423156738,1.5283516645431519,2.2491538524627686,0.5024154186248779,-12.205896377563477,323,1.6632649229842609,2.18844697572266,-11.62630457300034,0.0010175896353832278,0.0010175896353832278
49.16682195663452,1.5315155982971191,2.2476131916046143,0.5026456713676453,-13.403191566467285,323,1.6657716852611397,2.1863645090026163,-11.20561786622319,0.00022140537008886983,-0.00022140537008886983
49.2168288230896,1.5363187789916992,2.2455646991729736,0.5031348466873169,-15.116974830627441,324,1.669524735030272,2.182851143921023,-10.671650403994597,0.0014839559460567986,-0.0014839559460567986
49.294535636901855,1.5429365634918213,2.2425341606140137,0.5040072202682495,-17.447603225708008,324,1.6745299179528224,2.177862515775501,-9.930909797129061,0.0030877770202430927,-0.0030877770202430927
49.34463047981262,1.5461881160736084,2.241835355758667,0.5042999386787415,-18.61499786376953,324,1.676880186586093,2.1755200207188974,-9.51070310728217,0.003124704018753992,-0.003124704018753992
49.39463663101196,1.5497792959213257,2.240529775619507,0.5047069191932678,-19.714143753051758,324,1.679549542127705,2.1728594941424766,-9.260237875826446,0.003662684219500886,-0.003662684219500886
49.44459295272827,1.5539569854736328,2.2395248413085938,0.5049946904182434,-20.716562271118164,324,1.68258400153385,2.169835071292367,-9.222188915717785,0.003804065886770558,-0.003804065886770558
49.52049803733826,1.558247685432434,2.238083600997925,0.5052437782287598,-21.67577171325684,325,1.6859435245649341,2.16626114826123,-9.364137460150108,0.004306368025985523,-0.004306368025985523
49.57052421569824,1.5631024837493896,2.236889123916626,0.5053786039352417,-22.571758270263672,325,1.6891485921993568,2.16242891824316,-9.584079915572623,0.004046470104810996,-0.004046470104810996
49.620583057403564,1.5676026344299316,2.2354354858398438,0.5053983926773071,-23.455102920532227,325,1.6921832310548293,2.158800466228281,-9.758157845779099,0.004124142155114648,-0.004124142155114648
49.67054772377014,1.5720101594924927,2.233886241912842,0.5054947137832642,-24.290578842163086,325,1.6951784920892028,2.155219097422019,-9.96646175073466,0.004312240277113511,-0.004312240277113511
49.74948167800903,1.581688404083252,2.2307848930358887,0.5060158967971802,-26.180160522460938,326,1.7018193412450824,2.1469806633548805,-10.452354472707809,0.0044286386069084015,-0.0044286386069084015
49.79950571060181,1.5866873264312744,2.2292613983154297,0.5061720609664917,-27.085742950439457,326,1.7047181682059813,2.1426422622202295,-10.743982710904518,0.003975319441982586,-0.003975319441982586
49.84948515892029,1.5910286903381348,2.22723650932312,0.5063168406486511,-27.99587059020996,326,1.7073810053291179,2.1386570448367035,-10.934413615907266,0.004205855709301586,-0.004205855709301586
49.89951777458191,1.5956182479858398,2.2254130840301514,0.5063184499740601,-28.872604370117188,326,1.7101303870905902,2.1345423042487166,-11.19393677734668,0.004165637715919842,-0.004165637715919842
49.968812465667725,1.5997605323791504,2.223245859146118,0.5062165260314941,-29.884954452514645,326,1.7127198172271278,2.1306669481843543,-11.250881340306766,0.004583862790794891,-0.004583862790794891
50.01887226104736,1.6039507389068604,2.221076250076294,0.5061337351799011,-30.93742179870605,327,1.7154419242304402,2.126268669300077,-11.399292305141172,0.005006053636477856,-0.005006053636477856
50.0688362121582,1.6082441806793213,2.218862295150757,0.5061219334602356,-31.937822341918945,327,1.7176506626021535,2.121973498023174,-11.549714564276794,0.004998031977638685,-0.004998031977638685
50.11887240409851,1.611911654472351,2.216330051422119,0.5056715607643127,-32.82400131225586,327,1.7196705626592483,2.118045546746301,-11.717003793419456,0.005532056345071137,-0.005532056345071137
50.18529510498047,1.6157307624816895,2.2140321731567383,0.504951536655426,-33.61479568481445,327,1.7217035343420248,2.114092176039092,-11.98675234925101,0.005794230545980517,-0.005794230545980517
50.235366106033325,1.618874192237854,2.2118136882781982,0.5040751099586487,-34.37129211425781,327,1.723444798982953,2.110706066589922,-12.138280181702443,0.006279222736860284,-0.006279222736860284
50.28532814979553,1.6224710941314697,2.2090282440185547,0.5025740265846252,-35.15314483642578,327,1.725488558259808,2.106731718040871,-12.421143489310532,0.0070299320596881,-0.0070299320596881
50.33535599708557,1.6260074377059937,2.2063629627227783,0.5012714266777039,-35.96925354003906,328,1.7275940032200412,2.1018706375094265,-12.829533112285516,0.007604171159019734,-0.007604171159019734
50.403470277786255,1.631861925125122,2.2009546756744385,0.4990709722042084,-37.72429656982422,328,1.7305401282196604,2.0945880616273036,-12.871489963558936,0.008727174536095634,-0.008727174536095634
50.453531980514526,1.634373664855957,2.1981565952301025,0.4980763792991638,-38.6591796875,328,1.7319034328502618,2.0912180860070952,-12.768682237442706,0.009574984831205596,-0.009574984831205596
50.503480434417725,1.637067437171936,2.195490598678589,0.4971826672554016,-39.6413688659668,328,1.73329591714837,2.0877759806765517,-12.636214501164398,0.010211468012711767,-0.010211468012711767
50.553465127944946,1.639391541481018,2.1926071643829346,0.49643823504447937,-40.69787597656251,328,1.7346185830556464,2.0845064605992696,-12.386333710928954,0.011206173463050785,-0.011206173463050785
50.62797927856445,1.6417186260223389,2.1893153190612793,0.49577248096466064,-41.93101119995117,329,1.7363057450637929,2.079661706835698,-12.311923044249703,0.012681568900086702,-0.012681568900086702
50.67805194854736,1.6443907022476196,2.1861138343811035,0.49509331583976746,-43.278812408447266,329,1.7374934728397207,2.0757373315839964,-11.880288792058716,0.01335526918111054,-0.01335526918111054
50.72802805900574,1.6466004848480225,2.1826393604278564,0.4945021867752075,-44.72317886352539,329,1.7386287363458017,2.0719863036988873,-11.312250074612175,0.014507017546544007,-0.014507017546544007
50.77799987792969,1.6491774320602417,2.179330348968506,0.4938682019710541,-46.108726501464844,329,1.7398151715632775,2.0680661991938196,-10.842737093830609,0.015295533693467055,-0.015295533693467055
50.85454273223877,1.6539562940597534,2.1732919216156006,0.49278387427330017,-48.570892333984375,329,1.741997235399585,2.0608564348939584,-10.064326109777905,0.016654626635274228,-0.016654626635274228
50.90458106994629,1.6570210456848145,2.1699962615966797,0.49296605587005615,-49.6845817565918,330,1.7434263948465458,2.054926896279602,-10.322542569863336,0.017312307700361868,-0.017312307700361868
50.95457077026367,1.6611785888671875,2.1662795543670654,0.4937537610530853,-50.75896453857422,330,1.7445150739488378,2.049453736834397,-10.50860068377546,0.01691510813759747,-0.01691510813759747
51.00459265708923,1.6649746894836426,2.1630539894104004,0.49468353390693665,-51.73551940917969,330,1.7454859169018309,2.0445729797161625,-10.65638916023344,0.016437459973990556,-0.016437459973990556
51.07855439186096,1.6691797971725464,2.160132646560669,0.49572181701660156,-52.588436126708984,330,1.7464714092164884,2.039618575283498,-10.944173876711673,0.015478814749606988,-0.015478814749606988
51.128615856170654,1.6738394498825073,2.1569340229034424,0.4970802366733551,-53.33123016357422,331,1.7476866068785093,2.032776045078947,-11.78436594022592,0.014746784087004503,-0.014746784087004503
51.17860674858093,1.6786386966705322,2.1535937786102295,0.4983924925327301,-54.16531753540039,331,1.7480948099204077,2.027144940385238,-12.294658411327875,0.013173717010375535,-0.013173717010375535
51.228596448898315,1.6836501359939575,2.150299549102783,0.4992801547050476,-55.036773681640625,331,1.748510309448084,2.021413181676013,-12.793233099311934,0.011428929590961884,-0.011428929590961884
51.3029363155365,1.6935395002365112,2.1431243419647217,0.4999637305736542,-57.05411911010742,331,1.7493676790268036,2.009585886522802,-13.601398520863563,0.008442130700094957,-0.008442130700094957
51.35299205780029,1.6981749534606934,2.139193296432495,0.49987536668777466,-58.19770431518555,332,1.7495568950354767,2.002777426160261,-13.945178147619124,0.007075422349797541,-0.007075422349797541
51.40302062034607,1.7030080556869507,2.1349596977233887,0.4996422827243805,-59.277618408203125,332,1.749703408897965,1.9965769861201434,-14.208626206191868,0.005434574181704115,-0.005434574181704115
51.453028440475464,1.7070895433425903,2.1306772232055664,0.4993410110473633,-60.43809509277344,332,1.749841022803104,1.9907531906580032,-14.308946819233158,0.004434147007677715,-0.004434147007677715
51.52217674255371,1.7114719152450562,2.126007318496704,0.4989989697933197,-61.576507568359375,332,1.7499901897010388,1.9844404746398272,-14.534682339972367,0.003410643639097396,-0.003410643639097396
51.572099447250366,1.7149856090545654,2.121108055114746,0.4985395669937134,-62.827308654785156,333,1.75,1.9780557789549955,-14.46080599604265,0.002677702545922099,-0.002677702545922099
51.6220862865448,1.7183748483657837,2.1156225204467773,0.49812033772468567,-64.05158233642578,333,1.75,1.9716213389485906,-14.407714736563172,0.00217632481535848,-0.00217632481535848
51.67209982872009,1.7211034297943115,2.1101491451263428,0.49771514534950256,-65.21561431884766,333,1.75,1.9655001412798414,-14.356175308156551,0.002237308979159949,-0.002237308979159949
51.74240732192993,1.7256900072097778,2.0985960960388184,0.4971006512641907,-67.50555419921875,334,1.75,1.9528130772661516,-14.154660289018825,0.0029080748048508098,-0.0029080748048508098
51.79247331619263,1.7271170616149902,2.092381238937378,0.49694404006004333,-68.54110717773438,334,1.75,1.9465033325585956,-14.046280239370773,0.0038714244520101967,-0.0038714244520101967
51.84243655204773,1.7287205457687378,2.0852558612823486,0.49705028533935547,-69.52384185791016,334,1.75,1.9392814335073647,-14.122213336675209,0.00499373557117091,-0.00499373557117091
51.89242720603943,1.7294985055923462,2.0792107582092285,0.49734118580818176,-70.58271026611328,335,1.75,1.9327666756832633,-13.973117479904715,0.0065150128540541336,-0.0065150128540541336
51.96024417877197,1.7305309772491455,2.0729074478149414,0.4974555969238281,-71.56038665771484,335,1.75,1.9264242206894675,-13.707141273018895,0.007317294090382094,-0.007317294090382094
52.0103120803833,1.731083631515503,2.065999984741211,0.4977788031101227,-72.5964126586914,335,1.75,1.919641792906118,-13.430813986229207,0.008730863058218009,-0.008730863058218009
52.06027793884277,1.731898307800293,2.058253288269043,0.4980928301811218,-73.67218017578125,335,1.75,1.9119787797868708,-13.211351334522107,0.010122587812721394,-0.010122587812721394
52.110315799713135,1.7324904203414917,2.05104923248291,0.4987024664878845,-74.7193832397461,336,1.75,1.9037640517476413,-12.887920389807872,0.011345409252507632,-0.011345409252507632
52.1803183555603,1.7330046892166138,2.043614625930786,0.49946311116218567,-75.70223999023438,336,1.75,1.896371970195279,-12.458650769279126,0.012261097741079242,-0.012261097741079242
52.23036193847656,1.73426353931427,2.0356311798095703,0.5004332065582275,-76.55778503417969,336,1.75,1.888296334281776,-12.207072088890527,0.01255690738873025,-0.01255690738873025
52.280412673950195,1.7352893352508545,2.0275895595550537,0.5014489889144897,-77.39631652832031,337,1.75,1.8785895607304397,-11.83778116966387,0.012717649753019337,-0.012717649753019337
52.33035612106323,1.736818552017212,2.020118236541748,0.5021929144859314,-78.18207550048828,337,1.75,1.8710239809198834,-11.261038278183138,0.01173172684951852,-0.01173172684951852
52.404404640197754,1.73955237865448,2.006469488143921,0.5027784705162048,-79.5824203491211,338,1.75,1.8567212414440104,-10.212865049136802,0.009912513723489417,-0.009912513723489417
52.45446801185608,1.7410141229629517,1.9993630647659302,0.5028683543205261,-80.36959838867188,338,1.75,1.84957874180261,-9.490116338512538,0.008619112555816176,-0.008619112555816176
52.50446391105652,1.7430044412612915,1.9916867017745972,0.5030014514923096,-81.22127532958984,338,1.75,1.84185368729457,-8.708118751617569,0.006810913387860097,-0.006810913387860097
52.554452896118164,1.7450140714645386,1.9839472770690918,0.5029447674751282,-81.96082305908203,339,1.75,1.8339472770690912,-8.039176940917951,0.004985928535461426,-0.004985928535461426
52.6322762966156,1.747393012046814,1.97555673122406,0.5027473568916321,-82.75704193115234,339,1.75,1.8255567312240595,-7.24295806884766,0.002606987953186035,-0.002606987953186035
52.682305335998535,1.74985671043396,1.9671194553375244,0.5026880502700806,-83.6148452758789,339,1.75,1.817119455337524,-6.385154724121091,0.00014328956604003906,-0.00014328956604003906
52.73232841491699,1.7524669170379639,1.9583185911178589,0.5026054382324219,-84.54715728759766,340,1.75,1.8083185911178585,-5.452842712402324,0.002466917037963867,0.002466917037963867
52.7823486328125,1.755730152130127,1.9471055269241333,0.5025916695594788,-85.52806854248047,340,1.75,1.7971055269241332,-4.4719314575195375,0.005730152130126953,0.005730152130126953
52.855684757232666,1.7608897686004639,1.9273780584335327,0.5033658146858215,-87.63835906982422,341,1.75,1.7773780584335326,-2.361640930175788,0.010889768600463867,0.010889768600463867
52.905712366104126,1.7630836963653564,1.9173901081085205,0.5037291049957275,-88.67906951904298,341,1.75,1.7673901081085202,-1.3209304809570235,0.013083696365356445,0.013083696365356445
52.95571208000183,1.765353798866272,1.9064061641693115,0.5041393637657166,-89.64580535888672,342,1.75,1.756406164169311,-0.35419464111328425,0.015353798866271973,0.015353798866271973
53.00571131706238,1.7669469118118286,1.8949893712997437,0.5043066143989563,-90.5125503540039,342,1.75,1.7449893712997433,0.5125503540039041,0.016946911811828613,0.016946911811828613
53.075995206832886,1.7688688039779663,1.8830924034118652,0.5043565630912781,-91.25144958496094,343,1.75,1.733092403411865,1.251449584960928,0.01886880397796631,0.01886880397796631
53.12606120109558,1.7700568437576294,1.8713328838348389,0.504169225692749,-91.83953094482422,343,1.75,1.7213328838348383,1.8395309448242365,0.020056843757629395,0.020056843757629395
53.176494121551514,1.771127700805664,1.8593605756759644,0.5039156675338745,-92.18932342529297,343,1.75,1.7093605756759636,2.189323425292969,0.021127700805664062,0.021127700805664062
53.22608470916748,1.7728370428085327,1.8473408222198486,0.5036004185676575,-92.41837310791016,344,1.75,1.6973408222198478,2.418373107910171,0.022837042808532715,0.022837042808532715
53.295122146606445,1.7760670185089111,1.8219430446624756,0.5025646090507507,-92.42725372314453,345,1.75,1.6719430446624752,2.42725372314453,0.026067018508911133,0.026067018508911133
53.345213890075684,1.7775309085845947,1.8096097707748413,0.5021624565124512,-92.31085968017578,345,1.75,1.6596097707748412,2.310859680175787,0.027530908584594727,0.027530908584594727
53.395158767700195,1.7798645496368408,1.7969249486923218,0.5019320249557495,-92.053955078125,346,1.75,1.6469249486923214,2.0539550781249973,0.02986454963684082,0.02986454963684082
53.44519090652466,1.781493902206421,1.7845613956451416,0.5018180012702942,-91.83705139160156,346,1.75,1.6345613956451408,1.8370513916015518,0.0314939022064209,0.0314939022064209
53.50226616859436,1.7833805084228516,1.7736352682113647,0.5020018219947815,-91.62273406982422,347,1.75,1.6236352682113642,1.6227340698242154,0.03338050842285156,0.03338050842285156
53.55236864089966,1.7849690914154053,1.76058030128479,0.5023267865180969,-91.3968276977539,347,1.75,1.6105803012847897,1.3968276977539154,0.03496909141540527,0.03496909141540527
53.60230994224548,1.786759376525879,1.747573733329773,0.5026868581771851,-91.14516448974611,348,1.75,1.5975737333297726,1.145164489746102,0.036759376525878906,0.036759376525878906
53.65235424041748,1.7878230810165405,1.7353465557098389,0.5030149817466736,-90.9482650756836,348,1.75,1.5853465557098387,0.9482650756835902,0.03782308101654053,0.03782308101654053
53.724698305130005,1.7887071371078491,1.7225736379623413,0.503334105014801,-90.69475555419922,349,1.75,1.572573637962341,0.6947555541992168,0.03870713710784912,0.03870713710784912
53.7747483253479,1.7890400886535645,1.7119895219802856,0.5033938884735107,-90.55883026123047,349,1.75,1.5619895219802848,0.5588302612304776,0.03904008865356445,0.03904008865356445
53.824726819992065,1.789065957069397,1.6965810060501099,0.5033925771713257,-90.38842010498047,350,1.75,1.5465810060501093,0.3884201049804798,0.03906595706939697,0.03906595706939697
53.874725103378296,1.7890037298202515,1.685764193534851,0.5034664869308472,-90.3001480102539,350,1.75,1.5357641935348507,0.30014801025391147,0.039003729820251465,0.039003729820251465
53.946250677108765,1.7880818843841553,1.659401297569275,0.5032774209976196,-90.2655258178711,351,1.75,1.509401297569275,0.26552581787111085,0.03808188438415527,0.03808188438415527
53.99626874923706,1.7873876094818115,1.645696997642517,0.5033540725708008,-90.33157348632812,352,1.75,1.4956969976425167,0.3315734863281239,0.03738760948181152,0.03738760948181152
54.04639554023743,1.787561058998108,1.6322544813156128,0.5035356283187866,-90.40103912353516,353,1.75,1.4822544813156122,0.4010391235351733,0.03756105899810791,0.03756105899810791
54.09632897377014,1.7871127128601074,1.6188592910766602,0.5037000179290771,-90.43826293945312,353,1.75,1.4688592910766598,0.43826293945312905,0.03711271286010742,0.03711271286010742
54.17272162437439,1.7873485088348389,1.6056028604507446,0.5038217306137085,-90.52217102050781,354,1.75,1.4556028604507443,0.522171020507812,0.03734850883483887,0.03734850883483887
54.222755670547485,1.7868187427520752,1.5912896394729614,0.5036701560020447,-90.63889312744142,354,1.75,1.4412896394729613,0.6388931274414015,0.036818742752075195,0.036818742752075195
54.272751569747925,1.7868887186050415,1.5771855115890503,0.5032528638839722,-90.82217407226564,355,1.75,1.4271855115890502,0.822174072265633,0.036888718605041504,0.036888718605041504
54.322744369506836,1.7864181995391846,1.5634171962738037,0.502871036529541,-90.9656982421875,355,1.75,1.4134171962738034,0.9656982421875119,0.03641819953918457,0.03641819953918457
54.3962082862854,1.7857550382614136,1.5353610515594482,0.5019844174385071,-91.28929901123047,356,1.75,1.385361051559448,1.2892990112304854,0.035755038261413574,0.035755038261413574
54.44628572463989,1.7849745750427246,1.521605134010315,0.5014890432357788,-91.55706787109375,357,1.75,1.3716051340103148,1.5570678710937615,0.03497457504272461,0.03497457504272461
54.49629354476929,1.7847527265548706,1.5074667930603027,0.5008226633071899,-91.78170776367188,358,1.75,1.3574667930603028,1.7817077636718885,0.034752726554870605,0.034752726554870605
54.54630708694458,1.7839401960372925,1.4938379526138306,0.4999984800815582,-91.93815612792969,358,1.75,1.3438379526138302,1.9381561279296877,0.03394019603729248,0.03394019603729248
54.604684352874756,1.7834113836288452,1.4794262647628784,0.4992924630641937,-92.05362701416016,359,1.75,1.3294262647628778,2.053627014160176,0.033411383628845215,0.033411383628845215
54.65473484992981,1.7822457551956177,1.464015007019043,0.49852097034454346,-92.12007904052734,359,1.75,1.3140150070190428,2.1200790405273424,0.032245755195617676,0.032245755195617676
54.704718828201294,1.7815864086151123,1.4486902952194214,0.4980064630508423,-92.16433715820312,360,1.75,1.298690295219421,2.164337158203123,0.031586408615112305,0.031586408615112305
54.75476598739624,1.7804138660430908,1.4347460269927979,0.4974420666694641,-92.22339630126955,360,1.75,1.284746026992797,2.223396301269526,0.03041386604309082,0.03041386604309082
54.812657594680786,1.7795970439910889,1.421120047569275,0.49708113074302673,-92.28058624267578,361,1.75,1.2711200475692743,2.2805862426758003,0.029597043991088867,0.029597043991088867
54.86272096633911,1.7783582210540771,1.4092320203781128,0.496659517288208,-92.30489349365234,361,1.75,1.2592320203781124,2.304893493652359,0.02835822105407715,0.02835822105407715
54.9128155708313,1.7770010232925415,1.3959604501724243,0.496475487947464,-92.2809829711914,362,1.75,1.2459604501724242,2.2809829711914054,0.027001023292541504,0.027001023292541504
54.96273899078369,1.775841474533081,1.3815464973449707,0.4963138997554779,-92.27827453613281,363,1.75,1.2315464973449706,2.278274536132826,0.025841474533081055,0.025841474533081055
55.029139280319214,1.7743741273880005,1.3674660921096802,0.49637389183044434,-92.24500274658203,363,1.75,1.2174660921096796,2.245002746582028,0.02437412738800049,0.02437412738800049
55.07920694351196,1.7727936506271362,1.3499500751495361,0.4962719678878784,-92.20425415039062,364,1.75,1.1999500751495356,2.2042541503906117,0.02279365062713623,0.02279365062713623
55.12922692298889,1.7710765600204468,1.3352221250534058,0.49613869190216064,-92.09907531738281,364,1.75,1.1852221250534054,2.0990753173828223,0.021076560020446777,0.021076560020446777
55.179203510284424,1.7695374488830566,1.3203054666519165,0.49626603722572327,-91.9880142211914,365,1.75,1.1703054666519164,1.9880142211914085,0.01953744888305664,0.01953744888305664
55.244974851608276,1.7665764093399048,1.2929010391235352,0.49683451652526855,-91.60968780517578,366,1.75,1.1429010391235348,1.6096878051757992,0.016576409339904785,0.016576409339904785
55.2951180934906,1.7653758525848389,1.2780530452728271,0.49703383445739746,-91.33634948730469,367,1.75,1.1280530452728266,1.3363494873047002,0.015375852584838867,0.015375852584838867
55.3451201915741,1.7637444734573364,1.263087272644043,0.49720150232315063,-91.03836059570312,367,1.75,1.1130872726440426,1.0383605957031241,0.013744473457336426,0.013744473457336426
55.39507555961609,1.762695550918579,1.24884831905365,0.49740490317344666,-90.74042510986328,368,1.75,1.0988483190536498,0.7404251098632856,0.012695550918579102,0.012695550918579102
55.46589684486389,1.7616441249847412,1.2355372905731201,0.49780604243278503,-90.44725799560547,368,1.75,1.0855372905731202,0.44725799560546065,0.011644124984741211,0.011644124984741211
55.515979528427124,1.760494589805603,1.2216737270355225,0.49802401661872864,-90.15897369384766,369,1.75,1.0716737270355223,0.1589736938476476,0.010494589805603027,0.010494589805603027
55.56603956222534,1.7597682476043701,1.2088686227798462,0.49825814366340637,-89.93730926513672,370,1.75,1.0588686227798456,-0.06269073486328836,0.009768247604370117,0.009768247604370117
55.61597752571106,1.7586092948913574,1.1938834190368652,0.49844130873680115,-89.73336791992188,370,1.75,1.0438834190368649,-0.2666320800781219,0.008609294891357422,0.008609294891357422
55.67146372795105,1.7578110694885254,1.1792582273483276,0.4985696077346802,-89.57109069824219,371,1.75,1.0292582273483273,-0.4289093017578075,0.007811069488525391,0.007811069488525391
55.72151970863342,1.756772518157959,1.165542483329773,0.49870961904525757,-89.44873046875,371,1.75,1.0155424833297728,-0.551269531250004,0.006772518157958984,0.006772518157958984
55.77160143852234,1.7558401823043823,1.1502827405929565,0.4990309178829193,-89.36888122558594,372,1.75,1.0002827405929564,-0.6311187744140793,0.005840182304382324,0.005840182304382324
55.8215446472168,1.7547779083251953,1.1366126537322998,0.4993828237056732,-89.30583953857422,372,1.75,0.9866126537322994,-0.6941604614257836,0.0047779083251953125,0.0047779083251953125
55.87955832481384,1.7540621757507324,1.121251106262207,0.49956753849983215,-89.26097106933594,373,1.75,0.9712511062622067,-0.7390289306640683,0.004062175750732422,0.004062175750732422
55.92960000038147,1.7537819147109985,1.1124459505081177,0.4995361566543579,-89.21717071533203,373,1.75,0.9624459505081173,-0.782829284667957,0.003781914710998535,0.003781914710998535
55.979599952697754,1.7531245946884155,1.0997788906097412,0.4995167851448059,-89.19207763671875,374,1.75,0.9497788906097409,-0.8079223632812536,0.0031245946884155273,0.0031245946884155273
56.02960419654846,1.7527790069580078,1.086251974105835,0.4994605481624603,-89.14928436279297,374,1.75,0.9362519741058346,-0.8507156372070326,0.0027790069580078125,0.0027790069580078125
56.10699987411499,1.7522915601730347,1.059313178062439,0.4991990625858307,-89.12975311279297,375,1.75,0.9093131780624386,-0.8702468872070289,0.002291560173034668,0.002291560173034668
56.15706920623779,1.7519925832748413,1.0443614721298218,0.4990237057209015,-89.13420104980469,376,1.75,0.8943614721298214,-0.8657989501953138,0.0019925832748413086,0.0019925832748413086
56.207030057907104,1.751680850982666,1.0294997692108154,0.4988500475883484,-89.22978210449219,377,1.75,0.8794997692108151,-0.7702178955078121,0.0016808509826660156,0.0016808509826660156
56.257054805755615,1.7511699199676514,1.0174511671066284,0.49875569343566895,-89.32740783691406,377,1.75,0.8674511671066281,-0.6725921630859476,0.0011699199676513672,0.0011699199676513672
56.323830127716064,1.750777006149292,1.005497932434082,0.4988311231136322,-89.48040771484375,378,1.75,0.8554979324340817,-0.5195922851562513,0.0007770061492919922,0.0007770061492919922
56.374000787734985,1.7504700422286987,0.9897987842559814,0.49887359142303467,-89.61564636230469,378,1.75,0.8397987842559811,-0.38435363769532366,0.00047004222869873047,0.00047004222869873047
56.4238703250885,1.749985694885254,0.9756820201873779,0.4989050626754761,-89.83844757080078,379,1.75,0.8256820201873776,-0.1615524291992336,1.430511474609375e-05,-1.430511474609375e-05
56.47386312484741,1.749842882156372,0.9612811803817749,0.49906766414642334,-90.05799102783203,379,1.75,0.8112811803817745,0.057991027832033026,0.0001571178436279297,-0.0001571178436279297
56.53144645690918,1.7495731115341187,0.9473251700401306,0.4992349445819855,-90.2485580444336,380,1.75,0.7973251700401303,0.24855804443360346,0.00042688846588134766,-0.00042688846588134766
56.581624269485474,1.7497323751449585,0.9308781623840332,0.49944278597831726,-90.38646697998047,381,1.75,0.7808781623840328,0.38646697998046997,0.0002676248550415039,-0.0002676248550415039
56.63163137435913,1.74970281124115,0.9165156483650208,0.49964967370033264,-90.44649505615234,381,1.75,0.7665156483650204,0.4464950561523426,0.00029718875885009766,-0.00029718875885009766
56.6815869808197,1.7499580383300781,0.9026654958724976,0.4997965693473816,-90.39683532714844,382,1.75,0.7526654958724972,0.39683532714844977,4.1961669921875e-05,-4.1961669921875e-05
56.7382390499115,1.7499463558197021,0.8892763257026672,0.499705970287323,-90.24869537353516,382,1.75,0.7392763257026669,0.24869537353517082,5.364418029785156e-05,-5.364418029785156e-05
56.78831934928894,1.7498245239257812,0.8749985694885254,0.4994784891605377,-90.06566619873047,383,1.75,0.724998569488525,0.06566619873047949,0.00017547607421875,-0.00017547607421875
56.838284492492676,1.7500375509262085,0.8628935813903809,0.4990527629852295,-89.87195587158203,383,1.75,0.7128935813903805,-0.12804412841796703,3.7550926208496094e-05,3.7550926208496094e-05
56.88827586174011,1.7499277591705322,0.8500754237174988,0.49864059686660767,-89.63880157470703,384,1.75,0.7000754237174984,-0.3611984252929654,7.224082946777344e-05,-7.224082946777344e-05
56.94664549827576,1.7500027418136597,0.8235235214233398,0.49762603640556335,-89.19822692871094,385,1.75,0.6735235214233395,-0.8017730712890687,2.7418136596679688e-06,2.7418136596679688e-06
56.9968204498291,1.7501918077468872,0.8100965023040771,0.49727365374565125,-89.04886627197266,385,1.75,0.6600965023040768,-0.9511337280273571,0.00019180774688720703,0.00019180774688720703
57.04680109024048,1.7500810623168945,0.7959403991699219,0.49713724851608276,-88.84265899658203,386,1.75,0.6459403991699215,-1.1573410034179759,8.106231689453125e-05,8.106231689453125e-05
57.096705198287964,1.7502670288085938,0.7817660570144653,0.49721890687942505,-88.73896789550781,387,1.75,0.631766057014465,-1.2610321044921953,0.00026702880859375,0.00026702880859375
57.15542197227478,1.750115156173706,0.7686964869499207,0.4972146153450012,-88.63819122314453,387,1.75,0.6186964869499203,-1.3618087768554588,0.00011515617370605469,0.00011515617370605469
57.20551109313965,1.7500537633895874,0.7552214860916138,0.4973520040512085,-88.57501220703125,388,1.75,0.6052214860916134,-1.4249877929687305,5.3763389587402344e-05,5.3763389587402344e-05
57.25551915168762,1.7499825954437256,0.7401589751243591,0.49748238921165466,-88.58082580566406,388,1.75,0.5901589751243588,-1.419174194335941,1.7404556274414062e-05,-1.7404556274414062e-05
57.305782079696655,1.7498185634613037,0.7264552116394043,0.4976024329662323,-88.65221405029297,389,1.75,0.5764552116394039,-1.3477859497070248,0.00018143653869628906,-0.00018143653869628906
57.36375713348389,1.7497555017471313,0.7137248516082764,0.4976517856121063,-88.75049591064453,389,1.75,0.563724851608276,-1.2495040893554668,0.00024449825286865234,-0.00024449825286865234
57.41384291648865,1.7494306564331055,0.6986684799194336,0.4977954626083374,-88.80517578125,390,1.75,0.5486684799194332,-1.1948242187499947,0.0005693435668945312,-0.0005693435668945312
57.46384048461914,1.7491493225097656,0.6843016147613525,0.49763163924217224,-88.87150573730469,390,1.75,0.5343016147613522,-1.1284942626953238,0.000850677490234375,-0.000850677490234375
57.51381206512451,1.748694658279419,0.670541524887085,0.4975559413433075,-88.93309783935548,391,1.75,0.5205415248870846,-1.0669021606445235,0.0013053417205810547,-0.0013053417205810547
57.58384680747986,1.7483724355697632,0.6566784977912903,0.49749499559402466,-89.00035095214844,392,1.750098077286078,0.5066817085091946,-0.9621854875685546,0.0016275640823155233,-0.0016275640823155233
57.63391900062561,1.747800588607788,0.6440342664718628,0.4974238872528076,-89.05917358398438,392,1.7506265025077377,0.4940547760403808,-0.7014887528565678,0.0021993922031974173,-0.0021993922031974173
57.683932304382324,1.747240662574768,0.6300238370895386,0.49759534001350403,-89.12397003173828,393,1.7514782336016241,0.48008921627604356,-0.3111584133223221,0.0027592033262611873,-0.0027592033262611873
57.73387598991394,1.74700927734375,0.6186460256576538,0.4976760149002075,-89.22041320800783,393,1.7527106769260843,0.4688000513753782,0.25676677269160825,0.002990233435430557,-0.002990233435430557
57.812337160110474,1.7463051080703735,0.5901933908462524,0.4977433383464813,-89.36264038085939,394,1.75748111582081,0.44079879948445994,2.2294015535359626,0.0036902679181538335,-0.0036902679181538335
57.8623731136322,1.7460689544677734,0.5772653222084045,0.49772992730140686,-89.43762969970703,395,1.7608751924771717,0.42835277449567083,3.614567112215818,0.003920604188353279,-0.003920604188353279
57.91242456436157,1.7459278106689453,0.5634739995002747,0.49779650568962097,-89.51416778564453,395,1.7653082678742944,0.41529335549775775,5.412365050229032,0.004050631367827763,-0.004050631367827763
57.96240186691284,1.746012568473816,0.5501183867454529,0.49773526191711426,-89.60235595703125,396,1.7703706954789924,0.40296522202358953,7.4838303113198394,0.0039497656574067055,-0.0039497656574067055
58.0396146774292,1.7465068101882935,0.5267871022224426,0.49765700101852417,-89.82267761230469,397,1.7804686978223752,0.38200282817614073,11.706711792047713,0.0034183182036092333,-0.0034183182036092333
58.0896852016449,1.7465068101882935,0.5267871022224426,0.49765700101852417,-89.82267761230469,397,1.7804686978223752,0.38200282817614073,11.706711792047713,0.0034183182036092333,-0.0034183182036092333
58.13963770866394,1.7472642660140991,0.5018482804298401,0.4980851709842682,-90.0762939453125,398,1.7931374643267497,0.36073067732976904,16.949952428996397,0.0029371095449607513,-0.0029371095449607513
58.189682483673096,1.7478917837142944,0.4906579256057739,0.4985800087451935,-90.0208511352539,398,1.7994815248730311,0.3514960530193729,19.29960086162294,0.002750481600089141,-0.002750481600089141
58.248066902160645,1.7487680912017822,0.48014992475509644,0.499178022146225,-89.80719757080078,399,1.8056923755007506,0.3432134982175503,21.378376017038367,0.0025917871025974877,-0.0025917871025974877
58.298137187957764,1.750083088874817,0.46829479932785034,0.49993017315864563,-89.3510208129883,399,1.8135718706814632,0.3342286559632634,23.712544409341902,0.0025344803269610017,-0.0025344803269610017
58.34817934036255,1.7514351606369019,0.4597316086292267,0.5006543397903442,-88.64027404785156,399,1.8192922214352545,0.32770584606450054,25.02593125378619,0.0021142247081648376,-0.0021142247081648376
58.39820694923401,1.7530254125595093,0.45188432931900024,0.5013043880462646,-87.6336898803711,400,1.8249587222866366,0.3223527561547863,25.874456987482517,0.002079418819067482,-0.002079418819067482
58.4562132358551,1.7545461654663086,0.4461100697517395,0.501862108707428,-86.3102035522461,400,1.8293258677816986,0.3183061370134591,25.971908807567363,0.0017334013263339098,-0.0017334013263339098
58.50639867782593,1.7564417123794556,0.4401983320713043,0.5025739073753357,-84.62792205810547,400,1.83384610837381,0.31411765917956863,25.760030957033223,0.0010710597961302898,-0.0010710597961302898
58.55648231506348,1.7586668729782104,0.43408602476119995,0.502978503704071,-82.66720581054688,401,1.8385745261526496,0.30981268198124867,25.3147431351118,0.00024096484431466558,-0.00024096484431466558
58.60641407966614,1.7610632181167603,0.4287082254886627,0.5034063458442688,-80.50445556640625,401,1.8432075978785687,0.3062407331350507,24.465557816626237,0.0002820624769031654,0.0002820624769031654
58.68670868873596,1.7634093761444092,0.42384958267211914,0.5036644339561462,-78.1429443359375,401,1.8474394227426123,0.3029781326758631,23.305542547922254,0.0009133912815671765,0.0009133912815671765
58.73628234863281,1.7664965391159058,0.4179156720638275,0.5039842128753662,-75.76270294189453,401,1.8526641301810267,0.2989500517804255,22.409309368253776,0.0018728933946364993,0.0018728933946364993
58.78628063201904,1.76945161819458,0.41199296712875366,0.5039746165275574,-73.30196380615234,402,1.85807322676728,0.294811327539292,21.479206385035205,0.0027638630475829333,0.0027638630475829333
58.83630609512329,1.7723090648651123,0.4064166247844696,0.5040916800498962,-70.71926879882812,402,1.8633564712497999,0.29145286795423697,20.29455463710714,0.0030641816813594073,0.0030641816813594073
58.911165714263916,1.7788357734680176,0.39352288842201233,0.5042135119438171,-65.7800521850586,402,1.8755447873807023,0.2837049836246469,18.583321240814797,0.0036648751793418475,0.0036648751793418475
58.961252212524414,1.781757116317749,0.3877846598625183,0.5042707324028015,-63.295196533203125,403,1.881439175806181,0.2803181989576608,17.63553485893474,0.003817656581646139,0.003817656581646139
59.01119613647461,1.7851860523223877,0.38121071457862854,0.5042431950569153,-60.908271789550774,403,1.88809966230711,0.2770336105045845,16.954945115671126,0.0035681912311684803,0.0035681912311684803
59.06120252609253,1.7881156206130981,0.37540534138679504,0.5040611624717712,-58.688541412353516,403,1.8939381439048681,0.2741543900096823,16.231483317811986,0.003267112440421096,0.003267112440421096
59.13551092147827,1.7910833358764648,0.369427353143692,0.5038326978683472,-56.567256927490234,403,1.899928691629404,0.2712001787999053,15.643707704069513,0.002919605544534607,0.002919605544534607
59.185585737228394,1.7931933403015137,0.3648645281791687,0.5033842921257019,-54.55778884887696,404,1.9047957690591488,0.26926423696078206,14.869327640398835,0.002296372505412594,0.002296372505412594
59.23550724983215,1.795742392539978,0.35961613059043884,0.5029978156089783,-52.653961181640625,404,1.9102244636115016,0.2673151366030467,14.340770736138047,0.0014481987060144738,0.0014481987060144738
59.28552842140198,1.798035979270935,0.35505467653274536,0.5027904510498047,-50.82986831665039,404,1.914984266329057,0.26560619293526994,13.723216113830684,0.0007814379963685004,0.0007814379963685004
59.34400486946106,1.8025752305984497,0.3464295268058777,0.5020437240600586,-47.45700454711914,404,1.924092288712468,0.26233607900372174,12.65694818859195,0.0002983109742534963,-0.0002983109742534963
59.394267320632935,1.8051271438598633,0.34244948625564575,0.5018355250358582,-45.75113296508789,405,1.9285568111598852,0.26110209853240823,12.016235692155021,0.0008970032623553581,-0.0008970032623553581
59.444183111190796,1.8076856136322021,0.33901453018188477,0.5017513632774353,-44.10222244262695,405,1.932680392191744,0.26003093157729484,11.340537080445763,0.0012208508709455803,-0.0012208508709455803
59.494115114212036,1.8103716373443604,0.33571484684944153,0.5016259551048279,-42.53595733642578,405,1.936786973321181,0.25896418062215176,10.74422022613226,0.0013641365196934807,-0.0013641365196934807
59.55158519744873,1.8130701780319214,0.3329325020313263,0.5014784932136536,-40.96057891845703,405,1.9405258590326637,0.2579929445067115,10.052123121787925,0.0011725655224568798,-0.0011725655224568798
59.60175538063049,1.815972089767456,0.33028504252433777,0.501285195350647,-39.47275161743164,405,1.944296307898022,0.2570135093508814,9.454767613964574,0.0007534812949354986,-0.0007534812949354986
59.65176749229431,1.8197580575942993,0.32718929648399353,0.5010000467300415,-38.06587219238281,405,1.9489552640885888,0.2558032700278029,9.147192617107562,9.077112836446934e-06,9.077112836446934e-06
59.70176720619202,1.823476791381836,0.3244673013687134,0.5007694959640503,-36.74480056762695,406,1.9534715727374097,0.25505472729440837,8.848478430445606,0.0005254728552944873,0.0005254728552944873
59.76158952713013,1.8278440237045288,0.3213891386985779,0.5003058910369873,-35.54388427734375,406,1.9586954265486307,0.25419228764992213,8.831145302474907,0.0012050188487900853,0.0012050188487900853
59.811623334884644,1.831561803817749,0.31882819533348083,0.49980428814888,-34.39599609375,406,1.9631025702049123,0.2534646839409595,8.682258097369823,0.0018184933369674713,0.0018184933369674713
59.86163139343262,1.8355199098587036,0.31619685888290405,0.49905791878700256,-33.248050689697266,406,1.9677308050105595,0.25270057887128716,8.583180515512577,0.0025302235467417975,0.0025302235467417975
59.91162824630737,1.8392751216888428,0.3137211203575134,0.4984896183013916,-32.1808967590332,406,1.9721079060466495,0.25197793509183514,8.50712216864227,0.0032111144043894266,0.0032111144043894266
59.983832359313965,1.8427106142044067,0.3116188049316406,0.4979443848133087,-31.19585609436035,407,1.976405195304778,0.2515464852041739,8.494593399541865,0.00382222734902595,0.00382222734902595
60.033867835998535,1.8459231853485107,0.3096180260181427,0.4975305497646332,-30.2849063873291,407,1.980171034042524,0.2512996590928983,8.43671970706312,0.004169397933835639,0.004169397933835639
60.0838725566864,1.8497726917266846,0.307241290807724,0.49720048904418945,-29.437679290771484,407,1.984670846652403,0.2510047257924272,8.609359882709196,0.004595909671749804,0.004595909671749804
60.1339066028595,1.8535274267196655,0.3048416078090668,0.4968642294406891,-28.603546142578125,407,1.9891096157339383,0.2507137934961863,8.781222108972049,0.00494414302823502,0.00494414302823502
60.20917010307312,1.8609800338745117,0.3004174530506134,0.4963330626487732,-27.083505630493164,407,1.997713027135808,0.2501498961208838,9.20861824521142,0.005872335526111484,0.005872335526111484
60.25917029380798,1.864985704421997,0.2983062267303467,0.49622729420661926,-26.36387825012207,408,2.002798446530397,0.25007842923248713,9.592580391719418,0.006410218792674232,0.006410218792674232
60.3091356754303,1.8687549829483032,0.2962924838066101,0.496325820684433,-25.648569107055664,408,2.0070644613486714,0.25006231068763257,9.795558819720714,0.0066897867716226795,0.0066897867716226795
60.35918974876404,1.8725184202194214,0.2943018078804016,0.49636396765708923,-24.942846298217773,408,2.0113131527317245,0.2500462575969734,10.004095257317635,0.006980414778065955,0.006980414778065955
60.43108916282654,1.8760836124420166,0.2925044298171997,0.4964437186717987,-24.190479278564453,408,2.01529054205483,0.2500312295834902,10.106923317089677,0.007322388911739879,0.007322388911739879
60.50064277648926,1.8797999620437622,0.2908781170845032,0.49675989151000977,-23.48224449157715,408,2.01930376555047,0.25001606617556,10.260523586595658,0.007871589093294615,0.007871589093294615
60.53112506866455,1.8830912113189697,0.28902214765548706,0.49675989151000977,-22.71877670288086,408,2.023081178706143,0.2500017937442681,10.306927912864467,0.00801929890252441,0.00801929890252441
60.58117866516113,1.8862718343734741,0.28797343373298645,0.4971632957458496,-22.01484489440918,409,2.027321784438175,0.25,10.366360694032272,0.008712420736711106,0.008712420736711106
60.65191149711609,1.8945536613464355,0.2845665216445923,0.498098224401474,-20.541347503662113,409,2.0362563679855814,0.25,10.460834093131528,0.009230418830354099,0.009230418830354099
60.70195198059082,1.8982552289962769,0.28295189142227173,0.4984076917171478,-19.68979263305664,409,2.0402903357978825,0.25,10.31586634060673,0.009377614726533774,0.009377614726533774
60.75196027755737,1.901964783668518,0.28150519728660583,0.4986673891544342,-18.85697364807129,409,2.044257190721052,0.25,10.176767780965552,0.009669667026810502,0.009669667026810502
60.80199909210205,1.9057811498641968,0.2798895239830017,0.49888744950294495,-17.99051856994629,410,2.0495718665973173,0.25,10.194744751317428,0.010109149073808187,0.010109149073808187
60.87154030799866,1.9096543788909912,0.27845385670661926,0.4991178810596466,-17.114253997802734,410,2.0537064886006005,0.25,9.86416997206979,0.01004692411005159,0.01004692411005159
60.921607971191406,1.9138296842575073,0.2766227722167969,0.4992164969444275,-16.25672149658203,410,2.05825945009846,0.25,9.60695108062054,0.009718700824101445,0.009718700824101445
60.97162127494812,1.9183032512664795,0.27489808201789856,0.4991847574710846,-15.392506599426271,410,2.063057418600323,0.25,9.37454678945918,0.00958481503187861,0.00958481503187861
61.02162528038025,1.9227838516235352,0.27292075753211975,0.49921345710754395,-14.562132835388185,410,2.0679474672790388,0.25,9.187101961893143,0.009221851123408478,0.009221851123408478
61.07961368560791,1.927904725074768,0.2711123824119568,0.4993164539337158,-13.709202766418457,411,2.074249369712758,0.25,9.137421187203985,0.009380369763613864,0.009380369763613864
61.12966966629028,1.9325896501541138,0.26950857043266296,0.49940937757492065,-12.81916618347168,411,2.0791974869571086,0.25,8.727498786647297,0.008998027681358906,0.008998027681358906
61.17965841293335,1.93765389919281,0.2678542733192444,0.4995100498199463,-11.930753707885742,411,2.0845262402859324,0.25,8.35555610823252,0.00866078903907045,0.00866078903907045
61.229658126831055,1.9436619281768799,0.266287624835968,0.49962690472602844,-11.08558464050293,411,2.090748306860527,0.25,8.112572176593146,0.008636983371937018,0.008636983371937018
61.29422378540039,1.9576048851013184,0.26299911737442017,0.5000517964363098,-9.338050842285158,412,2.105897974492611,0.25,7.577301470082243,0.008436520794264468,0.008436520794264468
61.344526529312134,1.9654061794281006,0.26145267486572266,0.5000593066215515,-8.501470565795898,412,2.113859768844538,0.25,7.237022391120379,0.008173961822408243,0.008173961822408243
61.394381523132324,1.9732413291931152,0.2601333558559418,0.49993836879730225,-7.7049241065979,412,2.1218179642126653,0.25,6.935955011118187,0.008138449757455292,0.008138449757455292
61.44438576698303,1.9810566902160645,0.2587491273880005,0.4998528063297272,-6.950128078460693,413,2.13052502898722,0.25,6.4634777505257555,0.007479295229503969,0.007479295229503969
61.50309681892395,1.9890578985214233,0.2574828863143921,0.4997396171092987,-6.205781936645508,413,2.1385919222199874,0.25,5.920739503371946,0.006738875636554281,0.006738875636554281
61.553255796432495,1.9975193738937378,0.25639453530311584,0.49949777126312256,-5.474116325378419,413,2.147106462485853,0.25,5.401826574932981,0.006205797107352893,0.006205797107352893
61.60320067405701,2.00593900680542,0.2553243935108185,0.49935150146484375,-4.79809856414795,414,2.1559169596002636,0.25,4.772644308304554,0.00525776369631642,0.00525776369631642
61.65316081047058,2.0150930881500244,0.25457385182380676,0.4992183744907379,-4.164134502410889,414,2.1650748786497265,0.25,4.151895857220409,0.004541814911155392,0.004541814911155392
61.7122585773468,2.024442195892334,0.25376835465431213,0.4991476535797119,-3.5072331428527836,415,2.1744421958923366,0.25,3.5072331428527925,0.003768354654312134,0.003768354654312134
61.76236033439636,2.033869743347168,0.2533859312534332,0.49897390604019165,-2.9078245162963867,415,2.1838697433471705,0.25,2.9078245162963814,0.0033859312534332275,0.0033859312534332275
61.81230902671814,2.043761730194092,0.25279945135116577,0.49883925914764404,-2.330904245376587,415,2.193761730194094,0.25,2.330904245376582,0.0027994513511657715,0.0027994513511657715
61.86234974861145,2.0560853481292725,0.25225967168807983,0.4986892342567444,-1.8613011837005613,416,2.206085348129275,0.25,1.8613011837005595,0.002259671688079834,0.002259671688079834
61.92114186286926,2.067560911178589,0.25161445140838623,0.4986720085144043,-1.4118108749389648,416,2.2175609111785923,0.25,1.4118108749389608,0.0016144514083862305,0.0016144514083862305
61.971644163131714,2.079292058944702,0.2511105537414551,0.4984774589538574,-1.0062997341156006,417,2.229292058944706,0.25,1.0062997341155917,0.0011105537414550781,0.0011105537414550781
62.02133369445801,2.091111898422241,0.2505016326904297,0.4982864260673523,-0.5942496657371521,417,2.241111898422244,0.25,0.594249665737163,0.0005016326904296875,0.0005016326904296875
62.07132411003113,2.1031200885772705,0.2500283122062683,0.49788716435432434,-0.25147074460983276,418,2.253120088577273,0.25,0.25147074460982977,2.8312206268310547e-05,2.8312206268310547e-05
62.129111766815186,2.113767623901367,0.2494964748620987,0.49752381443977356,0.09437087178230286,418,2.2637676239013693,0.25,-0.0943708717822997,0.0005035251379013062,-0.0005035251379013062
62.179375648498535,2.1249783039093018,0.24886687099933624,0.4973050653934479,0.35469767451286316,419,2.274978303909304,0.25,-0.35469767451285295,0.0011331290006637573,-0.0011331290006637573
62.22929406166077,2.1391608715057373,0.24821272492408752,0.4969065189361572,0.6083160638809204,419,2.289160871505739,0.25,-0.6083160638809273,0.0017872750759124756,-0.0017872750759124756
62.27999925613403,2.149885654449463,0.24759912490844727,0.49664944410324097,0.7609581351280212,420,2.2998856544494646,0.25,-0.7609581351280288,0.0024008750915527344,-0.0024008750915527344
62.33906531333923,2.175571918487549,0.24631361663341522,0.4961940050125122,0.9336724281311035,421,2.3255719184875514,0.25,-0.9336724281311158,0.003686383366584778,-0.003686383366584778
62.38925123214722,2.189424991607666,0.24576400220394135,0.49611732363700867,0.9973227977752686,421,2.3394249916076695,0.25,-0.9973227977752586,0.004235997796058655,-0.004235997796058655
62.439188718795776,2.200731039047241,0.24526509642601013,0.49618399143218994,0.9961399435997009,422,2.350731039047245,0.25,-0.9961399435997002,0.004734903573989868,-0.004734903573989868
62.489261865615845,2.214238166809082,0.24488554894924164,0.4963759481906891,0.9572638869285583,422,2.3642381668090837,0.25,-0.9572638869285709,0.005114451050758362,-0.005114451050758362
62.548720359802246,2.2256767749786377,0.2446187287569046,0.49643853306770325,0.9289492964744568,423,2.3756767749786385,0.25,-0.928949296474448,0.005381271243095398,-0.005381271243095398
62.59881043434143,2.239248275756836,0.2442973256111145,0.49646174907684326,0.8983582854270935,423,2.3892482757568314,0.25,-0.8983582854270898,0.005702674388885498,-0.005702674388885498
62.64876627922058,2.252159357070923,0.24411514401435852,0.4966399669647217,0.7955610752105713,424,2.4021593570709148,0.25,-0.7955610752105825,0.0058848559856414795,-0.0058848559856414795
62.698805809020996,2.264587640762329,0.24401871860027313,0.49666985869407654,0.7324868440628052,424,2.414587640762322,0.25,-0.7324868440628157,0.005981281399726868,-0.005981281399726868
62.77149224281311,2.2769038677215576,0.2441292256116867,0.49676141142845154,0.6601091623306274,425,2.426903867721551,0.25,-0.6601091623306339,0.0058707743883132935,-0.0058707743883132935
62.821499824523926,2.2871742248535156,0.24425257742404938,0.49701908230781555,0.5325456857681274,425,2.4371742248535084,0.25,-0.5325456857681272,0.0057474225759506226,-0.0057474225759506226
62.871517181396484,2.2991366386413574,0.2446804642677307,0.49731388688087463,0.4504129588603974,426,2.4491366386413502,0.25,-0.45041295886039234,0.005319535732269287,-0.005319535732269287
62.921531677246094,2.311180830001831,0.24512813985347748,0.4976732134819031,0.4113428294658661,426,2.4611808300018243,0.25,-0.41134282946587647,0.004871860146522522,-0.004871860146522522
62.97926330566406,2.3252036571502686,0.24590852856636047,0.49825602769851685,0.40689450502395635,427,2.4752036571502622,0.25,-0.406894505023951,0.004091471433639526,-0.004091471433639526
63.03015065193176,2.3390164375305176,0.2467973232269287,0.4988973140716553,0.43656662106513977,427,2.489016437530509,0.25,-0.4365666210651389,0.003202676773071289,-0.003202676773071289
63.0794038772583,2.353625774383545,0.24796640872955322,0.4995273947715759,0.5200051069259644,428,2.5036155464527075,0.2503124309664275,-0.4006573032183108,0.0020335868586335943,-0.0020335868586335943
63.12934112548828,2.3662290573120117,0.24882718920707703,0.4996834397315979,0.6266289949417114,428,2.5161934035015534,0.25108911124274674,-0.2105275537633574,0.0011727798651089863,-0.0011727798651089863
63.18747663497925,2.3789706230163574,0.2496325969696045,0.49951624870300293,0.7014841437339783,429,2.5288499661038104,0.25234009771542115,0.1930142358293234,0.0003673582572332566,-0.0003673582572332566
63.23754668235779,2.3884365558624268,0.25042298436164856,0.4994652569293976,0.7151836156845093,429,2.5381931377199596,0.25373771811916196,0.7145433387703505,0.0004228526777349611,0.0004228526777349611
63.28753995895386,2.4001786708831787,0.25116318464279175,0.4993150532245636,0.6614180207252502,430,2.5497549205512393,0.2556152626506435,1.4885211355768817,0.0011623658485499558,0.0011623658485499558
63.33752751350403,2.412329912185669,0.2520371377468109,0.49910229444503784,0.5806335210800171,430,2.5615385226684175,0.25848653106955805,2.674668551499756,0.002033850662105805,0.002033850662105805
63.397719383239746,2.435736894607544,0.25330081582069397,0.49836021661758423,-0.01331362407654524,431,2.583948410990732,0.2650811874041429,5.82341900598433,0.0032838591001718453,0.0032838591001718453
63.447892904281616,2.4486935138702393,0.2540018558502197,0.4980200529098511,-0.273036926984787,432,2.596198954721387,0.2692905453098222,7.723810068244658,0.003968066739483311,0.003968066739483311
63.49784541130066,2.4607138633728027,0.25453659892082214,0.49796435236930847,-0.3119328022003174,432,2.6069796785339325,0.27460700994728554,9.861655559349549,0.00447373072201659,0.00447373072201659
63.54790186882019,2.4724314212799072,0.2550274431705475,0.4982052445411682,-0.1881631463766098,432,2.6174888368181457,0.27978955328658395,11.793295743959684,0.0049246683210182425,0.0049246683210182425
63.607022285461426,2.4836502075195312,0.2550772726535797,0.4986291825771332,0.10282371938228609,433,2.627081928754859,0.2855633625647481,13.822618910706034,0.004928050141799318,0.004928050141799318
63.657124757766724,2.4966657161712646,0.2550446689128876,0.4990442395210266,0.5659415125846863,433,2.6381508041587702,0.29236679087976664,16.104046203779472,0.004832656040713762,0.004832656040713762
63.707098722457886,2.505679130554199,0.25477680563926697,0.4995446801185608,1.1902685165405273,434,2.645678289014513,0.29777765475048656,17.51875383720653,0.004177755423126294,0.004177755423126294
63.75707769393921,2.5155959129333496,0.25432559847831726,0.500364363193512,2.101626396179199,434,2.6535700197772227,0.3036735687315143,18.797873914423175,0.003118234561756692,0.003118234561756692
63.82125210762024,2.523700714111328,0.2539091110229492,0.5011895895004272,3.1688413619995117,435,2.6601496098913886,0.30865061583306225,19.5651667239001,0.0022425846056196644,0.0022425846056196644
63.87130117416382,2.5287413597106934,0.25387266278266907,0.5017490983009338,4.4743194580078125,435,2.6638577464353705,0.3119838723140247,19.372829730153786,0.0014771994324234048,0.0014771994324234048
63.92134404182434,2.5349955558776855,0.2541216313838959,0.5026003122329712,5.9577250480651855,435,2.668491036952069,0.31614875283009714,19.281528588794238,0.0008166413261669672,0.0008166413261669672
63.97130036354065,2.5404398441314697,0.25457701086997986,0.5033401846885681,7.563021183013917,435,2.6725506146499347,0.31979792095292225,18.895891098458073,0.00047344917032631184,0.00047344917032631184
64.0522813796997,2.551389455795288,0.257229745388031,0.5044952034950256,11.26972770690918,436,2.680695372576145,0.327691699745729,17.760704451552865,0.0011395511347582503,0.0011395511347582503
64.10232043266296,2.5564327239990234,0.25935134291648865,0.5049906373023987,13.22597885131836,436,2.684263986570243,0.3317609241145561,17.069058447518646,0.0019635689693158335,0.0019635689693158335
64.15233182907104,2.561736583709717,0.26192548871040344,0.5053489208221436,15.271709442138674,436,2.68807062388971,0.33610156206791264,16.37306330099357,0.0031339518006564693,0.0031339518006564693
64.20237135887146,2.567243814468384,0.26528728008270264,0.5054758191108704,17.335655212402344,436,2.6921309649342002,0.34073149367478217,15.74804755159772,0.004958610530716713,0.004958610530716713
64.26641869544983,2.5727028846740723,0.26873475313186646,0.5057263970375061,19.51220703125,437,2.69638023296222,0.34600027307707226,15.16624950492041,0.006828823451062409,0.006828823451062409
64.31645917892456,2.5790700912475586,0.2729583978652954,0.5060605406761169,21.71951675415039,437,2.700651698094024,0.3520209399861959,14.719922207622485,0.008611526082846136,0.008611526082846136
64.36646151542664,2.5857350826263428,0.27742999792099,0.5063340663909912,24.05801773071289,437,2.7051323644170755,0.35833647777700295,14.229486265855577,0.010475065918006576,0.010475065918006576
64.41651654243469,2.591827154159546,0.2813984751701355,0.5063835978507996,26.302547454833984,438,2.7100406987410173,0.3654998912344606,14.033281312819959,0.012408217242549719,0.012408217242549719
64.48580551147461,2.5966787338256836,0.28437870740890503,0.5066130757331848,28.019779205322266,438,2.7128836143904866,0.37039094427316144,13.58531415658404,0.012844481039500425,0.012844481039500425
64.53584623336792,2.6025636196136475,0.2878933846950531,0.5068415999412537,30.385269165039066,438,2.7163097799157856,0.3762854411101436,12.751517557723025,0.013271321753534931,0.013271321753534931
64.5858359336853,2.6080875396728516,0.29089540243148804,0.5070295929908752,32.12757110595703,438,2.7194599044657592,0.38170502725062944,12.41769044889236,0.013404944849957311,0.013404944849957311
64.63583993911743,2.61398983001709,0.2941780090332031,0.5070926547050476,33.71682357788086,439,2.7232396582444447,0.3888260413198433,12.635706707631277,0.013725307034407028,0.013725307034407028
64.70787906646729,2.6246042251586914,0.3004814386367798,0.5071352124214172,36.512935638427734,439,2.728455163596606,0.40002121362898274,12.600043011692962,0.013355783626040948,0.013355783626040948
64.75794816017151,2.6296749114990234,0.30369120836257935,0.5069994926452637,37.70235061645508,439,2.7309906244138262,0.40546362406004294,12.751928360443623,0.013328382064860696,0.013328382064860696
64.80797910690308,2.6344635486602783,0.30680862069129944,0.5068490505218506,38.76300811767578,440,2.733560767060704,0.4119616398528035,13.278050513731424,0.01345410730873579,0.01345410730873579
64.85791063308716,2.6394901275634766,0.3100646436214447,0.5068191289901733,39.783172607421875,440,2.7354855329175556,0.41763181722308096,13.635214084747277,0.012978643414983277,0.012978643414983277
64.91700410842896,2.6439576148986816,0.313116192817688,0.506693959236145,40.769962310791016,440,2.7372266114435684,0.4227608691661698,13.894749134410267,0.012673010673820016,0.012673010673820016
64.96706867218018,2.6486358642578125,0.3165302276611328,0.5065605044364929,41.68438720703125,440,2.739091955983211,0.4282559969807045,14.314681866823856,0.012512914574423033,0.012512914574423033
65.01709794998169,2.6526575088500977,0.31975895166397095,0.5062911510467529,42.609519958496094,441,2.7408795702435693,0.43436187302143253,14.87287683198788,0.0127853674030163,0.0127853674030163
65.06710004806519,2.6568024158477783,0.3234114646911621,0.5060964822769165,43.505271911621094,441,2.7420547619589595,0.43975809173020586,15.293547577526615,0.012648154309451008,0.012648154309451008
65.12546014785767,2.660154104232788,0.3266468942165375,0.5060247182846069,44.51689147949219,441,2.743045145648147,0.4443057131288827,15.392259654532568,0.012729038703672545,0.012729038703672545
65.17555356025696,2.6638498306274414,0.3306621313095093,0.5058028697967529,45.623634338378906,441,2.7442008577845907,0.4496124859481276,15.581094184579266,0.013119168540683814,0.013119168540683814
65.22551679611206,2.667137384414673,0.33494147658348083,0.5054015517234802,46.76103591918945,441,2.745329553624758,0.45479520594986134,15.707667404632458,0.013937213475602787,0.013937213475602787
65.27567672729492,2.6696598529815674,0.33831506967544556,0.5053763389587402,47.70044708251953,442,2.746214891691313,0.46068716162023626,16.14417062710354,0.014773474127778973,0.014773474127778973
65.33452844619751,2.673227548599243,0.3434143364429474,0.5054482817649841,49.12188720703125,442,2.7469776608388266,0.46681293898257925,16.13180938712029,0.015322856568398945,0.015322856568398945
65.38477611541748,2.6764776706695557,0.3479418456554413,0.5054244995117188,50.31378173828125,442,2.7476616077214047,0.47230569697364355,16.204226180042195,0.01573474244673723,0.01573474244673723
65.43459153175354,2.6790058612823486,0.35200178623199463,0.5052975416183472,51.463592529296875,442,2.7482435172104234,0.47697899555471723,16.12977460843511,0.016371857110817206,0.016371857110817206
65.48472833633423,2.681593656539917,0.35628774762153625,0.5050898194313049,52.58713150024414,443,2.7488924432070183,0.48372941307107176,16.526352165321203,0.01744121039401755,0.01744121039401755
65.54339241981506,2.6871731281280518,0.36633196473121643,0.5046449899673462,54.935585021972656,443,2.749456826210304,0.49514782785184985,16.663323031057217,0.01843619973496786,0.01843619973496786
65.59351134300232,2.689110040664673,0.3706665635108948,0.5043607354164124,55.89899826049805,443,2.749686920585861,0.49980302300042656,16.71287019898769,0.019217110370275257,0.019217110370275257
65.6434257030487,2.691394567489624,0.3756619095802307,0.503905177116394,57.1710205078125,444,2.75,0.507123284532968,17.016051746769527,0.020564723907272514,0.020564723907272514
65.69347643852234,2.6942503452301025,0.3819003999233246,0.5036311745643616,58.83966445922852,444,2.75,0.5139665728085424,16.72736657908852,0.021073068272993732,0.021073068272993732
65.75518679618835,2.695603847503662,0.38577839732170105,0.5032672882080078,59.976837158203125,444,2.75,0.5180081491828021,16.404807827473153,0.021732884039885183,0.021732884039885183
65.80522799491882,2.697554111480713,0.39074990153312683,0.5033560991287231,61.51672363281251,444,2.75,0.5232976850707013,15.929987942943628,0.022383198274384702,0.022383198274384702
65.85521936416626,2.699464797973633,0.3971307575702667,0.5030968189239502,63.03420639038086,444,2.75,0.5297883716164459,15.716751344422283,0.0236863052896022,0.0236863052896022
65.90526580810547,2.7010252475738525,0.40250274538993835,0.5030229091644287,64.53992462158203,445,2.75,0.5375970270175117,15.560437297686734,0.02501974089594841,0.02501974089594841
65.98673152923584,2.7026987075805664,0.40853896737098694,0.5026910305023193,66.03421020507812,445,2.75,0.5437827675566282,15.097417976241966,0.025885951506138222,0.025885951506138222
66.03677201271057,2.7042322158813477,0.4143294095993042,0.5024524331092834,67.50225830078125,445,2.75,0.5496862777305687,14.611312729606881,0.02676260545080312,0.02676260545080312
66.08679580688477,2.7059402465820312,0.42037245631217957,0.5021311640739441,68.9639663696289,446,2.75,0.5590416909523661,14.583163868368242,0.028196154219419567,0.028196154219419567
66.13677501678467,2.7077136039733887,0.4273013174533844,0.5015614032745361,70.41468048095703,446,2.75,0.5661728653817306,14.024553813524827,0.028630551469024365,0.028630551469024365
66.21253252029419,2.7106995582580566,0.4380066692829132,0.500717043876648,73.24839782714844,446,2.75,0.5772698891246417,12.57523336209657,0.0290539807825882,0.0290539807825882
66.26259541511536,2.7123608589172363,0.4450213611125946,0.4997002184391022,74.92367553710938,447,2.75,0.5878884812000003,11.933929940228309,0.02975090795565942,0.02975090795565942
66.31257486343384,2.713738203048706,0.4506682753562927,0.498840868473053,76.3106689453125,447,2.75,0.5937050915584159,11.022770517785231,0.029567964720088723,0.029567964720088723
66.36258435249329,2.715052843093872,0.45680296421051025,0.498091459274292,77.58528900146484,447,2.75,0.5999854355029104,10.261338036136339,0.029542453884114885,0.029542453884114885
66.4336314201355,2.7161269187927246,0.4618198871612549,0.49738550186157227,78.58383178710938,448,2.75,0.6078455040333033,9.84553328074809,0.029857892352646877,0.029857892352646877
66.48368287086487,2.717383623123169,0.46845611929893494,0.4967656135559082,79.73335266113281,448,2.75,0.6146004602112747,9.015083039920869,0.02941648452216678,0.02941648452216678
66.53367376327515,2.718827962875366,0.4762243628501892,0.49605733156204224,80.82778930664062,448,2.75,0.6225043694734325,8.293728387221924,0.02892563622537995,0.02892563622537995
66.583655834198,2.7198987007141113,0.4840359687805176,0.4955405294895172,81.91514587402344,449,2.75,0.6325675517845185,7.640477758329003,0.028948419682871592,0.028948419682871592
66.65959024429321,2.7222204208374023,0.5000641942024231,0.4949376881122589,83.9905776977539,449,2.75,0.6486972486267261,5.869173834246494,0.02741567267772381,0.02741567267772381
66.70964503288269,2.723153591156006,0.5089471936225891,0.4948800504207611,84.93370819091797,450,2.75,0.658947193622593,5.066291809082024,0.02684640884399414,0.02684640884399414
66.7596263885498,2.724367618560791,0.5183598399162292,0.49475327134132385,85.81108856201172,450,2.75,0.6683598399162332,4.18891143798827,0.025632381439208984,0.025632381439208984
66.80961680412292,2.725362777709961,0.5284909605979919,0.4946693480014801,86.64956665039062,450,2.75,0.6784909605979941,3.350433349609372,0.024637222290039062,0.024637222290039062
66.88582563400269,2.7263736724853516,0.5376205444335938,0.494667112827301,87.41443634033205,451,2.75,0.6876205444335931,2.5855636596679608,0.023626327514648438,0.023626327514648438
66.93592190742493,2.7271080017089844,0.5477968454360962,0.4946267008781433,88.0927963256836,451,2.75,0.6977968454360912,1.9072036743164127,0.022891998291015625,0.022891998291015625
66.98590183258057,2.7281951904296875,0.5588908791542053,0.49461203813552856,88.69091033935547,452,2.75,0.708890879154197,1.3090896606445197,0.0218048095703125,0.0218048095703125
67.03603720664978,2.729038715362549,0.5709540247917175,0.4947165250778198,89.18791198730469,452,2.75,0.72095402479171,0.812088012695311,0.020961284637451172,0.020961284637451172
67.09251999855042,2.731111526489258,0.5980087518692017,0.4954262375831604,89.93274688720703,453,2.75,0.7480087518691949,0.06725311279295089,0.018888473510742188,0.018888473510742188
67.14260530471802,2.731621742248535,0.6094400882720947,0.49577146768569946,90.23126220703125,454,2.75,0.759440088272088,-0.2312622070312492,0.018378257751464844,0.018378257751464844
67.19249963760376,2.732499361038208,0.6223585605621338,0.49604952335357666,90.39006042480469,454,2.75,0.772358560562127,-0.3900604248046888,0.017500638961791992,0.017500638961791992
67.2426278591156,2.7332043647766113,0.6358674168586731,0.4963661730289459,90.51271820068361,455,2.75,0.7858674168586663,-0.5127182006836145,0.016795635223388672,0.016795635223388672
67.29913687705994,2.7342541217803955,0.6506020426750183,0.49669378995895386,90.56778717041016,455,2.75,0.8006020426750098,-0.5677871704101431,0.015745878219604492,0.015745878219604492
67.34924101829529,2.735137462615967,0.6655493974685669,0.49701136350631714,90.5036849975586,456,2.75,0.8155493974685584,-0.5036849975585914,0.014862537384033203,0.014862537384033203
67.39919233322144,2.735941171646118,0.6768256425857544,0.4972645938396454,90.39676666259766,456,2.75,0.8268256425857459,-0.39676666259764065,0.014058828353881836,0.014058828353881836
67.44921040534973,2.736879825592041,0.6887721419334412,0.4975624680519104,90.30244445800781,457,2.75,0.8387721419334367,-0.3024444580078143,0.013120174407958984,0.013120174407958984
67.50668859481812,2.737683057785034,0.7028642296791077,0.49776744842529297,90.193603515625,457,2.75,0.8528642296791096,-0.19360351562499675,0.01231694221496582,0.01231694221496582
67.55674529075623,2.7387802600860596,0.7161235213279724,0.4979897439479828,90.08797454833986,458,2.75,0.8661235213279763,-0.08797454833986444,0.01121973991394043,0.01121973991394043
67.60675024986267,2.7395718097686768,0.7295746803283691,0.4981580376625061,89.96781158447266,458,2.75,0.8795746803283713,0.03218841552735596,0.010428190231323242,0.010428190231323242
67.65673851966858,2.7405152320861816,0.7427418828010559,0.4984266459941864,89.84747314453125,459,2.75,0.892741882801058,0.15252685546875894,0.00948476791381836,0.00948476791381836
67.71455383300781,2.741166830062866,0.756471574306488,0.49863362312316895,89.72837829589844,460,2.75,0.9064715743064902,0.27162170410155806,0.008833169937133789,0.008833169937133789
67.76460289955139,2.741973876953125,0.7699230313301086,0.498897910118103,89.60808563232422,460,2.75,0.9199230313301108,0.39191436767579735,0.008026123046875,0.008026123046875
67.81461143493652,2.742586135864258,0.7849388718605042,0.4991062581539154,89.4253158569336,461,2.75,0.9349388718605063,0.5746841430664,0.0074138641357421875,0.0074138641357421875
67.86461091041565,2.7433249950408936,0.799164891242981,0.49937549233436584,89.22892761230469,461,2.75,0.9491648912429831,0.7710723876953084,0.006675004959106445,0.006675004959106445
67.92273354530334,2.743882179260254,0.8141260743141174,0.4996565580368042,89.05242156982422,462,2.75,0.9641260743141201,0.9475784301757789,0.006117820739746094,0.006117820739746094
67.9728741645813,2.7446370124816895,0.8279554843902588,0.4997765123844147,88.83527374267578,462,2.75,0.9779554843902625,1.1647262573242159,0.005362987518310547,0.005362987518310547
68.02280163764954,2.7453720569610596,0.8419083952903748,0.49978193640708923,88.66946411132812,463,2.75,0.9919083952903784,1.3305358886718852,0.00462794303894043,0.00462794303894043
68.07283163070679,2.7462375164031982,0.8554643392562866,0.4996177852153778,88.53471374511719,463,2.75,1.0054643392562883,1.4652862548828296,0.003762483596801758,0.003762483596801758
68.1325511932373,2.7472586631774902,0.8688673377037048,0.4994804561138153,88.40026092529297,464,2.75,1.018867337703707,1.5997390747070193,0.0027413368225097656,0.0027413368225097656
68.18262815475464,2.74788236618042,0.8804109692573547,0.499094158411026,88.24976348876953,464,2.75,1.030410969257357,1.7502365112304616,0.002117633819580078,0.002117633819580078
68.23259902000427,2.748978853225708,0.8929761648178101,0.49901095032691956,88.22788238525392,465,2.75,1.0429761648178122,1.7721176147460984,0.0010211467742919922,0.0010211467742919922
68.28259515762329,2.7501332759857178,0.9063602685928345,0.4988960921764374,88.23532104492188,466,2.75,1.0563602685928364,1.7646789550781206,0.00013327598571777344,-0.00013327598571777344
68.34108853340149,2.7520432472229004,0.9349120259284973,0.49843722581863403,88.3345413208008,467,2.75,1.0849120259285001,1.6654586791992108,0.0020432472229003906,-0.0020432472229003906
68.39127016067505,2.7527480125427246,0.9481580257415771,0.49797120690345764,88.44348907470703,467,2.75,1.0981580257415808,1.556510925292969,0.0027480125427246094,-0.0027480125427246094
68.44117283821106,2.7533586025238037,0.9612872004508972,0.4979972839355469,88.5325698852539,468,2.75,1.1112872004509013,1.4674301147460935,0.003358602523803711,-0.003358602523803711
68.49125623703003,2.7538063526153564,0.9743257761001587,0.4979848861694336,88.53347778320312,468,2.75,1.1243257761001608,1.466522216796885,0.0038063526153564453,-0.0038063526153564453
68.54953193664551,2.754108190536499,0.9876877665519714,0.49790969491004944,88.56973266601562,469,2.75,1.1376877665519736,1.4302673339843728,0.0041081905364990234,-0.0041081905364990234
68.59959506988525,2.7543163299560547,1.000815749168396,0.4980640411376953,88.61615753173828,469,2.75,1.1508157491683983,1.383842468261709,0.0043163299560546875,-0.0043163299560546875
68.64962220191956,2.754542350769043,1.0138479471206665,0.4984804391860962,88.7159423828125,470,2.75,1.1638479471206689,1.284057617187509,0.004542350769042969,-0.004542350769042969
68.6996750831604,2.754711151123047,1.0272542238235474,0.4986134469509125,88.93248748779297,470,2.75,1.1772542238235495,1.0675125122070281,0.004711151123046875,-0.004711151123046875
68.75703930854797,2.75467848777771,1.0403764247894287,0.4986375868320465,89.17015838623047,471,2.75,1.1903764247894308,0.829841613769531,0.004678487777709961,-0.004678487777709961
68.80712962150574,2.754549264907837,1.0535117387771606,0.4988156259059906,89.47505187988281,471,2.75,1.2035117387771626,0.5249481201171751,0.004549264907836914,-0.004549264907836914
68.85708594322205,2.7544748783111572,1.0663503408432007,0.49890655279159546,89.79534149169922,472,2.75,1.2163503408432035,0.20465850830076251,0.0044748783111572266,-0.0044748783111572266
68.90711688995361,2.754162311553955,1.0794986486434937,0.4988361895084381,90.11030578613281,472,2.75,1.2294986486434978,-0.11030578613281852,0.004162311553955078,-0.004162311553955078
68.98351979255676,2.7538681030273438,1.0923850536346436,0.4988340139389038,90.4177474975586,473,2.75,1.242385053634646,-0.417747497558592,0.00386810302734375,-0.00386810302734375
69.03357005119324,2.753547191619873,1.1044114828109741,0.4989762306213379,90.71839904785156,473,2.75,1.2544114828109763,-0.7183990478515584,0.003547191619873047,-0.003547191619873047
69.0835862159729,2.7531352043151855,1.1194922924041748,0.4986185133457184,90.98949432373047,474,2.75,1.2694922924041767,-0.989494323730467,0.003135204315185547,-0.003135204315185547
69.13356924057007,2.752697229385376,1.134138822555542,0.498483806848526,91.19906616210938,475,2.75,1.2841388225555437,-1.1990661621093588,0.0026972293853759766,-0.0026972293853759766
69.21090793609619,2.7518539428710938,1.163103461265564,0.49796605110168457,91.62066650390626,476,2.75,1.3131034612655663,-1.6206665039062584,0.00185394287109375,-0.00185394287109375
69.26096940040588,2.7514636516571045,1.173313021659851,0.4976736009120941,91.76722717285156,476,2.75,1.3233130216598532,-1.7672271728515636,0.0014636516571044922,-0.0014636516571044922
69.31097269058228,2.7511978149414062,1.1885839700698853,0.49750831723213196,91.8965072631836,477,2.75,1.3385839700698878,-1.8965072631836113,0.00119781494140625,-0.00119781494140625
69.36094927787781,2.7507848739624023,1.2032344341278076,0.497419536113739,91.9787063598633,477,2.75,1.3532344341278109,-1.9787063598632761,0.0007848739624023438,-0.0007848739624023438
69.42321181297302,2.750610589981079,1.2158541679382324,0.49738481640815735,91.98981475830078,478,2.75,1.365854167938236,-1.9898147583007795,0.0006105899810791016,-0.0006105899810791016
69.47330570220947,2.749868869781494,1.2307974100112915,0.4970179796218872,91.93208312988281,478,2.75,1.3807974100112939,-1.9320831298828096,0.00013113021850585938,0.00013113021850585938
69.52326345443726,2.74931001663208,1.2458796501159668,0.49686720967292786,91.90734100341797,479,2.75,1.3958796501159627,-1.90734100341798,0.0006899833679199219,0.0006899833679199219
69.57323336601257,2.7484147548675537,1.260695219039917,0.4967995584011078,91.7978515625,480,2.75,1.4106952190399082,-1.7978515624999918,0.001585245132446289,0.001585245132446289
69.64835858345032,2.7469122409820557,1.2857576608657837,0.4967346787452698,91.44761657714844,481,2.75,1.4357576608657752,-1.4476165771484393,0.003087759017944336,0.003087759017944336
69.69839668273926,2.745391845703125,1.3030871152877808,0.49674710631370544,91.15538787841797,481,2.75,1.453087115287774,-1.1553878784179659,0.004608154296875,0.004608154296875
69.74857878684998,2.7442562580108643,1.3180937767028809,0.49681732058525085,90.89214324951172,482,2.75,1.468093776702874,-0.8921432495117119,0.005743741989135742,0.005743741989135742
69.79845762252808,2.7428526878356934,1.3330869674682617,0.49713248014450073,90.62629699707031,483,2.75,1.4830869674682547,-0.626296997070328,0.007147312164306641,0.007147312164306641
69.85852336883545,2.7418272495269775,1.3445205688476562,0.4973578453063965,90.32261657714845,483,2.75,1.4945205688476497,-0.32261657714843295,0.008172750473022461,0.008172750473022461
69.90858101844788,2.7406578063964844,1.3592499494552612,0.497871994972229,90.0941390991211,484,2.75,1.5092499494552531,-0.09413909912109535,0.009342193603515625,0.009342193603515625
69.95870327949524,2.7390074729919434,1.3740757703781128,0.498227596282959,89.8567886352539,484,2.75,1.5240757703781045,0.14321136474610346,0.01099252700805664,0.01099252700805664
70.00886869430542,2.737719774246216,1.3886456489562988,0.49848321080207825,89.68338012695312,485,2.75,1.5386456489562939,0.31661987304686157,0.01228022575378418,0.01228022575378418
70.06764078140259,2.736196517944336,1.4038150310516357,0.4990857243537903,89.4885482788086,485,2.75,1.5538150310516377,0.5114517211914161,0.013803482055664062,0.013803482055664062
70.11778926849365,2.7348825931549072,1.4210907220840454,0.4998774528503418,89.33428955078125,486,2.75,1.5710907220840489,0.6657104492187369,0.015117406845092773,0.015117406845092773
70.16778874397278,2.7336156368255615,1.4353994131088257,0.5005297660827637,89.2269515991211,487,2.75,1.58539941310883,0.7730484008788873,0.016384363174438477,0.016384363174438477
70.21768093109131,2.7327098846435547,1.4515351057052612,0.501192569732666,89.1540756225586,487,2.75,1.6015351057052634,0.845924377441399,0.017290115356445312,0.017290115356445312
70.27954721450806,2.7321739196777344,1.4669163227081299,0.5018643140792847,89.07270812988281,488,2.75,1.6169163227081318,0.9272918701171874,0.017826080322265625,0.017826080322265625
70.329594373703,2.73150634765625,1.482102394104004,0.5021325945854187,88.94275665283203,489,2.75,1.6321023941040056,1.0572433471679752,0.01849365234375,0.01849365234375
70.37965536117554,2.7314789295196533,1.4966639280319214,0.5023013949394226,88.87488555908203,489,2.75,1.6466639280319235,1.1251144409179537,0.01852107048034668,0.01852107048034668
70.4296007156372,2.731309175491333,1.511399269104004,0.5024411678314209,88.8318099975586,490,2.75,1.6613992691040063,1.1681900024413905,0.018690824508666992,0.018690824508666992
70.48990797996521,2.731771230697632,1.5372430086135864,0.5021613240242004,88.87738037109375,491,2.75,1.6872430086135888,1.1226196289062484,0.018228769302368164,0.018228769302368164
70.53999328613281,2.732339859008789,1.550606369972229,0.5017985105514526,88.96783447265625,491,2.75,1.7006063699722322,1.03216552734375,0.017660140991210938,0.017660140991210938
70.58998370170593,2.7327284812927246,1.5648361444473267,0.5013846755027771,89.04342651367188,492,2.75,1.7148361444473303,0.9565734863281359,0.01727151870727539,0.01727151870727539
70.63998293876648,2.733293056488037,1.5786173343658447,0.5008995532989502,89.15923309326172,492,2.75,1.728617334365847,0.8407669067382779,0.01670694351196289,0.01670694351196289
70.70446848869324,2.7336018085479736,1.5931696891784668,0.5006717443466187,89.32328033447266,493,2.75,1.743169689178469,0.676719665527339,0.016398191452026367,0.016398191452026367
70.75462317466736,2.7342658042907715,1.60965096950531,0.5004245042800903,89.45037841796875,494,2.75,1.759650969505312,0.5496215820312464,0.015734195709228516,0.015734195709228516
70.80463314056396,2.7347326278686523,1.6245688199996948,0.5002501606941223,89.59273529052734,494,2.75,1.7745688199996965,0.4072647094726394,0.015267372131347656,0.015267372131347656
70.85462856292725,2.734530448913574,1.6378142833709717,0.5003646016120911,89.77415466308594,495,2.75,1.7878142833709736,0.2258453369140649,0.015469551086425781,0.015469551086425781
70.9155421257019,2.734652280807495,1.651664137840271,0.5007911920547485,89.97380828857422,495,2.75,1.8016641378402731,0.02619171142578459,0.015347719192504883,0.015347719192504883
70.96567440032959,2.7341625690460205,1.668278455734253,0.5008343458175659,90.0578384399414,496,2.75,1.818278455734256,-0.057838439941394135,0.015837430953979492,0.015837430953979492
71.01569390296936,2.7339625358581543,1.682724118232727,0.500901460647583,90.17373657226562,497,2.75,1.8327241182327307,-0.1737365722656304,0.016037464141845703,0.016037464141845703
71.06572771072388,2.733330726623535,1.6974608898162842,0.5007591247558594,90.20091247558594,497,2.75,1.8474608898162883,-0.20091247558593026,0.016669273376464844,0.016669273376464844
71.12685108184814,2.732919931411743,1.7120908498764038,0.5004461407661438,90.24269104003906,498,2.75,1.8620908498764064,-0.2426910400390764,0.017080068588256836,0.017080068588256836
71.17692804336548,2.7322216033935547,1.726502776145935,0.5002960562705994,90.27796173095703,498,2.75,1.8765027761459372,-0.2779617309570478,0.017778396606445312,0.017778396606445312
71.22692561149597,2.7320477962493896,1.7405288219451904,0.500102162361145,90.25386810302734,499,2.75,1.8905288219451926,-0.253868103027338,0.01795220375061035,0.01795220375061035
71.27691912651062,2.731473445892334,1.7549827098846436,0.49995553493499756,90.16118621826172,499,2.75,1.9049827098846455,-0.16118621826172064,0.018526554107666016,0.018526554107666016
71.33775806427002,2.730776309967041,1.7831332683563232,0.49983513355255127,90.22130584716797,501,2.75,1.9331332683563258,-0.22130584716797147,0.019223690032958984,0.019223690032958984
71.38794469833374,2.730776309967041,1.7831332683563232,0.49983513355255127,90.22130584716797,501,2.75,1.9331332683563258,-0.22130584716797147,0.019223690032958984,0.019223690032958984
71.43791317939758,2.7300453186035156,1.8101919889450073,0.4997774362564087,90.31765747070312,502,2.75,1.9601919889450112,-0.3176574707031144,0.019954681396484375,0.019954681396484375
71.48780465126038,2.7298922538757324,1.8235504627227783,0.4998518228530884,90.36175537109376,502,2.75,1.9735504627227802,-0.3617553710937579,0.020107746124267578,0.020107746124267578
71.5471715927124,2.729466438293457,1.8375813961029053,0.5000383853912354,90.39112091064453,503,2.75,1.9875813961029074,-0.3911209106445362,0.02053356170654297,0.02053356170654297
71.59730267524719,2.7294936180114746,1.850908875465393,0.5003302097320557,90.41328430175781,503,2.75,2.0009088754653956,-0.41328430175783076,0.02050638198852539,0.02050638198852539
71.64725303649902,2.7290520668029785,1.8648386001586914,0.5002123713493347,90.44677734375,504,2.75,2.014838600158694,-0.44677734375000033,0.020947933197021484,0.020947933197021484
71.69723510742188,2.7290380001068115,1.8783469200134277,0.5002835392951965,90.42253875732422,504,2.75,2.02834692001343,-0.4225387573242256,0.020961999893188477,0.020961999893188477
71.75788021087646,2.729222297668457,1.8926372528076172,0.5004130005836487,90.35075378417969,505,2.75,2.0426372528076193,-0.35075378417967884,0.02077770233154297,0.02077770233154297
71.80792617797852,2.72877836227417,1.9058939218521118,0.5003603100776672,90.26270294189453,505,2.75,2.0558939218521135,-0.26270294189453314,0.021221637725830078,0.021221637725830078
71.85805082321167,2.729224920272827,1.9190272092819214,0.5003295540809631,90.19627380371094,506,2.75,2.0690272092819244,-0.19627380371093556,0.02077507972717285,0.02077507972717285
71.9079978466034,2.7297263145446777,1.9341158866882324,0.5003111958503723,90.13703155517578,507,2.75,2.0841158866882354,-0.13703155517577562,0.020273685455322266,0.020273685455322266
71.97834920883179,2.7306222915649414,1.9480623006820679,0.5002768039703369,90.07035827636719,507,2.75,2.098062300682063,-0.07035827636718633,0.019377708435058594,0.019377708435058594
72.0285873413086,2.7314059734344482,1.9622457027435303,0.5004302263259888,90.0195541381836,508,2.75,2.1122457027435217,-0.01955413818359096,0.018594026565551758,0.018594026565551758
72.0784957408905,2.7325639724731445,1.976230263710022,0.5003389716148376,89.98722076416016,508,2.75,2.126230263710013,0.012779235839829964,0.01743602752685547,0.01743602752685547
72.12853050231934,2.7337632179260254,1.9903990030288696,0.5006428360939026,90.04785919189453,509,2.75,2.1403990030288615,-0.047859191894521855,0.01623678207397461,0.01623678207397461
72.19760727882385,2.736433744430542,2.018449068069458,0.5007109045982361,90.31720733642578,510,2.75,2.1684490680694513,-0.3172073364257971,0.013566255569458008,0.013566255569458008
72.24775218963623,2.7378172874450684,2.032470464706421,0.5008025169372559,90.48112487792969,511,2.75,2.182470464706414,-0.4811248779296917,0.01218271255493164,0.01218271255493164
72.29767179489136,2.738635778427124,2.0463192462921143,0.5010452270507812,90.68235778808595,511,2.75,2.196319246292108,-0.6823577880859458,0.011364221572875977,0.011364221572875977
72.34776258468628,2.739492893218994,2.059835433959961,0.5011327862739563,90.86186218261719,512,2.75,2.2098354339599546,-0.861862182617202,0.01050710678100586,0.01050710678100586
72.4160225391388,2.7400176525115967,2.0731654167175293,0.501096785068512,91.05614471435547,512,2.75,2.2231654167175208,-1.0561447143554872,0.00998234748840332,0.00998234748840332
72.46604895591736,2.739870071411133,2.0864555835723877,0.5011564493179321,91.15792846679688,513,2.75,2.2364555835723805,-1.1579284667968603,0.010129928588867188,0.010129928588867188
72.5161144733429,2.7394144535064697,2.1004979610443115,0.5009778738021851,91.19963073730469,513,2.75,2.25,-1.1996307373046744,0.010585546493530273,0.010585546493530273
72.56604981422424,2.7390072345733643,2.116107702255249,0.5006788372993469,91.23250579833984,514,2.75,2.25,-1.2325057983398418,0.010992765426635742,0.010992765426635742
72.62451410293579,2.7382402420043945,2.1286797523498535,0.5003200769424438,91.14144134521486,514,2.75,2.25,-1.1414413452148642,0.011759757995605469,0.011759757995605469
72.67456078529358,2.737445116043091,2.139803171157837,0.49979546666145325,91.11673736572266,515,2.75,2.25,-1.1167373657226498,0.01255488395690918,0.01255488395690918
72.72456240653992,2.736675977706909,2.1535491943359375,0.49941492080688477,91.05716705322266,515,2.75,2.25,-1.057167053222643,0.01332402229309082,0.01332402229309082
72.7746741771698,2.735564947128296,2.167015790939331,0.49903804063796997,91.02760314941406,516,2.75,2.25,-1.027603149414062,0.014435052871704102,0.014435052871704102
