t,x,y,z,yaw_deg,path_idx,target_x,target_y,eta_deg,cross_track_err
2.04,-0.0000,0.0000,0.5426,0.00,0,0.2500,0.4000,57.99,0.3536
2.21,-0.0000,0.0000,0.6088,0.00,0,0.2500,0.4000,57.99,0.3536
2.32,-0.0000,0.0000,0.6518,0.00,0,0.2500,0.4000,57.99,0.3536
2.49,0.0023,0.0046,0.7039,1.34,0,0.2500,0.4000,56.60,0.3487
2.61,0.0066,0.0135,0.7112,3.52,0,0.2500,0.4000,54.27,0.3394
2.71,0.0092,0.0198,0.7110,5.25,0,0.2500,0.4000,52.40,0.3332
2.91,0.0138,0.0325,0.7060,8.64,0,0.2500,0.4000,48.63,0.3210
3.12,0.0188,0.0456,0.7003,12.10,0,0.2500,0.4000,44.77,0.3087
3.29,0.0231,0.0576,0.6960,15.19,0,0.2500,0.4000,41.29,0.2975
3.46,0.0271,0.0684,0.6929,17.93,0,0.2500,0.4000,38.16,0.2876
3.63,0.0317,0.0806,0.6901,21.05,0,0.2500,0.4000,34.61,0.2763
3.81,0.0365,0.0929,0.6879,24.19,0,0.2500,0.4000,31.01,0.2651
4.01,0.0422,0.1065,0.6863,27.66,0,0.2500,0.4000,27.04,0.2526
4.12,0.0450,0.1133,0.6855,29.40,0,0.2500,0.4000,25.04,0.2464
4.23,0.0487,0.1214,0.6846,31.52,0,0.2500,0.4000,22.63,0.2389
4.42,0.0542,0.1337,0.6837,34.66,0,0.2500,0.4000,19.01,0.2278
4.57,0.0595,0.1443,0.6831,37.49,0,0.2500,0.4000,15.82,0.2179
4.78,0.0662,0.1577,0.6821,41.03,0,0.2500,0.4000,11.79,0.2057
4.94,0.0716,0.1684,0.6815,43.87,0,0.2500,0.4000,8.54,0.1962
5.11,0.0778,0.1804,0.6808,47.07,0,0.2500,0.4000,4.85,0.1857
5.22,0.0815,0.1869,0.6805,48.85,0,0.2500,0.4000,2.83,0.1799
5.33,0.0858,0.1948,0.6801,50.98,0,0.2500,0.4000,0.35,0.1732
5.50,0.0919,0.2052,0.6799,53.83,0,0.2500,0.4000,-2.90,0.1643
5.66,0.0987,0.2152,0.6799,56.70,0,0.2500,0.4000,-6.00,0.1553
5.77,0.1038,0.2226,0.6796,58.84,0,0.2500,0.4000,-8.32,0.1487
5.88,0.1082,0.2287,0.6794,60.62,0,0.2500,0.4000,-10.24,0.1434
5.98,0.1126,0.2349,0.6791,62.40,0,0.2500,0.4000,-12.17,0.1382
6.18,0.1217,0.2470,0.6789,65.96,0,0.2500,0.4000,-15.94,0.1284
6.29,0.1265,0.2528,0.6789,67.74,0,0.2500,0.4028,-17.20,0.1235
6.49,0.1375,0.2653,0.6785,71.62,0,0.2500,0.4153,-18.50,0.1125
6.59,0.1426,0.2708,0.6782,73.38,0,0.2500,0.4208,-18.98,0.1074
6.79,0.1534,0.2814,0.6778,76.91,1,0.2500,0.4314,-19.70,0.0966
6.89,0.1588,0.2867,0.6777,78.66,1,0.2500,0.4367,-19.96,0.0912
7.07,0.1676,0.2950,0.6774,81.50,1,0.2500,0.4450,-20.28,0.0824
7.22,0.1763,0.3035,0.6773,84.12,2,0.2500,0.4535,-20.29,0.0737
7.38,0.1851,0.3119,0.6772,86.44,2,0.2500,0.4619,-19.85,0.0649
7.54,0.1939,0.3204,0.6777,87.89,2,0.2500,0.4704,-18.41,0.0561
7.71,0.2036,0.3295,0.6777,89.06,3,0.2500,0.4795,-16.24,0.0464
7.83,0.2096,0.3354,0.6775,89.64,3,0.2500,0.4854,-14.73,0.0404
8.00,0.2171,0.3433,0.6773,89.99,3,0.2500,0.4933,-12.36,0.0329
8.17,0.2237,0.3519,0.6769,90.13,4,0.2500,0.5019,-10.07,0.0263
8.33,0.2287,0.3594,0.6759,90.19,4,0.2500,0.5094,-8.29,0.0213
8.45,0.2313,0.3641,0.6753,90.20,4,0.2500,0.5141,-7.31,0.0187
8.55,0.2343,0.3698,0.6746,90.20,4,0.2500,0.5198,-6.16,0.0157
8.66,0.2364,0.3745,0.6741,90.19,4,0.2500,0.5245,-5.39,0.0136
8.77,0.2384,0.3801,0.6733,90.18,5,0.2500,0.5301,-4.60,0.0116
8.88,0.2400,0.3848,0.6725,90.17,5,0.2500,0.5348,-3.98,0.0100
9.04,0.2421,0.3924,0.6714,90.15,5,0.2500,0.5424,-3.16,0.0079
9.20,0.2438,0.3999,0.6703,90.14,5,0.2500,0.5499,-2.51,0.0062
9.39,0.2454,0.4094,0.6690,90.13,6,0.2500,0.5594,-1.89,0.0046
9.50,0.2461,0.4142,0.6684,90.13,6,0.2500,0.5642,-1.61,0.0039
9.61,0.2467,0.4199,0.6678,90.12,6,0.2500,0.5699,-1.37,0.0033
9.80,0.2475,0.4285,0.6670,90.12,7,0.2500,0.5785,-1.06,0.0025
9.91,0.2479,0.4342,0.6665,90.12,7,0.2500,0.5842,-0.91,0.0021
10.07,0.2483,0.4418,0.6657,90.12,7,0.2500,0.5918,-0.76,0.0017
10.24,0.2486,0.4495,0.6652,90.12,7,0.2500,0.5995,-0.64,0.0014
10.34,0.2488,0.4543,0.6648,90.12,8,0.2500,0.6043,-0.59,0.0012
10.44,0.2489,0.4591,0.6645,90.12,8,0.2500,0.6091,-0.53,0.0011
10.64,0.2491,0.4687,0.6640,90.12,8,0.2500,0.6187,-0.45,0.0009
10.79,0.2493,0.4763,0.6636,90.12,9,0.2500,0.6263,-0.40,0.0007
10.98,0.2494,0.4850,0.6632,90.12,9,0.2500,0.6350,-0.36,0.0006
11.14,0.2495,0.4927,0.6630,90.12,9,0.2500,0.6427,-0.33,0.0005
11.29,0.2495,0.5004,0.6627,90.12,10,0.2500,0.6504,-0.31,0.0005
11.40,0.2495,0.5052,0.6626,90.12,10,0.2500,0.6552,-0.30,0.0005
11.59,0.2496,0.5149,0.6624,90.12,10,0.2500,0.6649,-0.28,0.0004
11.70,0.2496,0.5197,0.6623,90.12,10,0.2500,0.6697,-0.28,0.0004
11.81,0.2496,0.5255,0.6622,90.12,11,0.2500,0.6755,-0.27,0.0004
12.00,0.2496,0.5342,0.6621,90.12,11,0.2500,0.6842,-0.27,0.0004
12.10,0.2496,0.5390,0.6620,90.12,11,0.2500,0.6890,-0.27,0.0004
12.30,0.2496,0.5487,0.6619,90.12,11,0.2500,0.6987,-0.26,0.0004
12.40,0.2496,0.5535,0.6619,90.12,12,0.2500,0.7035,-0.26,0.0004
12.50,0.2496,0.5583,0.6619,90.12,12,0.2500,0.7083,-0.26,0.0004
12.61,0.2496,0.5641,0.6618,90.12,12,0.2500,0.7141,-0.26,0.0004
12.72,0.2496,0.5690,0.6618,90.12,12,0.2500,0.7190,-0.26,0.0004
12.83,0.2496,0.5738,0.6618,90.12,12,0.2500,0.7238,-0.26,0.0004
12.93,0.2496,0.5786,0.6617,90.12,13,0.2500,0.7286,-0.26,0.0004
13.03,0.2496,0.5844,0.6617,90.12,13,0.2500,0.7344,-0.26,0.0004
13.23,0.2496,0.5941,0.6617,90.12,13,0.2500,0.7441,-0.26,0.0004
13.33,0.2496,0.5989,0.6617,90.12,13,0.2500,0.7489,-0.26,0.0004
13.44,0.2496,0.6037,0.6616,90.12,14,0.2500,0.7537,-0.26,0.0004
13.57,0.2496,0.6096,0.6616,90.12,14,0.2500,0.7596,-0.26,0.0004
13.68,0.2496,0.6144,0.6616,90.12,14,0.2500,0.7644,-0.26,0.0004
13.87,0.2496,0.6241,0.6616,90.12,14,0.2500,0.7741,-0.26,0.0004
14.05,0.2496,0.6328,0.6616,90.12,15,0.2500,0.7828,-0.26,0.0004
14.24,0.2496,0.6415,0.6616,90.12,15,0.2500,0.7915,-0.26,0.0004
14.35,0.2496,0.6473,0.6616,90.12,15,0.2500,0.7973,-0.26,0.0004
14.46,0.2496,0.6521,0.6616,90.12,16,0.2500,0.8021,-0.26,0.0004
14.56,0.2496,0.6569,0.6616,90.12,16,0.2500,0.8069,-0.26,0.0004
14.66,0.2496,0.6618,0.6616,90.12,16,0.2500,0.8118,-0.26,0.0004
14.82,0.2496,0.6695,0.6616,90.12,16,0.2500,0.8195,-0.26,0.0004
15.01,0.2496,0.6782,0.6616,90.12,17,0.2500,0.8282,-0.26,0.0004
15.17,0.2496,0.6859,0.6616,90.12,17,0.2500,0.8359,-0.26,0.0004
15.33,0.2496,0.6946,0.6616,90.12,17,0.2500,0.8446,-0.26,0.0004
15.50,0.2496,0.7024,0.6616,90.12,18,0.2500,0.8524,-0.26,0.0004
15.68,0.2496,0.7111,0.6616,90.12,18,0.2500,0.8611,-0.26,0.0004
15.79,0.2496,0.7169,0.6615,90.12,18,0.2500,0.8669,-0.26,0.0004
15.90,0.2496,0.7217,0.6615,90.12,18,0.2500,0.8717,-0.26,0.0004
16.01,0.2496,0.7266,0.6615,90.12,19,0.2500,0.8766,-0.26,0.0004
16.20,0.2496,0.7362,0.6615,90.12,19,0.2500,0.8862,-0.26,0.0004
16.36,0.2496,0.7440,0.6615,90.12,19,0.2500,0.8940,-0.26,0.0004
16.53,0.2496,0.7517,0.6615,90.12,20,0.2500,0.9017,-0.26,0.0004
16.64,0.2496,0.7575,0.6615,90.12,20,0.2500,0.9075,-0.26,0.0004
16.74,0.2496,0.7623,0.6615,90.12,20,0.2500,0.9123,-0.26,0.0004
16.92,0.2496,0.7710,0.6615,90.12,20,0.2500,0.9210,-0.26,0.0004
17.08,0.2496,0.7788,0.6615,90.12,21,0.2500,0.9288,-0.26,0.0004
17.25,0.2496,0.7875,0.6615,90.12,21,0.2500,0.9375,-0.26,0.0004
17.42,0.2496,0.7952,0.6615,90.12,21,0.2500,0.9452,-0.26,0.0004
17.58,0.2496,0.8030,0.6615,90.12,22,0.2500,0.9530,-0.26,0.0004
17.80,0.2496,0.8136,0.6615,90.12,22,0.2500,0.9636,-0.26,0.0004
17.98,0.2496,0.8223,0.6615,90.12,22,0.2500,0.9723,-0.26,0.0004
18.18,0.2496,0.8320,0.6615,90.12,23,0.2500,0.9820,-0.26,0.0004
18.29,0.2496,0.8368,0.6615,90.12,23,0.2500,0.9868,-0.26,0.0004
18.39,0.2496,0.8426,0.6615,90.12,23,0.2500,0.9926,-0.26,0.0004
18.50,0.2496,0.8474,0.6615,90.12,23,0.2500,0.9974,-0.26,0.0004
18.70,0.2496,0.8571,0.6615,90.12,24,0.2500,1.0071,-0.26,0.0004
18.91,0.2496,0.8677,0.6615,90.12,24,0.2500,1.0177,-0.26,0.0004
19.02,0.2496,0.8726,0.6615,90.12,24,0.2500,1.0226,-0.26,0.0004
19.20,0.2496,0.8813,0.6615,90.12,25,0.2500,1.0313,-0.26,0.0004
19.32,0.2496,0.8871,0.6615,90.12,25,0.2500,1.0371,-0.26,0.0004
19.42,0.2496,0.8919,0.6615,90.12,25,0.2500,1.0419,-0.26,0.0004
19.52,0.2496,0.8968,0.6615,90.12,25,0.2500,1.0468,-0.26,0.0004
19.71,0.2496,0.9064,0.6615,90.12,26,0.2500,1.0564,-0.26,0.0004
19.88,0.2496,0.9142,0.6615,90.12,26,0.2500,1.0642,-0.26,0.0004
20.05,0.2496,0.9219,0.6615,90.12,26,0.2500,1.0719,-0.26,0.0004
20.24,0.2496,0.9316,0.6615,90.12,27,0.2500,1.0816,-0.26,0.0004
20.34,0.2496,0.9364,0.6615,90.12,27,0.2500,1.0864,-0.26,0.0004
20.50,0.2496,0.9441,0.6615,90.12,27,0.2500,1.0941,-0.26,0.0004
20.67,0.2496,0.9528,0.6615,90.12,28,0.2500,1.1028,-0.26,0.0004
20.84,0.2496,0.9606,0.6615,90.12,28,0.2500,1.1106,-0.26,0.0004
20.95,0.2496,0.9654,0.6615,90.12,28,0.2500,1.1154,-0.26,0.0004
21.11,0.2496,0.9741,0.6615,90.12,28,0.2500,1.1241,-0.26,0.0004
21.22,0.2496,0.9790,0.6615,90.12,29,0.2500,1.1290,-0.26,0.0004
21.38,0.2496,0.9867,0.6615,90.12,29,0.2500,1.1367,-0.26,0.0004
21.55,0.2496,0.9944,0.6615,90.12,29,0.2500,1.1444,-0.26,0.0004
21.71,0.2496,1.0031,0.6615,90.12,30,0.2500,1.1531,-0.26,0.0004
21.89,0.2496,1.0118,0.6615,90.12,30,0.2500,1.1618,-0.26,0.0004
22.07,0.2496,1.0205,0.6615,90.12,30,0.2500,1.1705,-0.26,0.0004
22.18,0.2496,1.0254,0.6615,90.12,31,0.2500,1.1754,-0.26,0.0004
22.29,0.2496,1.0312,0.6615,90.12,31,0.2500,1.1812,-0.26,0.0004
22.40,0.2496,1.0360,0.6615,90.12,31,0.2500,1.1860,-0.26,0.0004
22.50,0.2496,1.0409,0.6615,90.12,31,0.2500,1.1909,-0.26,0.0004
22.66,0.2496,1.0486,0.6615,90.12,31,0.2500,1.1986,-0.26,0.0004
22.77,0.2496,1.0534,0.6615,90.12,32,0.2500,1.2034,-0.26,0.0004
22.93,0.2496,1.0621,0.6615,90.12,32,0.2500,1.2121,-0.26,0.0004
23.13,0.2496,1.0708,0.6615,90.12,32,0.2500,1.2208,-0.26,0.0004
23.29,0.2496,1.0795,0.6615,90.12,33,0.2500,1.2295,-0.26,0.0004
23.47,0.2496,1.0882,0.6615,90.12,33,0.2500,1.2382,-0.26,0.0004
23.65,0.2496,1.0969,0.6615,90.12,33,0.2500,1.2469,-0.26,0.0004
23.84,0.2496,1.1056,0.6615,90.12,34,0.2500,1.2556,-0.26,0.0004
24.05,0.2496,1.1153,0.6615,90.12,34,0.2500,1.2653,-0.26,0.0004
24.23,0.2496,1.1250,0.6615,90.12,34,0.2500,1.2750,-0.26,0.0004
24.43,0.2496,1.1347,0.6615,90.12,35,0.2500,1.2847,-0.26,0.0004
24.61,0.2496,1.1424,0.6615,90.12,35,0.2500,1.2924,-0.26,0.0004
24.71,0.2496,1.1472,0.6615,90.12,35,0.2500,1.2972,-0.26,0.0004
24.82,0.2496,1.1530,0.6615,90.12,36,0.2500,1.3030,-0.26,0.0004
24.92,0.2496,1.1579,0.6615,90.12,36,0.2500,1.3079,-0.26,0.0004
25.12,0.2496,1.1675,0.6615,90.12,36,0.2500,1.3175,-0.26,0.0004
25.23,0.2496,1.1733,0.6615,90.12,36,0.2500,1.3233,-0.26,0.0004
25.34,0.2496,1.1782,0.6615,90.12,37,0.2500,1.3282,-0.26,0.0004
25.44,0.2496,1.1830,0.6615,90.12,37,0.2500,1.3330,-0.26,0.0004
25.55,0.2496,1.1878,0.6615,90.12,37,0.2500,1.3378,-0.26,0.0004
25.71,0.2496,1.1956,0.6615,90.12,37,0.2500,1.3456,-0.26,0.0004
25.81,0.2496,1.2014,0.6615,90.12,38,0.2500,1.3514,-0.26,0.0004
25.91,0.2496,1.2062,0.6615,90.12,38,0.2500,1.3562,-0.26,0.0004
26.12,0.2496,1.2159,0.6615,90.12,38,0.2500,1.3659,-0.26,0.0004
26.29,0.2496,1.2236,0.6615,90.12,38,0.2500,1.3736,-0.26,0.0004
26.45,0.2496,1.2314,0.6615,90.12,39,0.2500,1.3814,-0.26,0.0004
26.61,0.2496,1.2401,0.6615,90.12,39,0.2500,1.3901,-0.26,0.0004
26.83,0.2496,1.2497,0.6615,90.12,39,0.2500,1.3997,-0.26,0.0004
26.99,0.2496,1.2584,0.6615,90.12,40,0.2500,1.4084,-0.26,0.0004
27.19,0.2496,1.2681,0.6615,90.12,40,0.2500,1.4181,-0.26,0.0004
27.30,0.2496,1.2729,0.6615,90.12,40,0.2500,1.4229,-0.26,0.0004
27.41,0.2496,1.2778,0.6615,90.12,41,0.2500,1.4278,-0.26,0.0004
27.51,0.2496,1.2836,0.6615,90.12,41,0.2500,1.4336,-0.26,0.0004
27.69,0.2496,1.2913,0.6615,90.12,41,0.2500,1.4413,-0.26,0.0004
27.89,0.2496,1.3020,0.6615,90.12,42,0.2500,1.4520,-0.26,0.0004
28.00,0.2496,1.3068,0.6615,90.12,42,0.2500,1.4568,-0.26,0.0004
28.11,0.2496,1.3116,0.6615,90.12,42,0.2500,1.4616,-0.26,0.0004
28.21,0.2496,1.3174,0.6615,90.12,42,0.2500,1.4674,-0.26,0.0004
28.40,0.2496,1.3261,0.6615,90.12,43,0.2500,1.4761,-0.26,0.0004
28.60,0.2496,1.3358,0.6615,90.12,43,0.2500,1.4858,-0.26,0.0004
28.71,0.2496,1.3416,0.6615,90.12,43,0.2500,1.4916,-0.26,0.0004
28.92,0.2496,1.3513,0.6615,90.12,44,0.2500,1.5013,-0.26,0.0004
29.14,0.2496,1.3619,0.6615,90.12,44,0.2500,1.5119,-0.26,0.0004
29.32,0.2496,1.3706,0.6615,90.12,44,0.2500,1.5206,-0.26,0.0004
29.49,0.2496,1.3793,0.6615,90.12,45,0.2500,1.5293,-0.26,0.0004
29.67,0.2496,1.3871,0.6615,90.12,45,0.2500,1.5371,-0.26,0.0004
29.84,0.2496,1.3958,0.6615,90.12,45,0.2500,1.5458,-0.26,0.0004
30.04,0.2496,1.4054,0.6615,90.12,46,0.2500,1.5554,-0.26,0.0004
30.21,0.2496,1.4141,0.6615,90.12,46,0.2500,1.5641,-0.26,0.0004
30.42,0.2496,1.4238,0.6615,90.12,46,0.2500,1.5738,-0.26,0.0004
30.55,0.2496,1.4296,0.6615,90.12,47,0.2500,1.5796,-0.26,0.0004
30.68,0.2496,1.4364,0.6615,90.12,47,0.2500,1.5864,-0.26,0.0004
30.80,0.2496,1.4422,0.6615,90.12,47,0.2500,1.5922,-0.26,0.0004
30.97,0.2496,1.4499,0.6615,90.12,47,0.2500,1.5999,-0.26,0.0004
31.07,0.2496,1.4548,0.6615,90.12,48,0.2500,1.6048,-0.26,0.0004
31.18,0.2496,1.4606,0.6615,90.12,48,0.2500,1.6106,-0.26,0.0004
31.29,0.2496,1.4654,0.6615,90.12,48,0.2500,1.6154,-0.26,0.0004
31.41,0.2496,1.4712,0.6615,90.12,48,0.2500,1.6212,-0.26,0.0004
31.52,0.2496,1.4770,0.6615,90.12,49,0.2500,1.6270,-0.26,0.0004
31.64,0.2496,1.4828,0.6615,90.12,49,0.2500,1.6328,-0.26,0.0004
31.75,0.2496,1.4876,0.6615,90.12,49,0.2500,1.6376,-0.26,0.0004
31.87,0.2496,1.4934,0.6615,90.12,49,0.2500,1.6434,-0.26,0.0004
31.98,0.2496,1.4992,0.6615,90.12,49,0.2500,1.6492,-0.26,0.0004
32.17,0.2496,1.5079,0.6615,90.12,50,0.2500,1.6579,-0.26,0.0004
32.29,0.2496,1.5137,0.6615,90.12,50,0.2500,1.6637,-0.26,0.0004
32.40,0.2496,1.5195,0.6615,90.12,50,0.2500,1.6695,-0.26,0.0004
32.52,0.2496,1.5253,0.6615,90.12,51,0.2500,1.6753,-0.26,0.0004
32.72,0.2496,1.5350,0.6615,90.12,51,0.2500,1.6850,-0.26,0.0004
32.83,0.2496,1.5399,0.6615,90.12,51,0.2500,1.6899,-0.26,0.0004
32.94,0.2496,1.5457,0.6615,90.12,51,0.2500,1.6957,-0.26,0.0004
33.05,0.2496,1.5505,0.6615,90.12,52,0.2500,1.7005,-0.26,0.0004
33.16,0.2496,1.5563,0.6615,90.12,52,0.2500,1.7063,-0.26,0.0004
33.36,0.2496,1.5650,0.6615,90.12,52,0.2500,1.7150,-0.26,0.0004
33.46,0.2496,1.5698,0.6615,90.12,52,0.2500,1.7198,-0.26,0.0004
33.57,0.2496,1.5756,0.6615,90.12,53,0.2500,1.7256,-0.26,0.0004
33.69,0.2496,1.5814,0.6615,90.12,53,0.2500,1.7314,-0.26,0.0004
33.81,0.2496,1.5872,0.6615,90.12,53,0.2500,1.7372,-0.26,0.0004
33.99,0.2496,1.5959,0.6615,90.12,53,0.2500,1.7459,-0.26,0.0004
34.19,0.2496,1.6056,0.6615,90.12,54,0.2500,1.7556,-0.26,0.0004
34.29,0.2496,1.6105,0.6615,90.12,54,0.2500,1.7605,-0.26,0.0004
34.48,0.2496,1.6182,0.6615,90.12,54,0.2500,1.7682,-0.26,0.0004
34.66,0.2496,1.6259,0.6615,90.12,55,0.2500,1.7759,-0.26,0.0004
34.82,0.2496,1.6337,0.6615,90.12,55,0.2500,1.7837,-0.26,0.0004
34.99,0.2496,1.6424,0.6615,90.12,55,0.2500,1.7924,-0.26,0.0004
35.12,0.2496,1.6472,0.6615,90.12,55,0.2500,1.7972,-0.26,0.0004
35.26,0.2496,1.6530,0.6615,90.12,56,0.2500,1.8030,-0.26,0.0004
35.37,0.2496,1.6588,0.6615,90.12,56,0.2500,1.8088,-0.26,0.0004
35.48,0.2496,1.6636,0.6615,90.12,56,0.2500,1.8136,-0.26,0.0004
35.59,0.2496,1.6694,0.6615,90.12,56,0.2500,1.8194,-0.26,0.0004
35.70,0.2496,1.6743,0.6615,90.12,56,0.2500,1.8243,-0.26,0.0004
35.81,0.2496,1.6791,0.6615,90.12,57,0.2500,1.8291,-0.26,0.0004
35.92,0.2496,1.6849,0.6615,90.12,57,0.2500,1.8349,-0.26,0.0004
36.03,0.2496,1.6898,0.6615,90.12,57,0.2500,1.8398,-0.26,0.0004
36.23,0.2496,1.6994,0.6615,90.12,57,0.2500,1.8494,-0.26,0.0004
36.42,0.2496,1.7072,0.6615,90.12,58,0.2500,1.8572,-0.26,0.0004
36.59,0.2496,1.7139,0.6615,90.12,58,0.2500,1.8639,-0.26,0.0004
36.70,0.2496,1.7197,0.6615,90.12,58,0.2500,1.8697,-0.26,0.0004
36.83,0.2496,1.7255,0.6615,90.12,59,0.2500,1.8755,-0.26,0.0004
36.98,0.2496,1.7323,0.6615,90.12,59,0.2500,1.8823,-0.26,0.0004
37.09,0.2496,1.7381,0.6615,90.12,59,0.2500,1.8881,-0.26,0.0004
37.23,0.2496,1.7449,0.6615,90.12,59,0.2500,1.8949,-0.26,0.0004
37.35,0.2496,1.7507,0.6615,90.12,60,0.2500,1.9007,-0.26,0.0004
37.45,0.2496,1.7555,0.6615,90.12,60,0.2500,1.9055,-0.26,0.0004
37.57,0.2496,1.7613,0.6615,90.12,60,0.2500,1.9113,-0.26,0.0004
37.68,0.2496,1.7661,0.6615,90.12,60,0.2500,1.9161,-0.26,0.0004
37.80,0.2496,1.7720,0.6615,90.12,60,0.2500,1.9220,-0.26,0.0004
37.91,0.2496,1.7778,0.6615,90.12,61,0.2500,1.9278,-0.26,0.0004
38.02,0.2496,1.7826,0.6615,90.12,61,0.2500,1.9326,-0.26,0.0004
38.13,0.2496,1.7884,0.6615,90.12,61,0.2500,1.9384,-0.26,0.0004
38.24,0.2496,1.7932,0.6615,90.12,61,0.2500,1.9432,-0.26,0.0004
38.34,0.2496,1.7981,0.6615,90.12,61,0.2500,1.9481,-0.26,0.0004
38.55,0.2496,1.8087,0.6615,90.12,62,0.2500,1.9587,-0.26,0.0004
38.67,0.2496,1.8145,0.6615,90.12,62,0.2500,1.9645,-0.26,0.0004
38.77,0.2496,1.8193,0.6615,90.12,62,0.2500,1.9693,-0.26,0.0004
38.94,0.2496,1.8261,0.6615,90.12,63,0.2500,1.9761,-0.26,0.0004
39.14,0.2496,1.8338,0.6615,90.12,63,0.2500,1.9838,-0.26,0.0004
39.33,0.2496,1.8406,0.6615,90.12,63,0.2500,1.9906,-0.26,0.0004
39.52,0.2496,1.8493,0.6615,90.12,63,0.2500,1.9993,-0.26,0.0004
39.68,0.2496,1.8561,0.6615,90.12,64,0.2504,2.0061,-0.41,0.0004
39.82,0.2496,1.8629,0.6615,90.12,64,0.2508,2.0128,-0.58,0.0004
40.00,0.2496,1.8716,0.6616,90.11,64,0.2514,2.0215,-0.78,0.0004
40.14,0.2496,1.8783,0.6616,90.06,65,0.2522,2.0282,-1.01,0.0004
40.28,0.2497,1.8851,0.6616,89.98,65,0.2532,2.0349,-1.33,0.0003
40.48,0.2498,1.8948,0.6617,89.82,65,0.2547,2.0445,-1.71,0.0002
40.64,0.2499,1.9016,0.6618,89.63,66,0.2559,2.0511,-1.94,0.0001
40.79,0.2501,1.9093,0.6618,89.36,66,0.2578,2.0586,-2.32,0.0001
40.95,0.2503,1.9161,0.6619,89.07,66,0.2594,2.0651,-2.59,0.0003
41.07,0.2505,1.9219,0.6619,88.76,66,0.2608,2.0707,-2.74,0.0005
41.20,0.2508,1.9286,0.6620,88.34,67,0.2628,2.0772,-2.95,0.0008
41.33,0.2511,1.9344,0.6620,87.93,67,0.2647,2.0827,-3.16,0.0011
41.47,0.2516,1.9412,0.6620,87.38,67,0.2669,2.0890,-3.31,0.0016
41.61,0.2521,1.9479,0.6621,86.75,67,0.2692,2.0954,-3.34,0.0021
41.77,0.2527,1.9546,0.6621,86.07,68,0.2719,2.1015,-3.52,0.0027
41.93,0.2534,1.9613,0.6621,85.33,68,0.2749,2.1075,-3.69,0.0034
42.09,0.2542,1.9690,0.6621,84.42,68,0.2783,2.1144,-3.81,0.0042
42.23,0.2549,1.9747,0.6621,83.70,68,0.2808,2.1195,-3.84,0.0049
42.37,0.2558,1.9814,0.6621,82.76,69,0.2843,2.1252,-3.98,0.0058
42.54,0.2569,1.9890,0.6621,81.57,69,0.2883,2.1316,-4.00,0.0069
42.74,0.2582,1.9975,0.6621,80.15,69,0.2928,2.1388,-3.91,0.0082
42.88,0.2593,2.0040,0.6621,78.97,70,0.2969,2.1446,-3.95,0.0090
43.02,0.2604,2.0096,0.6621,77.91,70,0.3004,2.1491,-3.91,0.0097
43.19,0.2618,2.0170,0.6622,76.40,70,0.3049,2.1551,-3.70,0.0107
43.39,0.2636,2.0253,0.6622,74.58,71,0.3107,2.1624,-3.55,0.0117
43.55,0.2653,2.0326,0.6621,72.93,71,0.3158,2.1680,-3.38,0.0123
43.70,0.2668,2.0389,0.6621,71.45,71,0.3201,2.1728,-3.16,0.0128
43.91,0.2687,2.0461,0.6621,69.72,71,0.3251,2.1783,-2.85,0.0136
44.09,0.2710,2.0542,0.6620,67.78,72,0.3323,2.1847,-2.92,0.0139
44.27,0.2732,2.0613,0.6619,66.07,72,0.3379,2.1896,-2.80,0.0143
44.46,0.2758,2.0691,0.6618,64.10,72,0.3441,2.1951,-2.57,0.0149
44.65,0.2783,2.0761,0.6618,62.33,73,0.3512,2.2002,-2.77,0.0150
44.88,0.2810,2.0830,0.6617,60.57,73,0.3572,2.2044,-2.70,0.0153
45.05,0.2842,2.0906,0.6616,58.57,73,0.3640,2.2091,-2.52,0.0157
45.20,0.2868,2.0965,0.6616,56.97,74,0.3711,2.2134,-2.77,0.0156
45.38,0.2901,2.1031,0.6616,55.15,74,0.3775,2.2170,-2.67,0.0156
45.55,0.2934,2.1096,0.6616,53.29,74,0.3839,2.2206,-2.45,0.0157
45.73,0.2971,2.1161,0.6617,51.42,75,0.3919,2.2247,-2.56,0.0157
45.91,0.3009,2.1224,0.6617,49.58,75,0.3987,2.2278,-2.44,0.0156
46.02,0.3039,2.1271,0.6616,48.23,75,0.4037,2.2301,-2.32,0.0156
46.21,0.3086,2.1339,0.6617,46.17,76,0.4127,2.2338,-2.36,0.0157
46.32,0.3119,2.1384,0.6617,44.84,76,0.4180,2.2356,-2.36,0.0156
46.54,0.3175,2.1457,0.6616,42.60,76,0.4267,2.2386,-2.23,0.0157
46.65,0.3210,2.1500,0.6616,41.25,76,0.4320,2.2404,-2.11,0.0159
46.82,0.3265,2.1563,0.6615,39.24,77,0.4416,2.2425,-2.38,0.0158
46.93,0.3297,2.1598,0.6615,38.14,77,0.4461,2.2435,-2.40,0.0158
47.04,0.3329,2.1631,0.6615,37.05,77,0.4506,2.2445,-2.40,0.0160
47.14,0.3368,2.1670,0.6615,35.69,77,0.4560,2.2456,-2.30,0.0162
47.31,0.3421,2.1721,0.6615,33.87,78,0.4651,2.2468,-2.59,0.0160
47.43,0.3462,2.1758,0.6614,32.51,78,0.4706,2.2475,-2.55,0.0159
47.62,0.3525,2.1811,0.6614,30.45,78,0.4787,2.2484,-2.38,0.0161
47.80,0.3598,2.1868,0.6615,28.13,79,0.4897,2.2490,-2.53,0.0159
48.02,0.3680,2.1927,0.6615,25.62,79,0.4999,2.2493,-2.38,0.0158
48.16,0.3726,2.1958,0.6615,24.23,79,0.5053,2.2494,-2.21,0.0159
48.28,0.3773,2.1987,0.6615,22.85,80,0.5124,2.2492,-2.37,0.0158
48.40,0.3829,2.2021,0.6616,21.27,80,0.5189,2.2488,-2.31,0.0157
48.51,0.3870,2.2043,0.6615,20.17,80,0.5235,2.2485,-2.25,0.0157
48.65,0.3926,2.2074,0.6615,18.59,80,0.5299,2.2480,-2.09,0.0159
48.77,0.3976,2.2099,0.6616,17.26,81,0.5369,2.2470,-2.32,0.0158
48.89,0.4026,2.2122,0.6616,15.93,81,0.5423,2.2459,-2.37,0.0158
49.00,0.4069,2.2141,0.6615,14.84,81,0.5469,2.2450,-2.39,0.0158
49.22,0.4162,2.2180,0.6616,12.37,82,0.5584,2.2426,-2.55,0.0161
49.33,0.4214,2.2199,0.6616,11.02,82,0.5637,2.2410,-2.58,0.0160
49.45,0.4267,2.2217,0.6615,9.65,82,0.5690,2.2395,-2.54,0.0159
49.63,0.4346,2.2242,0.6616,7.54,82,0.5770,2.2371,-2.36,0.0161
49.75,0.4400,2.2257,0.6615,6.14,83,0.5841,2.2347,-2.58,0.0161
49.85,0.4445,2.2269,0.6615,4.99,83,0.5884,2.2330,-2.55,0.0160
50.08,0.4544,2.2290,0.6614,2.47,83,0.5978,2.2293,-2.37,0.0158
50.19,0.4598,2.2301,0.6616,1.06,83,0.6029,2.2273,-2.19,0.0160
50.29,0.4644,2.2308,0.6616,-0.10,84,0.6085,2.2246,-2.37,0.0158
50.47,0.4728,2.2319,0.6616,-2.13,84,0.6160,2.2208,-2.30,0.0157
50.63,0.4791,2.2326,0.6616,-3.71,84,0.6217,2.2179,-2.16,0.0158
50.76,0.4847,2.2330,0.6617,-5.07,85,0.6279,2.2146,-2.27,0.0159
50.86,0.4894,2.2333,0.6617,-6.17,85,0.6318,2.2120,-2.32,0.0158
50.97,0.4949,2.2334,0.6616,-7.49,85,0.6364,2.2089,-2.36,0.0157
51.18,0.5041,2.2335,0.6616,-9.72,85,0.6441,2.2038,-2.27,0.0159
51.34,0.5116,2.2332,0.6616,-11.51,86,0.6512,2.1984,-2.50,0.0160
51.56,0.5217,2.2325,0.6615,-13.97,86,0.6590,2.1920,-2.49,0.0160
51.67,0.5272,2.2320,0.6615,-15.33,86,0.6632,2.1885,-2.39,0.0162
51.78,0.5317,2.2314,0.6615,-16.48,87,0.6683,2.1840,-2.64,0.0163
51.96,0.5400,2.2301,0.6615,-18.56,87,0.6742,2.1782,-2.60,0.0160
52.16,0.5490,2.2284,0.6616,-20.92,87,0.6807,2.1718,-2.35,0.0159
52.33,0.5572,2.2265,0.6617,-23.04,88,0.6874,2.1645,-2.41,0.0158
52.46,0.5626,2.2250,0.6617,-24.43,88,0.6910,2.1602,-2.34,0.0157
52.58,0.5679,2.2234,0.6617,-25.79,88,0.6946,2.1560,-2.25,0.0157
52.70,0.5732,2.2218,0.6616,-27.15,88,0.6982,2.1518,-2.10,0.0158
52.83,0.5785,2.2199,0.6617,-28.50,89,0.7024,2.1462,-2.27,0.0158
52.96,0.5846,2.2176,0.6616,-30.04,89,0.7060,2.1407,-2.30,0.0157
53.08,0.5888,2.2159,0.6616,-31.14,89,0.7085,2.1369,-2.28,0.0157
53.25,0.5965,2.2126,0.6617,-33.16,89,0.7132,2.1300,-2.15,0.0160
53.45,0.6049,2.2086,0.6616,-35.38,90,0.7183,2.1205,-2.44,0.0159
53.56,0.6090,2.2065,0.6615,-36.49,90,0.7205,2.1164,-2.44,0.0159
53.69,0.6146,2.2034,0.6615,-38.03,90,0.7234,2.1107,-2.41,0.0161
53.80,0.6186,2.2012,0.6614,-39.16,91,0.7263,2.1049,-2.64,0.0163
53.95,0.6249,2.1974,0.6615,-40.99,91,0.7291,2.0981,-2.63,0.0160
54.08,0.6295,2.1944,0.6615,-42.38,91,0.7312,2.0930,-2.54,0.0159
54.27,0.6372,2.1891,0.6617,-44.76,91,0.7347,2.0844,-2.26,0.0160
54.40,0.6417,2.1857,0.6617,-46.16,92,0.7369,2.0776,-2.47,0.0158
54.67,0.6496,2.1793,0.6616,-48.67,92,0.7399,2.0678,-2.32,0.0157
54.79,0.6538,2.1758,0.6616,-50.05,92,0.7415,2.0626,-2.17,0.0158
54.89,0.6573,2.1727,0.6617,-51.19,93,0.7431,2.0567,-2.30,0.0158
55.07,0.6633,2.1669,0.6617,-53.21,93,0.7447,2.0484,-2.29,0.0157
55.19,0.6672,2.1629,0.6617,-54.54,93,0.7458,2.0430,-2.23,0.0157
55.30,0.6711,2.1589,0.6617,-55.90,93,0.7469,2.0375,-2.11,0.0159
55.41,0.6742,2.1555,0.6617,-57.01,94,0.7477,2.0315,-2.34,0.0159
55.53,0.6779,2.1513,0.6617,-58.34,94,0.7481,2.0259,-2.39,0.0158
55.65,0.6814,2.1470,0.6616,-59.65,94,0.7485,2.0204,-2.41,0.0159
55.75,0.6843,2.1434,0.6617,-60.79,94,0.7489,2.0158,-2.35,0.0160
55.96,0.6898,2.1360,0.6617,-63.06,95,0.7495,2.0048,-2.50,0.0161
56.12,0.6941,2.1299,0.6616,-64.87,95,0.7497,1.9974,-2.37,0.0159
56.23,0.6966,2.1261,0.6615,-66.00,95,0.7498,1.9928,-2.24,0.0160
56.43,0.7014,2.1183,0.6615,-68.29,96,0.7500,1.9818,-2.11,0.0161
56.56,0.7046,2.1126,0.6616,-69.87,96,0.7500,1.9753,-1.84,0.0158
56.69,0.7072,2.1078,0.6615,-71.21,96,0.7500,1.9698,-1.57,0.0157
56.82,0.7098,2.1028,0.6616,-72.54,96,0.7500,1.9642,-1.27,0.0158
57.09,0.7146,2.0926,0.6617,-75.04,97,0.7500,1.9515,-0.87,0.0155
57.25,0.7172,2.0867,0.6616,-76.40,97,0.7500,1.9450,-0.55,0.0154
57.39,0.7196,2.0807,0.6616,-77.73,97,0.7500,1.9385,-0.21,0.0154
57.53,0.7220,2.0746,0.6617,-79.00,98,0.7500,1.9306,0.00,0.0152
57.65,0.7239,2.0693,0.6617,-80.01,98,0.7500,1.9250,0.25,0.0149
57.76,0.7255,2.0649,0.6617,-80.81,98,0.7500,1.9203,0.44,0.0147
57.99,0.7287,2.0551,0.6619,-82.48,99,0.7500,1.9085,0.73,0.0144
58.12,0.7307,2.0488,0.6619,-83.46,99,0.7500,1.9019,0.95,0.0137
58.27,0.7325,2.0425,0.6618,-84.41,99,0.7500,1.8954,1.18,0.0131
58.42,0.7345,2.0352,0.6620,-85.36,99,0.7500,1.8878,1.35,0.0126
58.54,0.7359,2.0296,0.6621,-86.03,100,0.7500,1.8806,1.42,0.0119
58.69,0.7371,2.0250,0.6621,-86.53,100,0.7500,1.8759,1.49,0.0111
58.83,0.7383,2.0194,0.6621,-87.07,100,0.7500,1.8702,1.54,0.0103
58.94,0.7395,2.0138,0.6621,-87.57,100,0.7500,1.8646,1.58,0.0095
59.15,0.7414,2.0043,0.6624,-88.23,101,0.7500,1.8545,1.52,0.0081
59.32,0.7429,1.9957,0.6624,-88.74,101,0.7500,1.8459,1.48,0.0069
59.50,0.7442,1.9871,0.6624,-89.17,101,0.7500,1.8373,1.39,0.0058
59.67,0.7453,1.9785,0.6625,-89.43,102,0.7500,1.8285,1.22,0.0047
59.77,0.7459,1.9737,0.6625,-89.55,102,0.7500,1.8237,1.12,0.0041
59.88,0.7464,1.9688,0.6626,-89.64,102,0.7500,1.8188,1.02,0.0036
60.00,0.7469,1.9631,0.6625,-89.73,102,0.7500,1.8131,0.90,0.0031
60.13,0.7474,1.9573,0.6626,-89.79,103,0.7500,1.8073,0.77,0.0026
60.26,0.7479,1.9505,0.6625,-89.83,103,0.7500,1.8005,0.62,0.0021
60.39,0.7483,1.9447,0.6625,-89.85,103,0.7500,1.7947,0.50,0.0017
60.58,0.7488,1.9351,0.6624,-89.87,103,0.7500,1.7851,0.34,0.0012
60.71,0.7490,1.9293,0.6624,-89.87,104,0.7500,1.7793,0.25,0.0010
60.90,0.7494,1.9197,0.6623,-89.88,104,0.7500,1.7697,0.12,0.0006
61.03,0.7495,1.9139,0.6623,-89.88,104,0.7500,1.7639,0.06,0.0005
61.13,0.7497,1.9090,0.6622,-89.88,105,0.7500,1.7590,0.01,0.0003
61.25,0.7498,1.9032,0.6622,-89.88,105,0.7500,1.7532,-0.04,0.0002
61.36,0.7499,1.8975,0.6622,-89.88,105,0.7500,1.7475,-0.07,0.0001
61.49,0.7500,1.8917,0.6621,-89.88,105,0.7500,1.7417,-0.10,0.0000
61.60,0.7500,1.8859,0.6620,-89.88,105,0.7500,1.7359,-0.13,0.0000
61.72,0.7501,1.8810,0.6620,-89.88,106,0.7500,1.7310,-0.15,0.0001
61.84,0.7501,1.8743,0.6620,-89.88,106,0.7500,1.7243,-0.17,0.0001
62.02,0.7502,1.8656,0.6619,-89.88,106,0.7500,1.7156,-0.19,0.0002
62.14,0.7502,1.8598,0.6619,-89.88,107,0.7500,1.7098,-0.21,0.0002
62.25,0.7502,1.8550,0.6618,-89.88,107,0.7500,1.7050,-0.21,0.0002
62.36,0.7503,1.8492,0.6618,-89.88,107,0.7500,1.6992,-0.22,0.0003
62.55,0.7503,1.8405,0.6618,-89.88,107,0.7500,1.6905,-0.23,0.0003
62.67,0.7503,1.8347,0.6617,-89.88,108,0.7500,1.6847,-0.24,0.0003
62.79,0.7503,1.8289,0.6617,-89.88,108,0.7500,1.6789,-0.24,0.0003
62.93,0.7503,1.8231,0.6617,-89.88,108,0.7500,1.6731,-0.24,0.0003
63.05,0.7503,1.8173,0.6617,-89.88,108,0.7500,1.6673,-0.25,0.0003
63.19,0.7503,1.8115,0.6617,-89.88,108,0.7500,1.6615,-0.25,0.0003
63.32,0.7503,1.8057,0.6616,-89.88,109,0.7500,1.6557,-0.25,0.0003
63.46,0.7503,1.7999,0.6616,-89.88,109,0.7500,1.6499,-0.25,0.0003
63.56,0.7503,1.7950,0.6616,-89.88,109,0.7500,1.6450,-0.25,0.0003
63.68,0.7503,1.7892,0.6616,-89.88,109,0.7500,1.6392,-0.25,0.0003
63.79,0.7503,1.7844,0.6616,-89.88,110,0.7500,1.6344,-0.25,0.0003
63.89,0.7503,1.7805,0.6616,-89.88,110,0.7500,1.6305,-0.25,0.0003
64.02,0.7503,1.7747,0.6616,-89.88,110,0.7500,1.6247,-0.26,0.0003
64.12,0.7503,1.7699,0.6616,-89.88,110,0.7500,1.6199,-0.26,0.0003
64.24,0.7504,1.7641,0.6616,-89.88,110,0.7500,1.6141,-0.26,0.0004
64.37,0.7504,1.7593,0.6616,-89.88,111,0.7500,1.6093,-0.26,0.0004
64.48,0.7504,1.7535,0.6616,-89.88,111,0.7500,1.6035,-0.26,0.0004
64.62,0.7504,1.7476,0.6616,-89.88,111,0.7500,1.5976,-0.26,0.0004
64.80,0.7504,1.7409,0.6616,-89.88,111,0.7500,1.5909,-0.26,0.0004
64.98,0.7504,1.7331,0.6616,-89.88,112,0.7500,1.5831,-0.26,0.0004
65.14,0.7504,1.7264,0.6616,-89.88,112,0.7500,1.5764,-0.26,0.0004
65.27,0.7504,1.7215,0.6616,-89.88,112,0.7500,1.5715,-0.26,0.0004
65.41,0.7504,1.7148,0.6616,-89.88,112,0.7500,1.5648,-0.26,0.0004
65.54,0.7504,1.7090,0.6616,-89.88,113,0.7500,1.5590,-0.26,0.0004
65.68,0.7504,1.7032,0.6616,-89.88,113,0.7500,1.5532,-0.26,0.0004
65.78,0.7504,1.6974,0.6616,-89.88,113,0.7500,1.5474,-0.26,0.0004
65.90,0.7504,1.6925,0.6616,-89.88,113,0.7500,1.5425,-0.26,0.0004
66.03,0.7504,1.6858,0.6615,-89.88,113,0.7500,1.5358,-0.26,0.0004
66.16,0.7504,1.6800,0.6615,-89.88,114,0.7500,1.5300,-0.26,0.0004
66.28,0.7504,1.6742,0.6615,-89.88,114,0.7500,1.5242,-0.26,0.0004
66.39,0.7504,1.6684,0.6615,-89.88,114,0.7500,1.5184,-0.26,0.0004
66.51,0.7504,1.6626,0.6615,-89.88,114,0.7500,1.5126,-0.26,0.0004
66.63,0.7504,1.6567,0.6615,-89.88,115,0.7500,1.5067,-0.26,0.0004
66.75,0.7504,1.6509,0.6615,-89.88,115,0.7500,1.5009,-0.26,0.0004
66.90,0.7504,1.6451,0.6615,-89.88,115,0.7500,1.4951,-0.26,0.0004
67.04,0.7504,1.6384,0.6615,-89.88,115,0.7500,1.4884,-0.26,0.0004
67.21,0.7504,1.6306,0.6615,-89.88,116,0.7500,1.4806,-0.26,0.0004
67.40,0.7504,1.6219,0.6615,-89.88,116,0.7500,1.4719,-0.26,0.0004
67.52,0.7504,1.6161,0.6615,-89.88,116,0.7500,1.4661,-0.26,0.0004
67.70,0.7504,1.6103,0.6615,-89.88,116,0.7500,1.4603,-0.26,0.0004
67.81,0.7504,1.6055,0.6615,-89.88,117,0.7500,1.4555,-0.26,0.0004
68.07,0.7504,1.5939,0.6615,-89.88,117,0.7500,1.4439,-0.26,0.0004
68.23,0.7504,1.5862,0.6615,-89.88,117,0.7500,1.4362,-0.26,0.0004
68.36,0.7504,1.5804,0.6615,-89.88,118,0.7500,1.4304,-0.26,0.0004
68.51,0.7504,1.5736,0.6615,-89.88,118,0.7500,1.4236,-0.26,0.0004
68.63,0.7504,1.5678,0.6615,-89.88,118,0.7500,1.4178,-0.26,0.0004
68.82,0.7504,1.5591,0.6615,-89.88,119,0.7500,1.4091,-0.26,0.0004
68.94,0.7504,1.5533,0.6615,-89.88,119,0.7500,1.4033,-0.26,0.0004
69.07,0.7504,1.5475,0.6615,-89.88,119,0.7500,1.3975,-0.26,0.0004
69.19,0.7504,1.5417,0.6615,-89.88,119,0.7500,1.3917,-0.26,0.0004
69.32,0.7504,1.5359,0.6615,-89.88,119,0.7500,1.3859,-0.26,0.0004
69.49,0.7504,1.5291,0.6615,-89.88,120,0.7500,1.3791,-0.26,0.0004
69.64,0.7504,1.5214,0.6615,-89.88,120,0.7500,1.3714,-0.26,0.0004
69.77,0.7504,1.5156,0.6615,-89.88,120,0.7500,1.3656,-0.26,0.0004
69.89,0.7504,1.5098,0.6615,-89.88,121,0.7500,1.3598,-0.26,0.0004
70.12,0.7504,1.5001,0.6615,-89.88,121,0.7500,1.3501,-0.26,0.0004
70.30,0.7504,1.4933,0.6615,-89.88,121,0.7500,1.3433,-0.26,0.0004
70.47,0.7504,1.4856,0.6615,-89.88,121,0.7500,1.3356,-0.26,0.0004
70.63,0.7504,1.4788,0.6615,-89.88,122,0.7500,1.3288,-0.26,0.0004
70.79,0.7504,1.4711,0.6615,-89.88,122,0.7500,1.3211,-0.26,0.0004
70.92,0.7504,1.4653,0.6615,-89.88,122,0.7500,1.3153,-0.26,0.0004
71.09,0.7504,1.4575,0.6615,-89.88,123,0.7500,1.3075,-0.26,0.0004
71.25,0.7504,1.4498,0.6615,-89.88,123,0.7500,1.2998,-0.26,0.0004
71.42,0.7504,1.4411,0.6615,-89.88,123,0.7500,1.2911,-0.26,0.0004
71.60,0.7504,1.4324,0.6615,-89.88,124,0.7500,1.2824,-0.26,0.0004
71.80,0.7504,1.4227,0.6615,-89.88,124,0.7500,1.2727,-0.26,0.0004
71.91,0.7504,1.4179,0.6615,-89.88,124,0.7500,1.2679,-0.26,0.0004
72.03,0.7504,1.4121,0.6615,-89.88,124,0.7500,1.2621,-0.26,0.0004
72.14,0.7504,1.4063,0.6615,-89.88,125,0.7500,1.2563,-0.26,0.0004
72.33,0.7504,1.3976,0.6615,-89.88,125,0.7500,1.2476,-0.26,0.0004
72.52,0.7504,1.3879,0.6615,-89.88,125,0.7500,1.2379,-0.26,0.0004
72.69,0.7504,1.3802,0.6615,-89.88,126,0.7500,1.2302,-0.26,0.0004
72.86,0.7504,1.3715,0.6615,-89.88,126,0.7500,1.2215,-0.26,0.0004
73.07,0.7504,1.3618,0.6615,-89.88,126,0.7500,1.2118,-0.26,0.0004
73.18,0.7504,1.3560,0.6615,-89.88,127,0.7500,1.2060,-0.26,0.0004
73.28,0.7504,1.3512,0.6615,-89.88,127,0.7500,1.2012,-0.26,0.0004
73.44,0.7504,1.3434,0.6615,-89.88,127,0.7500,1.1934,-0.26,0.0004
73.61,0.7504,1.3357,0.6615,-89.88,127,0.7500,1.1857,-0.26,0.0004
73.79,0.7504,1.3270,0.6615,-89.88,128,0.7500,1.1770,-0.26,0.0004
73.91,0.7504,1.3212,0.6615,-89.88,128,0.7500,1.1712,-0.26,0.0004
74.01,0.7504,1.3163,0.6615,-89.88,128,0.7500,1.1663,-0.26,0.0004
74.12,0.7504,1.3105,0.6615,-89.88,128,0.7500,1.1605,-0.26,0.0004
74.23,0.7504,1.3057,0.6615,-89.88,129,0.7500,1.1557,-0.26,0.0004
74.33,0.7504,1.3009,0.6615,-89.88,129,0.7500,1.1509,-0.26,0.0004
74.44,0.7504,1.2951,0.6615,-89.88,129,0.7500,1.1451,-0.26,0.0004
74.55,0.7504,1.2902,0.6615,-89.88,129,0.7500,1.1402,-0.26,0.0004
74.74,0.7504,1.2806,0.6615,-89.88,130,0.7500,1.1306,-0.26,0.0004
74.88,0.7504,1.2738,0.6615,-89.88,130,0.7500,1.1238,-0.26,0.0004
75.02,0.7504,1.2670,0.6615,-89.88,130,0.7500,1.1170,-0.26,0.0004
75.19,0.7504,1.2593,0.6615,-89.88,131,0.7500,1.1093,-0.26,0.0004
75.37,0.7504,1.2506,0.6615,-89.88,131,0.7500,1.1006,-0.26,0.0004
75.53,0.7504,1.2428,0.6615,-89.88,131,0.7500,1.0928,-0.26,0.0004
75.69,0.7504,1.2351,0.6615,-89.88,131,0.7500,1.0851,-0.26,0.0004
75.90,0.7504,1.2254,0.6615,-89.88,132,0.7500,1.0754,-0.26,0.0004
76.00,0.7504,1.2196,0.6615,-89.88,132,0.7500,1.0696,-0.26,0.0004
76.12,0.7504,1.2148,0.6615,-89.88,132,0.7500,1.0648,-0.26,0.0004
76.22,0.7504,1.2090,0.6615,-89.88,133,0.7500,1.0590,-0.26,0.0004
76.40,0.7504,1.2003,0.6615,-89.88,133,0.7500,1.0503,-0.26,0.0004
76.59,0.7504,1.1916,0.6615,-89.88,133,0.7500,1.0416,-0.26,0.0004
76.70,0.7504,1.1868,0.6615,-89.88,133,0.7500,1.0368,-0.26,0.0004
76.81,0.7504,1.1810,0.6615,-89.88,134,0.7500,1.0310,-0.26,0.0004
76.94,0.7504,1.1752,0.6615,-89.88,134,0.7500,1.0252,-0.26,0.0004
77.05,0.7504,1.1693,0.6615,-89.88,134,0.7500,1.0193,-0.26,0.0004
77.15,0.7504,1.1645,0.6615,-89.88,134,0.7500,1.0145,-0.26,0.0004
77.37,0.7504,1.1539,0.6615,-89.88,135,0.7500,1.0039,-0.26,0.0004
77.49,0.7504,1.1481,0.6615,-89.88,135,0.7500,0.9981,-0.26,0.0004
77.60,0.7504,1.1432,0.6615,-89.88,135,0.7500,0.9932,-0.26,0.0004
77.80,0.7504,1.1336,0.6615,-89.88,136,0.7500,0.9836,-0.26,0.0004
78.00,0.7504,1.1239,0.6615,-89.88,136,0.7500,0.9739,-0.26,0.0004
78.13,0.7504,1.1171,0.6615,-89.88,136,0.7500,0.9671,-0.26,0.0004
78.30,0.7504,1.1104,0.6615,-89.88,136,0.7500,0.9604,-0.26,0.0004
78.40,0.7504,1.1055,0.6615,-89.88,137,0.7500,0.9555,-0.26,0.0004
78.61,0.7504,1.0959,0.6615,-89.88,137,0.7500,0.9459,-0.26,0.0004
78.79,0.7504,1.0871,0.6615,-89.88,137,0.7500,0.9371,-0.26,0.0004
78.92,0.7504,1.0804,0.6615,-89.88,138,0.7500,0.9304,-0.26,0.0004
79.02,0.7504,1.0755,0.6615,-89.88,138,0.7500,0.9255,-0.26,0.0004
79.15,0.7504,1.0697,0.6615,-89.88,138,0.7500,0.9197,-0.26,0.0004
79.27,0.7504,1.0639,0.6615,-89.88,138,0.7500,0.9139,-0.26,0.0004
79.40,0.7504,1.0572,0.6615,-89.88,139,0.7500,0.9072,-0.26,0.0004
79.52,0.7504,1.0514,0.6615,-89.88,139,0.7500,0.9014,-0.26,0.0004
79.63,0.7504,1.0456,0.6615,-89.88,139,0.7500,0.8956,-0.26,0.0004
79.75,0.7504,1.0407,0.6615,-89.88,139,0.7500,0.8907,-0.26,0.0004
79.87,0.7504,1.0349,0.6615,-89.88,139,0.7500,0.8849,-0.26,0.0004
79.99,0.7504,1.0291,0.6615,-89.88,140,0.7500,0.8791,-0.26,0.0004
80.09,0.7504,1.0233,0.6615,-89.88,140,0.7500,0.8733,-0.26,0.0004
80.28,0.7504,1.0146,0.6615,-89.88,140,0.7500,0.8646,-0.26,0.0004
80.45,0.7504,1.0059,0.6615,-89.88,141,0.7500,0.8559,-0.26,0.0004
80.56,0.7504,1.0011,0.6615,-89.88,141,0.7500,0.8511,-0.26,0.0004
80.67,0.7504,0.9962,0.6615,-89.88,141,0.7500,0.8462,-0.26,0.0004
80.84,0.7504,0.9875,0.6615,-89.88,141,0.7500,0.8375,-0.26,0.0004
80.95,0.7504,0.9827,0.6615,-89.88,142,0.7500,0.8327,-0.26,0.0004
81.08,0.7504,0.9759,0.6615,-89.88,142,0.7500,0.8259,-0.26,0.0004
81.22,0.7504,0.9701,0.6615,-89.88,142,0.7500,0.8201,-0.26,0.0004
81.42,0.7504,0.9634,0.6615,-89.88,142,0.7500,0.8134,-0.26,0.0004
81.57,0.7504,0.9566,0.6615,-89.88,143,0.7500,0.8066,-0.26,0.0004
81.74,0.7504,0.9489,0.6615,-89.88,143,0.7500,0.7989,-0.26,0.0004
81.89,0.7504,0.9421,0.6615,-89.88,143,0.7500,0.7921,-0.26,0.0004
82.04,0.7504,0.9353,0.6615,-89.88,143,0.7500,0.7853,-0.26,0.0004
82.15,0.7504,0.9295,0.6615,-89.88,144,0.7500,0.7795,-0.26,0.0004
82.26,0.7504,0.9247,0.6615,-89.88,144,0.7500,0.7747,-0.26,0.0004
82.44,0.7504,0.9150,0.6615,-89.88,144,0.7500,0.7650,-0.26,0.0004
82.56,0.7504,0.9092,0.6615,-89.88,145,0.7500,0.7592,-0.26,0.0004
82.75,0.7504,0.9005,0.6615,-89.88,145,0.7500,0.7505,-0.26,0.0004
82.92,0.7504,0.8918,0.6615,-89.88,145,0.7500,0.7418,-0.26,0.0004
83.10,0.7504,0.8841,0.6615,-89.88,146,0.7500,0.7341,-0.26,0.0004
83.26,0.7504,0.8763,0.6615,-89.88,146,0.7500,0.7263,-0.26,0.0004
83.38,0.7504,0.8705,0.6615,-89.88,146,0.7500,0.7205,-0.26,0.0004
83.49,0.7504,0.8647,0.6615,-89.88,146,0.7500,0.7147,-0.26,0.0004
83.65,0.7504,0.8570,0.6615,-89.88,147,0.7500,0.7070,-0.26,0.0004
83.85,0.7504,0.8473,0.6615,-89.88,147,0.7500,0.6973,-0.26,0.0004
84.02,0.7504,0.8396,0.6615,-89.88,147,0.7500,0.6896,-0.26,0.0004
84.22,0.7504,0.8299,0.6615,-89.88,148,0.7500,0.6799,-0.26,0.0004
84.33,0.7504,0.8241,0.6615,-89.88,148,0.7500,0.6741,-0.26,0.0004
84.44,0.7504,0.8193,0.6615,-89.88,148,0.7500,0.6693,-0.26,0.0004
84.54,0.7504,0.8144,0.6615,-89.88,148,0.7500,0.6644,-0.26,0.0004
84.65,0.7504,0.8086,0.6615,-89.88,149,0.7500,0.6586,-0.26,0.0004
84.86,0.7504,0.7990,0.6615,-89.88,149,0.7500,0.6490,-0.26,0.0004
84.96,0.7504,0.7941,0.6615,-89.88,149,0.7500,0.6441,-0.26,0.0004
85.15,0.7504,0.7845,0.6615,-89.88,150,0.7500,0.6345,-0.26,0.0004
85.31,0.7504,0.7767,0.6615,-89.88,150,0.7500,0.6267,-0.26,0.0004
85.49,0.7504,0.7680,0.6615,-89.88,150,0.7500,0.6180,-0.26,0.0004
85.65,0.7504,0.7603,0.6615,-89.88,150,0.7500,0.6103,-0.26,0.0004
85.81,0.7504,0.7525,0.6615,-89.88,151,0.7500,0.6025,-0.26,0.0004
85.98,0.7504,0.7448,0.6615,-89.88,151,0.7500,0.5948,-0.26,0.0004
86.09,0.7504,0.7390,0.6615,-89.88,151,0.7500,0.5890,-0.26,0.0004
86.24,0.7504,0.7322,0.6615,-89.88,152,0.7500,0.5822,-0.26,0.0004
86.44,0.7504,0.7226,0.6615,-89.88,152,0.7500,0.5726,-0.26,0.0004
86.56,0.7504,0.7168,0.6615,-89.88,152,0.7500,0.5668,-0.26,0.0004
86.67,0.7504,0.7119,0.6615,-89.88,152,0.7500,0.5619,-0.26,0.0004
86.78,0.7504,0.7061,0.6615,-89.88,153,0.7500,0.5561,-0.26,0.0004
86.90,0.7504,0.7003,0.6615,-89.88,153,0.7500,0.5503,-0.26,0.0004
87.01,0.7504,0.6955,0.6615,-89.88,153,0.7500,0.5455,-0.26,0.0004
87.12,0.7504,0.6897,0.6615,-89.88,153,0.7500,0.5397,-0.26,0.0004
87.23,0.7504,0.6848,0.6615,-89.88,153,0.7500,0.5348,-0.26,0.0004
87.41,0.7504,0.6761,0.6615,-89.88,154,0.7500,0.5261,-0.26,0.0004
87.61,0.7504,0.6665,0.6615,-89.88,154,0.7500,0.5165,-0.26,0.0004
87.78,0.7504,0.6578,0.6615,-89.88,155,0.7501,0.5078,-0.23,0.0004
87.97,0.7504,0.6491,0.6615,-89.88,155,0.7504,0.4991,-0.09,0.0004
88.18,0.7504,0.6384,0.6616,-89.87,155,0.7508,0.4885,0.06,0.0004
88.34,0.7504,0.6307,0.6616,-89.84,156,0.7514,0.4808,0.25,0.0004
88.51,0.7504,0.6230,0.6616,-89.79,156,0.7522,0.4731,0.50,0.0004
88.68,0.7504,0.6142,0.6616,-89.70,156,0.7531,0.4644,0.74,0.0004
88.86,0.7505,0.6055,0.6617,-89.53,157,0.7544,0.4558,1.03,0.0005
89.03,0.7506,0.5978,0.6618,-89.33,157,0.7559,0.4482,1.36,0.0006
89.20,0.7508,0.5891,0.6618,-89.04,157,0.7576,0.4397,1.65,0.0008
89.32,0.7510,0.5833,0.6619,-88.77,158,0.7590,0.4341,1.82,0.0010
89.49,0.7513,0.5756,0.6619,-88.37,158,0.7614,0.4267,2.26,0.0013
89.59,0.7516,0.5707,0.6619,-88.07,158,0.7630,0.4222,2.47,0.0016
89.77,0.7521,0.5620,0.6619,-87.47,158,0.7658,0.4139,2.76,0.0021
89.89,0.7524,0.5562,0.6620,-86.97,159,0.7679,0.4086,2.96,0.0024
90.00,0.7529,0.5505,0.6620,-86.45,159,0.7703,0.4033,3.18,0.0029
90.11,0.7533,0.5457,0.6620,-85.97,159,0.7722,0.3989,3.30,0.0033
90.22,0.7539,0.5399,0.6620,-85.32,159,0.7745,0.3936,3.36,0.0039
90.42,0.7549,0.5303,0.6620,-84.08,160,0.7788,0.3851,3.40,0.0049
90.52,0.7555,0.5255,0.6620,-83.41,160,0.7811,0.3809,3.43,0.0055
90.70,0.7567,0.5169,0.6620,-82.14,160,0.7852,0.3734,3.39,0.0067
90.87,0.7578,0.5094,0.6620,-80.92,161,0.7891,0.3666,3.28,0.0078
90.98,0.7588,0.5037,0.6620,-79.96,161,0.7923,0.3619,3.28,0.0085
91.17,0.7602,0.4953,0.6620,-78.46,161,0.7971,0.3549,3.17,0.0096
91.34,0.7618,0.4869,0.6620,-76.85,161,0.8019,0.3479,2.93,0.0109
91.52,0.7635,0.4785,0.6620,-75.18,162,0.8078,0.3408,3.00,0.0118
91.62,0.7645,0.4739,0.6619,-74.24,162,0.8109,0.3373,2.98,0.0123
91.75,0.7658,0.4684,0.6619,-73.06,162,0.8146,0.3331,2.87,0.0130
91.87,0.7671,0.4630,0.6619,-71.81,162,0.8182,0.3289,2.69,0.0137
91.98,0.7684,0.4575,0.6619,-70.54,163,0.8231,0.3241,2.83,0.0141
92.17,0.7706,0.4495,0.6618,-68.61,163,0.8292,0.3184,2.70,0.0147
92.35,0.7730,0.4415,0.6618,-66.60,163,0.8353,0.3128,2.42,0.0154
92.47,0.7747,0.4362,0.6617,-65.23,164,0.8411,0.3079,2.61,0.0156
92.65,0.7774,0.4283,0.6617,-63.18,164,0.8477,0.3028,2.44,0.0156
92.77,0.7793,0.4231,0.6616,-61.80,164,0.8520,0.2994,2.25,0.0158
92.88,0.7814,0.4179,0.6617,-60.38,164,0.8564,0.2960,2.00,0.0160
93.07,0.7847,0.4101,0.6618,-58.29,165,0.8647,0.2906,2.09,0.0159
93.19,0.7870,0.4050,0.6618,-56.93,165,0.8694,0.2875,1.99,0.0160
93.30,0.7894,0.4000,0.6617,-55.60,165,0.8741,0.2846,1.85,0.0162
93.47,0.7927,0.3934,0.6616,-53.79,166,0.8818,0.2802,1.96,0.0163
93.64,0.7963,0.3869,0.6616,-52.02,166,0.8885,0.2769,1.96,0.0162
93.81,0.8005,0.3797,0.6615,-50.00,166,0.8959,0.2732,1.85,0.0164
93.98,0.8050,0.3726,0.6616,-47.97,167,0.9050,0.2693,2.02,0.0165
94.15,0.8092,0.3665,0.6615,-46.18,167,0.9120,0.2667,2.05,0.0165
94.35,0.8147,0.3590,0.6615,-43.91,167,0.9207,0.2636,1.91,0.0168
94.51,0.8193,0.3532,0.6615,-42.06,168,0.9298,0.2608,2.18,0.0168
94.71,0.8253,0.3461,0.6614,-39.76,168,0.9388,0.2584,2.08,0.0166
94.82,0.8290,0.3420,0.6615,-38.34,168,0.9441,0.2570,1.92,0.0167
94.93,0.8322,0.3386,0.6616,-37.15,169,0.9502,0.2556,2.05,0.0167
95.09,0.8375,0.3333,0.6616,-35.30,169,0.9576,0.2544,2.00,0.0165
95.26,0.8436,0.3276,0.6617,-33.20,169,0.9659,0.2530,1.81,0.0165
95.47,0.8507,0.3214,0.6618,-30.89,170,0.9767,0.2515,1.87,0.0166
95.58,0.8551,0.3179,0.6617,-29.53,170,0.9823,0.2512,1.85,0.0165
95.68,0.8587,0.3150,0.6617,-28.41,170,0.9869,0.2509,1.81,0.0165
95.84,0.8647,0.3106,0.6616,-26.60,170,0.9943,0.2504,1.67,0.0167
96.01,0.8709,0.3064,0.6616,-24.81,171,1.0033,0.2504,1.91,0.0166
96.19,0.8779,0.3019,0.6615,-22.81,171,1.0117,0.2509,1.94,0.0167
96.31,0.8826,0.2990,0.6615,-21.45,171,1.0172,0.2512,1.88,0.0168
96.42,0.8867,0.2967,0.6616,-20.30,172,1.0237,0.2516,2.10,0.0170
96.52,0.8916,0.2940,0.6615,-18.93,172,1.0293,0.2524,2.13,0.0168
96.63,0.8957,0.2919,0.6615,-17.79,172,1.0339,0.2531,2.11,0.0167
96.74,0.9007,0.2895,0.6616,-16.36,172,1.0393,0.2539,1.98,0.0167
96.85,0.9049,0.2875,0.6617,-15.18,172,1.0440,0.2546,1.86,0.0168
97.02,0.9127,0.2842,0.6617,-13.06,173,1.0540,0.2567,2.03,0.0167
97.19,0.9197,0.2816,0.6616,-11.23,173,1.0612,0.2584,1.93,0.0166
97.36,0.9275,0.2788,0.6616,-9.14,173,1.0693,0.2603,1.71,0.0167
97.47,0.9320,0.2774,0.6616,-7.98,174,1.0752,0.2621,1.88,0.0166
97.58,0.9374,0.2759,0.6616,-6.62,174,1.0806,0.2639,1.84,0.0165
97.69,0.9419,0.2747,0.6616,-5.49,174,1.0850,0.2654,1.79,0.0165
97.89,0.9509,0.2725,0.6617,-3.23,174,1.0938,0.2684,1.58,0.0167
98.00,0.9564,0.2714,0.6617,-1.89,175,1.1003,0.2713,1.86,0.0166
98.11,0.9610,0.2706,0.6616,-0.77,175,1.1045,0.2734,1.89,0.0166
98.21,0.9656,0.2699,0.6616,0.32,175,1.1086,0.2754,1.91,0.0166
98.40,0.9747,0.2686,0.6617,2.59,175,1.1170,0.2795,1.80,0.0169
98.51,0.9794,0.2681,0.6617,3.73,176,1.1224,0.2828,2.11,0.0168
98.61,0.9840,0.2678,0.6616,4.86,176,1.1264,0.2852,2.10,0.0167
98.73,0.9895,0.2675,0.6615,6.22,176,1.1311,0.2881,2.06,0.0167
98.83,0.9941,0.2673,0.6616,7.40,176,1.1350,0.2904,1.94,0.0168
98.99,1.0016,0.2672,0.6617,9.27,177,1.1429,0.2957,2.14,0.0168
99.20,1.0117,0.2675,0.6616,11.80,177,1.1510,0.3018,2.02,0.0166
99.31,1.0163,0.2677,0.6616,12.98,177,1.1547,0.3045,1.88,0.0166
99.41,1.0209,0.2681,0.6616,14.17,177,1.1584,0.3072,1.71,0.0167
99.51,1.0256,0.2686,0.6617,15.33,178,1.1632,0.3113,1.93,0.0165
99.67,1.0330,0.2696,0.6617,17.14,178,1.1687,0.3163,1.86,0.0164
99.86,1.0412,0.2709,0.6617,19.18,178,1.1749,0.3218,1.68,0.0165
100.04,1.0495,0.2726,0.6617,21.22,179,1.1818,0.3290,1.88,0.0165
100.25,1.0594,0.2750,0.6616,23.66,179,1.1886,0.3367,1.89,0.0166
100.36,1.0648,0.2764,0.6615,24.99,179,1.1922,0.3409,1.82,0.0167
100.46,1.0692,0.2777,0.6616,26.13,180,1.1961,0.3457,2.05,0.0168
100.66,1.0781,0.2807,0.6615,28.39,180,1.2015,0.3533,2.07,0.0167
100.85,1.0859,0.2836,0.6616,30.47,180,1.2063,0.3600,1.92,0.0169
101.02,1.0936,0.2868,0.6616,32.57,181,1.2120,0.3689,2.18,0.0168
101.19,1.1004,0.2899,0.6616,34.42,181,1.2158,0.3753,2.09,0.0166
101.39,1.1086,0.2941,0.6617,36.79,181,1.2204,0.3833,1.80,0.0167
101.56,1.1152,0.2977,0.6617,38.67,182,1.2244,0.3914,1.94,0.0165
101.73,1.1224,0.3020,0.6617,40.73,182,1.2280,0.3990,1.82,0.0165
101.93,1.1301,0.3070,0.6616,43.00,183,1.2325,0.4087,1.83,0.0167
102.05,1.1347,0.3102,0.6616,44.37,183,1.2343,0.4140,1.85,0.0165
102.16,1.1385,0.3130,0.6616,45.49,183,1.2358,0.4185,1.84,0.0165
102.26,1.1430,0.3164,0.6617,46.85,183,1.2376,0.4238,1.78,0.0165
102.47,1.1503,0.3223,0.6616,49.11,184,1.2408,0.4342,1.93,0.0167
102.57,1.1538,0.3253,0.6616,50.23,184,1.2418,0.4388,1.97,0.0167
102.68,1.1579,0.3290,0.6615,51.57,184,1.2430,0.4442,1.98,0.0167
102.79,1.1613,0.3322,0.6615,52.71,184,1.2440,0.4487,1.92,0.0168
102.99,1.1679,0.3388,0.6615,55.01,185,1.2461,0.4599,2.15,0.0169
103.11,1.1717,0.3428,0.6614,56.39,185,1.2468,0.4654,2.12,0.0167
103.21,1.1748,0.3463,0.6614,57.53,185,1.2474,0.4700,2.07,0.0167
103.32,1.1778,0.3497,0.6614,58.72,185,1.2480,0.4745,1.93,0.0167
103.42,1.1814,0.3541,0.6615,60.14,186,1.2488,0.4817,2.04,0.0168
103.53,1.1843,0.3577,0.6615,61.30,186,1.2489,0.4864,2.01,0.0166
103.63,1.1871,0.3615,0.6615,62.45,186,1.2491,0.4910,1.96,0.0165
103.79,1.1914,0.3675,0.6616,64.32,186,1.2494,0.4985,1.79,0.0165
103.96,1.1956,0.3738,0.6616,66.17,187,1.2495,0.5075,1.86,0.0166
104.16,1.2009,0.3826,0.6616,68.65,187,1.2488,0.5178,1.83,0.0165
104.32,1.2041,0.3882,0.6615,70.23,187,1.2484,0.5243,1.72,0.0166
104.44,1.2067,0.3932,0.6616,71.60,188,1.2478,0.5314,1.84,0.0168
104.55,1.2093,0.3982,0.6616,72.95,188,1.2468,0.5369,1.92,0.0166
104.71,1.2124,0.4049,0.6615,74.72,188,1.2454,0.5442,1.95,0.0167
104.88,1.2154,0.4117,0.6615,76.54,188,1.2441,0.5515,1.85,0.0169
105.08,1.2187,0.4204,0.6616,78.83,189,1.2413,0.5624,2.14,0.0167
105.19,1.2206,0.4257,0.6615,80.20,189,1.2398,0.5677,2.09,0.0167
105.29,1.2220,0.4300,0.6614,81.34,189,1.2386,0.5721,2.02,0.0167
105.44,1.2242,0.4371,0.6615,83.21,190,1.2359,0.5809,2.13,0.0168
105.62,1.2261,0.4443,0.6615,85.07,190,1.2332,0.5879,2.07,0.0165
105.80,1.2279,0.4524,0.6615,87.17,190,1.2303,0.5956,1.87,0.0165
105.96,1.2294,0.4607,0.6616,89.27,191,1.2265,0.6048,1.91,0.0166
106.14,1.2306,0.4681,0.6616,91.10,191,1.2232,0.6115,1.86,0.0164
106.31,1.2315,0.4763,0.6616,93.14,191,1.2195,0.6190,1.69,0.0165
106.51,1.2323,0.4857,0.6616,95.41,192,1.2141,0.6285,1.84,0.0166
106.72,1.2327,0.4950,0.6615,97.62,192,1.2090,0.6363,1.90,0.0166
106.82,1.2327,0.5005,0.6615,98.98,192,1.2059,0.6409,1.85,0.0167
106.98,1.2326,0.5080,0.6615,100.79,193,1.2005,0.6483,2.10,0.0168
107.10,1.2324,0.5136,0.6615,102.15,193,1.1970,0.6527,2.11,0.0167
107.21,1.2321,0.5182,0.6614,103.28,193,1.1941,0.6563,2.08,0.0167
107.32,1.2317,0.5228,0.6614,104.45,193,1.1913,0.6598,1.98,0.0168
107.47,1.2308,0.5302,0.6615,106.33,194,1.1851,0.6670,2.15,0.0169
107.65,1.2296,0.5384,0.6615,108.41,194,1.1793,0.6730,2.07,0.0166
107.76,1.2286,0.5439,0.6614,109.81,194,1.1755,0.6770,1.94,0.0166
107.93,1.2271,0.5512,0.6615,111.72,195,1.1692,0.6834,1.92,0.0167
108.13,1.2248,0.5603,0.6616,114.03,195,1.1621,0.6895,1.86,0.0164
108.24,1.2233,0.5656,0.6615,115.40,195,1.1579,0.6932,1.75,0.0165
108.44,1.2205,0.5746,0.6616,117.70,196,1.1495,0.7001,1.76,0.0167
108.55,1.2189,0.5790,0.6616,118.83,196,1.1456,0.7027,1.82,0.0166
108.65,1.2173,0.5834,0.6616,119.93,196,1.1417,0.7053,1.84,0.0165
108.76,1.2156,0.5877,0.6615,121.05,196,1.1378,0.7079,1.82,0.0166
108.86,1.2134,0.5928,0.6615,122.40,196,1.1332,0.7110,1.75,0.0168
109.03,1.2103,0.5997,0.6615,124.20,197,1.1254,0.7156,2.02,0.0168
109.14,1.2079,0.6047,0.6615,125.55,197,1.1205,0.7182,2.03,0.0167
109.25,1.2058,0.6088,0.6614,126.67,197,1.1164,0.7204,2.01,0.0168
109.40,1.2023,0.6152,0.6614,128.50,197,1.1100,0.7239,1.87,0.0171
109.58,1.1985,0.6217,0.6614,130.35,198,1.1012,0.7278,2.18,0.0168
109.68,1.1955,0.6264,0.6614,131.74,198,1.0961,0.7299,2.11,0.0167
109.87,1.1910,0.6332,0.6613,133.82,198,1.0885,0.7331,1.91,0.0166
109.98,1.1878,0.6378,0.6615,135.24,199,1.0819,0.7356,2.03,0.0166
110.15,1.1832,0.6437,0.6616,137.11,199,1.0747,0.7379,1.93,0.0164
110.31,1.1785,0.6495,0.6616,138.94,199,1.0677,0.7401,1.77,0.0164
110.42,1.1749,0.6537,0.6616,140.34,199,1.0623,0.7418,1.59,0.0166
110.59,1.1698,0.6592,0.6617,142.13,200,1.0535,0.7437,1.87,0.0165
110.75,1.1646,0.6646,0.6616,143.88,200,1.0462,0.7452,1.87,0.0165
110.92,1.1587,0.6703,0.6615,145.89,200,1.0381,0.7468,1.75,0.0167
111.12,1.1525,0.6759,0.6615,147.92,201,1.0282,0.7478,2.05,0.0166
111.23,1.1482,0.6795,0.6615,149.25,201,1.0227,0.7483,2.04,0.0167
111.33,1.1446,0.6824,0.6615,150.37,201,1.0181,0.7487,2.00,0.0168
111.49,1.1388,0.6870,0.6615,152.22,202,1.0087,0.7494,2.14,0.0169
111.67,1.1320,0.6918,0.6614,154.30,202,1.0004,0.7500,1.86,0.0166
111.87,1.1243,0.6969,0.6615,156.66,202,0.9912,0.7506,1.38,0.0167
112.04,1.1171,0.7013,0.6616,158.74,203,0.9811,0.7514,1.03,0.0165
112.22,1.1106,0.7049,0.6616,160.50,203,0.9736,0.7521,0.49,0.0164
112.32,1.1057,0.7075,0.6616,161.78,203,0.9681,0.7526,0.08,0.0164
112.43,1.1015,0.7096,0.6616,162.80,203,0.9635,0.7530,-0.25,0.0165
112.54,1.0965,0.7121,0.6617,163.91,204,0.9565,0.7543,-0.68,0.0162
112.65,1.0922,0.7141,0.6618,164.79,204,0.9519,0.7552,-1.10,0.0160
112.76,1.0872,0.7165,0.6618,165.82,204,0.9464,0.7563,-1.62,0.0159
112.87,1.0829,0.7184,0.6618,166.63,204,0.9418,0.7572,-2.03,0.0158
113.03,1.0760,0.7213,0.6619,167.79,205,0.9332,0.7595,-2.75,0.0154
113.20,1.0690,0.7242,0.6620,168.75,205,0.9260,0.7618,-3.48,0.0147
113.31,1.0638,0.7264,0.6622,169.32,205,0.9207,0.7636,-3.90,0.0143
113.50,1.0558,0.7296,0.6624,170.04,206,0.9111,0.7670,-4.54,0.0134
113.66,1.0477,0.7327,0.6625,170.49,206,0.9033,0.7703,-5.08,0.0119
113.88,1.0379,0.7366,0.6626,170.79,206,0.8938,0.7744,-5.51,0.0101
113.99,1.0333,0.7383,0.6627,170.80,207,0.8885,0.7769,-5.74,0.0090
114.10,1.0287,0.7400,0.6628,170.74,207,0.8844,0.7792,-5.92,0.0077
114.20,1.0232,0.7421,0.6629,170.56,207,0.8794,0.7819,-6.02,0.0061
114.31,1.0186,0.7438,0.6630,170.28,207,0.8752,0.7841,-5.99,0.0048
114.41,1.0139,0.7455,0.6632,169.90,207,0.8710,0.7864,-5.87,0.0035
114.52,1.0084,0.7475,0.6633,169.33,208,0.8661,0.7894,-5.76,0.0020
114.63,1.0037,0.7491,0.6634,168.78,208,0.8622,0.7921,-5.66,0.0006
114.74,0.9991,0.7507,0.6634,168.18,208,0.8582,0.7947,-5.51,0.0007
114.84,0.9935,0.7526,0.6634,167.37,208,0.8535,0.7978,-5.25,0.0022
115.01,0.9862,0.7551,0.6634,166.21,209,0.8473,0.8022,-4.94,0.0042
115.17,0.9789,0.7576,0.6633,164.97,209,0.8417,0.8071,-4.81,0.0060
115.33,0.9716,0.7601,0.6634,163.61,209,0.8360,0.8120,-4.56,0.0078
115.50,0.9635,0.7628,0.6633,161.98,210,0.8290,0.8182,-4.36,0.0097
115.69,0.9555,0.7656,0.6632,160.25,210,0.8232,0.8243,-4.17,0.0109
115.88,0.9476,0.7684,0.6632,158.33,210,0.8175,0.8303,-3.77,0.0121
115.98,0.9431,0.7700,0.6631,157.23,210,0.8143,0.8336,-3.52,0.0128
116.08,0.9379,0.7719,0.6630,155.89,211,0.8096,0.8390,-3.52,0.0132
116.19,0.9335,0.7735,0.6629,154.78,211,0.8067,0.8426,-3.36,0.0135
116.29,0.9292,0.7752,0.6628,153.66,211,0.8039,0.8463,-3.19,0.0137
116.47,0.9216,0.7783,0.6627,151.60,211,0.7987,0.8527,-2.80,0.0143
116.59,0.9164,0.7805,0.6626,150.24,212,0.7947,0.8583,-2.81,0.0145
116.70,0.9122,0.7824,0.6625,149.11,212,0.7921,0.8622,-2.71,0.0146
116.89,0.9038,0.7863,0.6623,146.88,212,0.7871,0.8699,-2.46,0.0149
117.01,0.8988,0.7888,0.6622,145.53,212,0.7840,0.8745,-2.27,0.0152
117.12,0.8947,0.7910,0.6622,144.42,213,0.7811,0.8798,-2.46,0.0153
117.33,0.8858,0.7959,0.6620,142.03,213,0.7766,0.8890,-2.47,0.0154
117.43,0.8819,0.7982,0.6620,140.91,213,0.7746,0.8931,-2.40,0.0156
117.55,0.8771,0.8011,0.6620,139.57,214,0.7715,0.8995,-2.54,0.0158
117.72,0.8709,0.8052,0.6619,137.79,214,0.7689,0.9064,-2.58,0.0157
117.89,0.8641,0.8099,0.6618,135.76,214,0.7660,0.9142,-2.50,0.0159
118.09,0.8566,0.8155,0.6618,133.45,215,0.7622,0.9249,-2.65,0.0161
118.25,0.8509,0.8201,0.6617,131.61,215,0.7603,0.9320,-2.59,0.0159
118.43,0.8446,0.8255,0.6617,129.50,215,0.7581,0.9399,-2.38,0.0158
118.63,0.8378,0.8319,0.6617,127.15,216,0.7556,0.9504,-2.39,0.0158
118.74,0.8338,0.8359,0.6617,125.79,216,0.7546,0.9559,-2.36,0.0157
118.86,0.8307,0.8392,0.6617,124.66,216,0.7538,0.9604,-2.28,0.0157
118.97,0.8269,0.8433,0.6617,123.29,216,0.7528,0.9659,-2.15,0.0158
119.08,0.8238,0.8468,0.6617,122.16,217,0.7518,0.9719,-2.27,0.0159
119.18,0.8208,0.8503,0.6616,121.05,217,0.7515,0.9766,-2.30,0.0158
119.35,0.8156,0.8568,0.6615,119.07,217,0.7510,0.9849,-2.30,0.0157
119.51,0.8111,0.8627,0.6616,117.27,217,0.7505,0.9923,-2.20,0.0159
119.72,0.8058,0.8704,0.6616,115.03,218,0.7502,1.0031,-2.30,0.0159
119.87,0.8018,0.8766,0.6615,113.26,218,0.7501,1.0105,-2.16,0.0160
120.07,0.7971,0.8844,0.6615,111.02,219,0.7500,1.0216,-2.09,0.0163
120.28,0.7926,0.8925,0.6615,108.80,219,0.7500,1.0309,-1.69,0.0159
120.38,0.7901,0.8974,0.6615,107.46,219,0.7500,1.0364,-1.36,0.0159
120.54,0.7869,0.9042,0.6616,105.68,219,0.7500,1.0439,-0.90,0.0159
120.72,0.7838,0.9110,0.6617,104.05,220,0.7500,1.0529,-0.66,0.0156
120.83,0.7816,0.9162,0.6617,102.87,220,0.7500,1.0585,-0.34,0.0153
120.94,0.7796,0.9213,0.6617,101.76,220,0.7500,1.0641,-0.06,0.0152
121.05,0.7779,0.9257,0.6618,100.87,220,0.7500,1.0687,0.16,0.0152
121.25,0.7747,0.9345,0.6619,99.18,221,0.7500,1.0795,0.48,0.0146
121.42,0.7723,0.9416,0.6619,97.96,221,0.7500,1.0870,0.76,0.0142
121.53,0.7706,0.9469,0.6618,97.07,221,0.7500,1.0926,0.99,0.0140
121.64,0.7690,0.9523,0.6619,96.27,222,0.7500,1.0994,1.08,0.0135
121.75,0.7677,0.9568,0.6620,95.66,222,0.7500,1.1042,1.18,0.0130
121.91,0.7657,0.9641,0.6620,94.74,222,0.7500,1.1117,1.32,0.0124
122.08,0.7638,0.9714,0.6620,93.89,222,0.7500,1.1192,1.45,0.0118
122.25,0.7618,0.9798,0.6621,93.05,223,0.7500,1.1291,1.48,0.0105
122.44,0.7600,0.9882,0.6621,92.29,223,0.7500,1.1376,1.55,0.0093
122.61,0.7584,0.9966,0.6621,91.63,224,0.7500,1.1465,1.57,0.0081
122.73,0.7574,1.0023,0.6623,91.24,224,0.7500,1.1522,1.58,0.0072
122.91,0.7560,1.0110,0.6624,90.83,224,0.7500,1.1609,1.46,0.0059
123.12,0.7547,1.0206,0.6625,90.49,225,0.7500,1.1706,1.32,0.0047
123.23,0.7540,1.0264,0.6626,90.38,225,0.7500,1.1764,1.17,0.0040
123.34,0.7536,1.0312,0.6626,90.29,225,0.7500,1.1812,1.07,0.0036
123.45,0.7530,1.0370,0.6626,90.23,225,0.7500,1.1870,0.92,0.0030
123.55,0.7526,1.0418,0.6626,90.19,225,0.7500,1.1918,0.80,0.0026
123.66,0.7523,1.0466,0.6626,90.16,226,0.7500,1.1966,0.70,0.0023
123.77,0.7519,1.0524,0.6625,90.14,226,0.7500,1.2024,0.57,0.0019
123.94,0.7514,1.0601,0.6625,90.12,226,0.7500,1.2101,0.41,0.0014
124.12,0.7510,1.0688,0.6624,90.11,226,0.7500,1.2188,0.26,0.0010
124.31,0.7506,1.0785,0.6623,90.11,227,0.7500,1.2285,0.12,0.0006
124.42,0.7504,1.0843,0.6623,90.11,227,0.7500,1.2343,0.05,0.0004
124.53,0.7503,1.0891,0.6623,90.11,227,0.7500,1.2391,0.01,0.0003
124.64,0.7502,1.0939,0.6622,90.12,227,0.7500,1.2439,-0.04,0.0002
124.74,0.7501,1.0997,0.6622,90.12,228,0.7500,1.2497,-0.08,0.0001
124.90,0.7500,1.1065,0.6621,90.12,228,0.7500,1.2565,-0.11,0.0000
125.01,0.7500,1.1123,0.6621,90.12,228,0.7500,1.2623,-0.14,0.0000
125.12,0.7499,1.1171,0.6620,90.12,228,0.7500,1.2671,-0.16,0.0001
125.22,0.7499,1.1219,0.6620,90.12,229,0.7500,1.2719,-0.17,0.0001
125.38,0.7498,1.1306,0.6619,90.12,229,0.7500,1.2806,-0.20,0.0002
125.55,0.7498,1.1383,0.6619,90.12,229,0.7500,1.2883,-0.21,0.0002
125.72,0.7497,1.1470,0.6618,90.12,230,0.7500,1.2970,-0.22,0.0003
125.90,0.7497,1.1557,0.6618,90.12,230,0.7500,1.3057,-0.23,0.0003
126.01,0.7497,1.1606,0.6618,90.12,230,0.7500,1.3106,-0.24,0.0003
126.17,0.7497,1.1683,0.6617,90.12,230,0.7500,1.3183,-0.24,0.0003
126.36,0.7497,1.1780,0.6617,90.12,231,0.7500,1.3280,-0.25,0.0003
126.48,0.7497,1.1828,0.6617,90.12,231,0.7500,1.3328,-0.25,0.0003
126.59,0.7497,1.1886,0.6617,90.12,231,0.7500,1.3386,-0.25,0.0003
126.70,0.7497,1.1944,0.6616,90.12,231,0.7500,1.3444,-0.25,0.0003
126.81,0.7497,1.1992,0.6616,90.12,232,0.7500,1.3492,-0.25,0.0003
126.91,0.7497,1.2041,0.6616,90.12,232,0.7500,1.3541,-0.25,0.0003
127.07,0.7497,1.2118,0.6616,90.12,232,0.7500,1.3618,-0.25,0.0003
127.24,0.7497,1.2205,0.6616,90.12,233,0.7500,1.3705,-0.25,0.0003
127.43,0.7497,1.2292,0.6616,90.12,233,0.7500,1.3792,-0.26,0.0003
127.54,0.7496,1.2350,0.6616,90.12,233,0.7500,1.3850,-0.26,0.0004
127.65,0.7496,1.2398,0.6616,90.12,233,0.7500,1.3898,-0.26,0.0004
127.81,0.7496,1.2476,0.6616,90.12,234,0.7500,1.3976,-0.26,0.0004
127.98,0.7496,1.2563,0.6616,90.12,234,0.7500,1.4063,-0.26,0.0004
128.15,0.7496,1.2640,0.6616,90.12,234,0.7500,1.4140,-0.26,0.0004
128.36,0.7496,1.2747,0.6616,90.12,235,0.7500,1.4247,-0.26,0.0004
128.47,0.7496,1.2795,0.6616,90.12,235,0.7500,1.4295,-0.26,0.0004
128.58,0.7496,1.2843,0.6616,90.12,235,0.7500,1.4343,-0.26,0.0004
128.69,0.7496,1.2901,0.6616,90.12,235,0.7500,1.4401,-0.26,0.0004
128.87,0.7496,1.2988,0.6616,90.12,236,0.7500,1.4488,-0.26,0.0004
128.99,0.7496,1.3046,0.6616,90.12,236,0.7500,1.4546,-0.26,0.0004
129.10,0.7496,1.3104,0.6615,90.12,236,0.7500,1.4604,-0.26,0.0004
129.21,0.7496,1.3153,0.6615,90.12,236,0.7500,1.4653,-0.26,0.0004
129.32,0.7496,1.3201,0.6615,90.12,236,0.7500,1.4701,-0.26,0.0004
129.43,0.7496,1.3259,0.6615,90.12,237,0.7500,1.4759,-0.26,0.0004
129.53,0.7496,1.3307,0.6615,90.12,237,0.7500,1.4807,-0.26,0.0004
129.70,0.7496,1.3385,0.6615,90.12,237,0.7500,1.4885,-0.26,0.0004
129.87,0.7496,1.3472,0.6615,90.12,238,0.7501,1.4972,-0.29,0.0004
129.99,0.7496,1.3530,0.6615,90.12,238,0.7504,1.5030,-0.41,0.0004
130.10,0.7496,1.3588,0.6615,90.12,238,0.7507,1.5088,-0.53,0.0004
130.21,0.7496,1.3636,0.6615,90.12,238,0.7510,1.5136,-0.62,0.0004
130.32,0.7496,1.3694,0.6616,90.10,238,0.7513,1.5194,-0.72,0.0004
130.43,0.7497,1.3743,0.6616,90.06,239,0.7518,1.5242,-0.89,0.0003
130.54,0.7497,1.3801,0.6616,90.00,239,0.7526,1.5299,-1.11,0.0003
130.65,0.7497,1.3849,0.6617,89.93,239,0.7532,1.5347,-1.27,0.0003
130.83,0.7498,1.3936,0.6617,89.77,239,0.7544,1.5433,-1.52,0.0002
130.95,0.7499,1.3994,0.6617,89.62,240,0.7555,1.5490,-1.76,0.0001
131.06,0.7500,1.4052,0.6618,89.44,240,0.7568,1.5546,-2.03,0.0000
131.26,0.7503,1.4149,0.6618,89.06,240,0.7589,1.5641,-2.36,0.0003
131.37,0.7505,1.4197,0.6619,88.82,240,0.7600,1.5688,-2.47,0.0005
131.48,0.7507,1.4255,0.6619,88.51,241,0.7618,1.5743,-2.76,0.0007
131.69,0.7512,1.4352,0.6620,87.88,241,0.7649,1.5834,-3.13,0.0012
131.89,0.7519,1.4448,0.6620,87.10,241,0.7680,1.5925,-3.32,0.0019
132.08,0.7526,1.4535,0.6620,86.28,242,0.7716,1.6004,-3.66,0.0026
132.24,0.7534,1.4621,0.6620,85.35,242,0.7753,1.6082,-3.88,0.0034
132.45,0.7545,1.4717,0.6621,84.19,243,0.7795,1.6168,-3.98,0.0045
132.56,0.7551,1.4765,0.6621,83.55,243,0.7820,1.6209,-4.10,0.0051
132.74,0.7563,1.4850,0.6621,82.31,243,0.7863,1.6282,-4.16,0.0063
132.85,0.7571,1.4907,0.6621,81.39,243,0.7892,1.6331,-4.09,0.0071
132.96,0.7579,1.4954,0.6621,80.58,244,0.7919,1.6375,-4.03,0.0079
133.07,0.7588,1.5010,0.6621,79.59,244,0.7952,1.6421,-4.03,0.0085
133.26,0.7606,1.5104,0.6622,77.78,244,0.8007,1.6497,-3.82,0.0098
133.38,0.7617,1.5159,0.6622,76.63,244,0.8040,1.6542,-3.62,0.0106
133.49,0.7626,1.5205,0.6622,75.65,245,0.8073,1.6586,-3.58,0.0112
133.62,0.7641,1.5270,0.6621,74.25,245,0.8117,1.6636,-3.46,0.0118
133.74,0.7651,1.5315,0.6621,73.23,245,0.8147,1.6671,-3.33,0.0122
133.85,0.7664,1.5370,0.6621,71.96,245,0.8184,1.6713,-3.12,0.0128
133.96,0.7678,1.5424,0.6621,70.68,245,0.8221,1.6755,-2.88,0.0134
134.14,0.7700,1.5505,0.6620,68.76,246,0.8292,1.6819,-3.02,0.0138
134.32,0.7721,1.5576,0.6619,67.06,246,0.8347,1.6868,-2.93,0.0143
134.42,0.7734,1.5620,0.6619,66.00,246,0.8382,1.6899,-2.85,0.0146
134.55,0.7754,1.5681,0.6618,64.45,247,0.8443,1.6949,-2.97,0.0149
134.66,0.7770,1.5725,0.6618,63.33,247,0.8481,1.6976,-2.93,0.0150
134.78,0.7789,1.5777,0.6617,61.98,247,0.8525,1.7009,-2.85,0.0151
134.89,0.7808,1.5828,0.6617,60.60,247,0.8569,1.7041,-2.69,0.0153
135.08,0.7841,1.5905,0.6617,58.51,248,0.8653,1.7098,-2.76,0.0155
135.18,0.7860,1.5947,0.6617,57.37,248,0.8693,1.7122,-2.70,0.0154
135.34,0.7892,1.6013,0.6616,55.54,248,0.8756,1.7160,-2.54,0.0155
135.46,0.7917,1.6062,0.6616,54.14,248,0.8803,1.7188,-2.34,0.0156
135.56,0.7939,1.6103,0.6617,52.98,249,0.8856,1.7217,-2.45,0.0156
135.69,0.7971,1.6160,0.6616,51.38,249,0.8915,1.7246,-2.38,0.0155
135.81,0.7995,1.6200,0.6616,50.26,249,0.8957,1.7266,-2.31,0.0155
135.92,0.8024,1.6247,0.6616,48.90,249,0.9007,1.7290,-2.17,0.0157
136.03,0.8055,1.6293,0.6617,47.56,250,0.9071,1.7319,-2.29,0.0158
136.20,0.8097,1.6354,0.6617,45.81,250,0.9141,1.7343,-2.36,0.0157
136.40,0.8152,1.6428,0.6617,43.57,250,0.9229,1.7373,-2.31,0.0158
136.59,0.8211,1.6501,0.6617,41.32,251,0.9333,1.7404,-2.51,0.0160
136.70,0.8241,1.6536,0.6616,40.21,251,0.9378,1.7414,-2.53,0.0159
136.81,0.8278,1.6578,0.6615,38.87,251,0.9431,1.7427,-2.51,0.0160
137.01,0.8341,1.6644,0.6616,36.56,251,0.9521,1.7448,-2.30,0.0163
137.18,0.8394,1.6696,0.6615,34.71,252,0.9614,1.7462,-2.59,0.0160
137.29,0.8435,1.6733,0.6615,33.34,252,0.9669,1.7470,-2.52,0.0159
137.39,0.8469,1.6764,0.6614,32.21,252,0.9714,1.7476,-2.43,0.0159
137.50,0.8503,1.6793,0.6614,31.05,252,0.9759,1.7482,-2.29,0.0159
137.69,0.8568,1.6846,0.6616,28.97,253,0.9856,1.7491,-2.38,0.0157
137.81,0.8620,1.6885,0.6616,27.39,253,0.9921,1.7495,-2.26,0.0156
137.92,0.8657,1.6911,0.6615,26.28,253,0.9967,1.7498,-2.15,0.0157
138.03,0.8703,1.6942,0.6615,24.92,253,1.0022,1.7501,-1.96,0.0159
138.20,0.8765,1.6983,0.6616,23.17,254,1.0111,1.7507,-1.86,0.0157
138.31,0.8805,1.7007,0.6615,22.09,254,1.0157,1.7510,-1.66,0.0157
138.50,0.8884,1.7052,0.6615,19.97,254,1.0248,1.7516,-1.19,0.0158
138.66,0.8949,1.7087,0.6615,18.32,255,1.0336,1.7528,-0.69,0.0158
138.87,0.9032,1.7129,0.6615,16.36,255,1.0427,1.7544,0.22,0.0157
138.97,0.9082,1.7152,0.6615,15.24,255,1.0481,1.7553,0.76,0.0157
139.07,0.9124,1.7171,0.6616,14.34,256,1.0546,1.7566,1.19,0.0157
139.19,0.9176,1.7194,0.6617,13.35,256,1.0600,1.7581,1.85,0.0152
139.30,0.9219,1.7212,0.6618,12.64,256,1.0645,1.7593,2.31,0.0149
139.41,0.9262,1.7230,0.6620,11.98,256,1.0689,1.7605,2.72,0.0145
139.52,0.9314,1.7253,0.6622,11.32,256,1.0744,1.7620,3.09,0.0141
139.62,0.9358,1.7271,0.6624,10.86,257,1.0802,1.7639,3.44,0.0135
139.80,0.9438,1.7303,0.6625,10.24,257,1.0882,1.7668,3.95,0.0122
139.98,0.9518,1.7335,0.6626,9.81,257,1.0962,1.7698,4.28,0.0109
140.10,0.9572,1.7356,0.6627,9.64,258,1.1023,1.7723,4.54,0.0099
140.24,0.9618,1.7374,0.6628,9.56,258,1.1066,1.7744,4.79,0.0088
140.38,0.9681,1.7398,0.6628,9.58,258,1.1126,1.7774,5.01,0.0073
140.49,0.9727,1.7415,0.6629,9.70,258,1.1168,1.7795,5.07,0.0063
140.61,0.9792,1.7438,0.6630,9.95,259,1.1232,1.7827,5.16,0.0048
140.73,0.9838,1.7455,0.6631,10.26,259,1.1271,1.7853,5.24,0.0034
140.86,0.9893,1.7474,0.6632,10.73,259,1.1319,1.7883,5.27,0.0019
140.98,0.9949,1.7494,0.6632,11.33,259,1.1366,1.7914,5.18,0.0003
141.16,1.0032,1.7522,0.6632,12.35,260,1.1437,1.7960,4.97,0.0020
141.28,1.0088,1.7542,0.6632,13.14,260,1.1482,1.7995,4.88,0.0036
141.44,1.0161,1.7567,0.6632,14.28,260,1.1541,1.8041,4.71,0.0056
141.61,1.0243,1.7595,0.6632,15.77,260,1.1606,1.8093,4.28,0.0079
141.81,1.0334,1.7626,0.6632,17.57,261,1.1683,1.8161,4.06,0.0097
141.92,1.0387,1.7645,0.6632,18.76,261,1.1724,1.8200,3.77,0.0107
142.09,1.0458,1.7669,0.6631,20.41,261,1.1778,1.8251,3.36,0.0118
142.26,1.0538,1.7697,0.6630,22.35,262,1.1844,1.8319,3.11,0.0128
142.47,1.0625,1.7729,0.6627,24.52,262,1.1905,1.8389,2.77,0.0136
142.64,1.0695,1.7755,0.6626,26.27,262,1.1954,1.8444,2.42,0.0144
142.75,1.0747,1.7776,0.6625,27.60,263,1.1996,1.8499,2.46,0.0148
142.92,1.0816,1.7805,0.6623,29.36,263,1.2038,1.8561,2.38,0.0151
143.09,1.0892,1.7839,0.6621,31.33,263,1.2085,1.8630,2.22,0.0157
143.28,1.0968,1.7875,0.6621,33.36,264,1.2138,1.8715,2.35,0.0160
143.45,1.1042,1.7912,0.6619,35.38,264,1.2178,1.8788,2.27,0.0161
143.64,1.1123,1.7956,0.6618,37.69,264,1.2222,1.8869,2.01,0.0165
143.76,1.1164,1.7980,0.6618,38.86,265,1.2251,1.8928,2.22,0.0165
143.89,1.1219,1.8014,0.6618,40.49,265,1.2277,1.8988,2.14,0.0164
143.99,1.1258,1.8039,0.6617,41.64,265,1.2296,1.9030,2.05,0.0164
144.19,1.1335,1.8091,0.6618,43.98,265,1.2333,1.9115,1.75,0.0166
144.31,1.1380,1.8124,0.6619,45.36,266,1.2357,1.9182,1.94,0.0164
144.41,1.1417,1.8153,0.6618,46.51,266,1.2371,1.9227,1.88,0.0164
144.51,1.1454,1.8182,0.6618,47.62,266,1.2386,1.9271,1.82,0.0164
144.70,1.1518,1.8235,0.6618,49.66,266,1.2412,1.9350,1.60,0.0166
144.80,1.1560,1.8272,0.6618,51.00,267,1.2428,1.9420,1.88,0.0165
144.91,1.1594,1.8304,0.6617,52.12,267,1.2437,1.9465,1.90,0.0165
145.08,1.1647,1.8355,0.6617,53.89,267,1.2452,1.9538,1.88,0.0166
145.25,1.1705,1.8415,0.6617,55.93,268,1.2468,1.9636,2.06,0.0168
145.42,1.1755,1.8471,0.6616,57.73,268,1.2476,1.9710,2.08,0.0167
145.62,1.1814,1.8541,0.6616,60.03,268,1.2485,1.9801,1.94,0.0169
145.73,1.1849,1.8585,0.6616,61.43,269,1.2492,1.9879,2.13,0.0170
145.89,1.1888,1.8638,0.6616,63.06,269,1.2496,1.9944,1.96,0.0167
146.05,1.1935,1.8706,0.6617,65.19,269,1.2502,2.0027,1.59,0.0166
146.27,1.1991,1.8793,0.6618,67.77,270,1.2510,2.0145,1.22,0.0166
146.46,1.2033,1.8866,0.6618,69.77,270,1.2517,2.0229,0.69,0.0164
146.62,1.2068,1.8931,0.6617,71.49,270,1.2523,2.0303,0.18,0.0165
146.74,1.2094,1.8981,0.6617,72.74,271,1.2531,2.0374,-0.15,0.0165
146.86,1.2119,1.9032,0.6618,73.88,271,1.2542,2.0430,-0.72,0.0163
146.97,1.2139,1.9075,0.6618,74.77,271,1.2551,2.0476,-1.16,0.0161
147.17,1.2181,1.9168,0.6619,76.65,271,1.2571,2.0576,-2.11,0.0160
147.27,1.2200,1.9212,0.6620,77.38,272,1.2587,2.0636,-2.57,0.0158
147.38,1.2219,1.9255,0.6620,78.08,272,1.2601,2.0681,-3.09,0.0154
147.49,1.2240,1.9307,0.6620,78.82,272,1.2618,2.0735,-3.64,0.0150
147.59,1.2258,1.9351,0.6621,79.33,272,1.2632,2.0780,-4.00,0.0147
147.69,1.2276,1.9395,0.6623,79.76,272,1.2646,2.0825,-4.28,0.0144
147.80,1.2294,1.9440,0.6624,80.10,273,1.2670,2.0886,-4.67,0.0136
147.96,1.2322,1.9511,0.6625,80.48,273,1.2698,2.0955,-5.10,0.0122
148.13,1.2354,1.9591,0.6626,80.72,273,1.2731,2.1033,-5.37,0.0106
148.30,1.2382,1.9664,0.6628,80.78,274,1.2768,2.1111,-5.70,0.0089
148.47,1.2413,1.9746,0.6629,80.65,274,1.2807,2.1186,-5.95,0.0066
148.66,1.2444,1.9829,0.6631,80.19,274,1.2847,2.1262,-5.89,0.0043
148.76,1.2461,1.9876,0.6631,79.85,275,1.2871,2.1304,-5.87,0.0031
148.90,1.2484,1.9941,0.6633,79.22,275,1.2908,2.1360,-5.85,0.0012
149.08,1.2511,2.0015,0.6634,78.33,275,1.2950,2.1422,-5.66,0.0010
149.25,1.2539,2.0098,0.6635,77.09,275,1.2997,2.1493,-5.26,0.0033
149.45,1.2571,2.0189,0.6634,75.54,276,1.3058,2.1565,-5.05,0.0057
149.56,1.2586,2.0235,0.6634,74.72,276,1.3088,2.1601,-4.90,0.0068
149.67,1.2605,2.0289,0.6634,73.68,276,1.3124,2.1643,-4.67,0.0083
149.77,1.2620,2.0334,0.6634,72.77,276,1.3154,2.1678,-4.43,0.0095
149.90,1.2639,2.0388,0.6634,71.59,277,1.3201,2.1726,-4.38,0.0103
150.08,1.2667,2.0468,0.6633,69.73,277,1.3261,2.1785,-4.02,0.0115
150.25,1.2694,2.0547,0.6632,67.74,277,1.3320,2.1842,-3.53,0.0126
150.36,1.2712,2.0599,0.6630,66.40,278,1.3371,2.1888,-3.48,0.0131
150.48,1.2729,2.0643,0.6629,65.28,278,1.3407,2.1917,-3.32,0.0133
150.58,1.2745,2.0686,0.6628,64.16,278,1.3443,2.1947,-3.13,0.0136
150.74,1.2773,2.0755,0.6627,62.35,278,1.3500,2.1993,-2.78,0.0142
150.93,1.2809,2.0840,0.6625,60.11,279,1.3586,2.2055,-2.71,0.0146
151.05,1.2831,2.0891,0.6624,58.77,279,1.3632,2.2086,-2.59,0.0147
151.22,1.2863,2.0958,0.6622,57.02,279,1.3694,2.2127,-2.41,0.0151
151.45,1.2913,2.1057,0.6620,54.37,280,1.3802,2.2190,-2.48,0.0154
151.57,1.2940,2.1105,0.6620,53.06,280,1.3851,2.2214,-2.49,0.0155
151.68,1.2962,2.1145,0.6619,51.97,280,1.3892,2.2235,-2.47,0.0156
151.82,1.2990,2.1193,0.6617,50.64,280,1.3942,2.2259,-2.38,0.0159
151.92,1.3014,2.1232,0.6617,49.51,281,1.3999,2.2285,-2.62,0.0159
152.03,1.3039,2.1271,0.6617,48.39,281,1.4042,2.2301,-2.62,0.0158
152.13,1.3065,2.1309,0.6616,47.26,281,1.4085,2.2318,-2.59,0.0158
152.26,1.3101,2.1362,0.6617,45.63,281,1.4145,2.2341,-2.44,0.0159
152.38,1.3135,2.1407,0.6617,44.23,282,1.4215,2.2367,-2.60,0.0161
152.50,1.3169,2.1451,0.6617,42.84,282,1.4268,2.2382,-2.55,0.0159
152.69,1.3222,2.1514,0.6616,40.76,282,1.4347,2.2405,-2.40,0.0158
152.79,1.3258,2.1556,0.6617,39.36,282,1.4401,2.2421,-2.24,0.0158
152.91,1.3290,2.1591,0.6617,38.20,283,1.4460,2.2436,-2.36,0.0159
153.04,1.3335,2.1638,0.6617,36.61,283,1.4524,2.2448,-2.32,0.0157
153.21,1.3388,2.1689,0.6617,34.82,283,1.4597,2.2462,-2.21,0.0157
153.40,1.3457,2.1752,0.6617,32.56,284,1.4703,2.2481,-2.25,0.0159
153.58,1.3521,2.1806,0.6617,30.57,284,1.4786,2.2486,-2.34,0.0158
153.79,1.3601,2.1869,0.6616,28.11,284,1.4888,2.2493,-2.27,0.0160
153.91,1.3638,2.1897,0.6616,26.99,285,1.4950,2.2495,-2.48,0.0161
154.02,1.3684,2.1929,0.6616,25.64,285,1.5006,2.2493,-2.52,0.0160
154.13,1.3722,2.1955,0.6615,24.53,285,1.5052,2.2492,-2.52,0.0160
154.33,1.3800,2.2004,0.6616,22.21,285,1.5144,2.2489,-2.35,0.0162
154.51,1.3873,2.2045,0.6616,20.13,286,1.5247,2.2480,-2.58,0.0161
154.70,1.3954,2.2088,0.6615,17.85,286,1.5339,2.2469,-2.47,0.0159
154.87,1.4029,2.2124,0.6616,15.74,286,1.5420,2.2459,-2.20,0.0160
154.98,1.4071,2.2143,0.6616,14.58,287,1.5480,2.2447,-2.40,0.0158
155.17,1.4157,2.2178,0.6616,12.31,287,1.5571,2.2428,-2.29,0.0157
155.30,1.4209,2.2197,0.6616,10.96,287,1.5625,2.2416,-2.17,0.0158
155.42,1.4262,2.2215,0.6617,9.59,288,1.5693,2.2399,-2.27,0.0159
155.54,1.4315,2.2232,0.6617,8.26,288,1.5746,2.2381,-2.32,0.0157
155.66,1.4368,2.2248,0.6617,6.94,288,1.5799,2.2363,-2.32,0.0157
155.76,1.4413,2.2260,0.6617,5.81,288,1.5843,2.2348,-2.27,0.0158
155.87,1.4458,2.2271,0.6617,4.69,288,1.5887,2.2333,-2.20,0.0160
156.05,1.4540,2.2289,0.6617,2.68,289,1.5977,2.2295,-2.47,0.0159
156.16,1.4594,2.2300,0.6616,1.35,289,1.6027,2.2271,-2.47,0.0159
156.39,1.4694,2.2315,0.6614,-1.11,289,1.6118,2.2229,-2.35,0.0163
156.58,1.4785,2.2326,0.6615,-3.40,290,1.6217,2.2175,-2.62,0.0160
156.68,1.4831,2.2330,0.6614,-4.54,290,1.6257,2.2152,-2.57,0.0159
156.81,1.4886,2.2333,0.6614,-5.91,290,1.6304,2.2124,-2.46,0.0159
156.93,1.4950,2.2336,0.6615,-7.55,291,1.6371,2.2083,-2.52,0.0159
157.08,1.5015,2.2336,0.6616,-9.16,291,1.6425,2.2046,-2.47,0.0157
157.19,1.5061,2.2335,0.6616,-10.31,291,1.6462,2.2019,-2.40,0.0156
157.30,1.5116,2.2333,0.6615,-11.69,291,1.6507,2.1988,-2.25,0.0157
157.43,1.5172,2.2329,0.6616,-13.06,292,1.6564,2.1946,-2.32,0.0159
157.66,1.5283,2.2318,0.6616,-15.75,292,1.6648,2.1873,-2.31,0.0157
157.78,1.5338,2.2311,0.6616,-17.10,292,1.6690,2.1836,-2.23,0.0157
157.98,1.5430,2.2295,0.6616,-19.36,293,1.6769,2.1762,-2.37,0.0159
158.11,1.5485,2.2284,0.6616,-20.68,293,1.6806,2.1720,-2.43,0.0158
158.31,1.5574,2.2263,0.6615,-22.92,293,1.6868,2.1652,-2.38,0.0160
158.46,1.5646,2.2244,0.6615,-24.74,294,1.6928,2.1582,-2.58,0.0162
158.62,1.5699,2.2228,0.6615,-26.10,294,1.6962,2.1537,-2.59,0.0160
158.79,1.5778,2.2202,0.6614,-28.16,294,1.7011,2.1472,-2.47,0.0159
158.90,1.5821,2.2186,0.6615,-29.34,294,1.7039,2.1435,-2.35,0.0160
159.01,1.5865,2.2170,0.6616,-30.51,295,1.7075,2.1383,-2.51,0.0161
159.12,1.5916,2.2148,0.6616,-31.89,295,1.7105,2.1335,-2.48,0.0159
159.29,1.5983,2.2118,0.6615,-33.72,295,1.7143,2.1273,-2.36,0.0158
159.41,1.6034,2.2094,0.6616,-35.11,295,1.7173,2.1225,-2.21,0.0158
159.55,1.6092,2.2064,0.6617,-36.72,296,1.7212,2.1156,-2.33,0.0158
159.66,1.6141,2.2037,0.6616,-38.06,296,1.7236,2.1106,-2.32,0.0157
159.76,1.6181,2.2014,0.6616,-39.17,296,1.7257,2.1064,-2.28,0.0157
159.86,1.6220,2.1991,0.6615,-40.28,296,1.7277,2.1023,-2.20,0.0158
160.03,1.6290,2.1946,0.6616,-42.30,297,1.7316,2.0933,-2.33,0.0159
160.16,1.6336,2.1914,0.6616,-43.63,297,1.7335,2.0881,-2.38,0.0158
160.33,1.6396,2.1871,0.6615,-45.39,297,1.7359,2.0811,-2.39,0.0159
160.51,1.6469,2.1815,0.6615,-47.65,298,1.7392,2.0707,-2.56,0.0161
160.68,1.6526,2.1767,0.6615,-49.45,298,1.7410,2.0635,-2.58,0.0159
160.91,1.6602,2.1700,0.6615,-52.02,298,1.7434,2.0537,-2.37,0.0161
161.02,1.6642,2.1661,0.6615,-53.42,299,1.7450,2.0464,-2.55,0.0162
161.21,1.6707,2.1594,0.6615,-55.73,299,1.7464,2.0372,-2.47,0.0159
161.38,1.6756,2.1539,0.6616,-57.61,299,1.7475,2.0299,-2.27,0.0159
161.55,1.6804,2.1482,0.6617,-59.46,300,1.7486,2.0211,-2.34,0.0159
161.72,1.6856,2.1416,0.6616,-61.50,300,1.7491,2.0127,-2.27,0.0157
161.91,1.6905,2.1350,0.6616,-63.52,300,1.7497,2.0044,-2.10,0.0158
162.02,1.6937,2.1304,0.6616,-64.86,301,1.7500,1.9974,-2.19,0.0159
162.13,1.6967,2.1257,0.6616,-66.19,301,1.7500,1.9918,-2.12,0.0158
162.34,1.7016,2.1178,0.6616,-68.40,301,1.7500,1.9826,-1.90,0.0159
162.45,1.7039,2.1138,0.6617,-69.51,301,1.7500,1.9779,-1.74,0.0160
162.58,1.7066,2.1089,0.6616,-70.83,302,1.7500,1.9707,-1.73,0.0160
162.74,1.7100,2.1022,0.6616,-72.55,302,1.7500,1.9633,-1.39,0.0159
162.90,1.7132,2.0956,0.6616,-74.23,302,1.7500,1.9559,-1.00,0.0160
163.08,1.7166,2.0880,0.6616,-76.10,303,1.7500,1.9455,-0.70,0.0160
163.19,1.7187,2.0828,0.6617,-77.26,303,1.7500,1.9400,-0.40,0.0156
163.31,1.7208,2.0777,0.6616,-78.40,303,1.7500,1.9344,-0.09,0.0153
163.42,1.7225,2.0734,0.6617,-79.31,303,1.7500,1.9298,0.17,0.0152
163.64,1.7260,2.0636,0.6619,-81.13,304,1.7500,1.9181,0.50,0.0146
163.75,1.7278,2.0583,0.6619,-82.03,304,1.7500,1.9124,0.70,0.0141
163.92,1.7300,2.0511,0.6618,-83.23,304,1.7500,1.9050,1.00,0.0136
164.09,1.7324,2.0430,0.6619,-84.42,305,1.7500,1.8953,1.20,0.0129
164.26,1.7344,2.0356,0.6620,-85.32,305,1.7500,1.8877,1.34,0.0121
164.45,1.7367,2.0265,0.6621,-86.36,305,1.7500,1.8783,1.48,0.0112
164.61,1.7384,2.0190,0.6622,-87.10,306,1.7500,1.8696,1.52,0.0103
164.79,1.7402,2.0105,0.6622,-87.83,306,1.7500,1.8611,1.58,0.0091
164.90,1.7411,2.0058,0.6623,-88.16,306,1.7500,1.8563,1.56,0.0085
165.03,1.7423,1.9991,0.6624,-88.59,306,1.7500,1.8496,1.54,0.0077
165.14,1.7431,1.9943,0.6624,-88.83,307,1.7500,1.8443,1.47,0.0069
165.25,1.7439,1.9886,0.6625,-89.07,307,1.7500,1.8386,1.38,0.0061
165.36,1.7446,1.9838,0.6625,-89.24,307,1.7500,1.8338,1.31,0.0054
165.54,1.7457,1.9752,0.6625,-89.52,307,1.7500,1.8252,1.18,0.0043
165.65,1.7463,1.9694,0.6625,-89.65,308,1.7500,1.8194,1.05,0.0037
165.81,1.7470,1.9617,0.6625,-89.78,308,1.7500,1.8117,0.91,0.0030
166.00,1.7478,1.9530,0.6625,-89.86,308,1.7500,1.8030,0.71,0.0022
166.13,1.7482,1.9472,0.6625,-89.88,309,1.7500,1.7972,0.58,0.0018
166.24,1.7485,1.9414,0.6625,-89.90,309,1.7500,1.7914,0.47,0.0015
166.35,1.7488,1.9356,0.6625,-89.90,309,1.7500,1.7856,0.35,0.0012
166.46,1.7490,1.9308,0.6624,-89.90,309,1.7500,1.7808,0.27,0.0010
166.56,1.7492,1.9260,0.6624,-89.90,309,1.7500,1.7760,0.20,0.0008
166.67,1.7494,1.9202,0.6623,-89.89,310,1.7500,1.7702,0.12,0.0006
166.78,1.7496,1.9154,0.6623,-89.89,310,1.7500,1.7654,0.06,0.0004
166.98,1.7498,1.9057,0.6622,-89.89,310,1.7500,1.7557,-0.03,0.0002
167.09,1.7499,1.8999,0.6622,-89.88,310,1.7500,1.7499,-0.07,0.0001
167.28,1.7500,1.8912,0.6621,-89.88,311,1.7500,1.7412,-0.12,0.0000
167.46,1.7501,1.8825,0.6620,-89.88,311,1.7500,1.7325,-0.16,0.0001
167.63,1.7502,1.8738,0.6620,-89.88,312,1.7500,1.7238,-0.19,0.0002
167.75,1.7502,1.8680,0.6619,-89.88,312,1.7500,1.7180,-0.20,0.0002
167.92,1.7503,1.8603,0.6619,-89.88,312,1.7500,1.7103,-0.22,0.0003
168.03,1.7503,1.8545,0.6619,-89.88,312,1.7500,1.7045,-0.23,0.0003
168.15,1.7503,1.8487,0.6618,-89.88,313,1.7500,1.6987,-0.23,0.0003
168.33,1.7503,1.8400,0.6618,-89.88,313,1.7500,1.6900,-0.24,0.0003
168.51,1.7503,1.8313,0.6617,-89.88,313,1.7500,1.6813,-0.25,0.0003
168.67,1.7503,1.8236,0.6617,-89.88,314,1.7500,1.6736,-0.25,0.0003
168.84,1.7503,1.8159,0.6617,-89.88,314,1.7500,1.6659,-0.25,0.0003
169.02,1.7503,1.8072,0.6617,-89.88,314,1.7500,1.6572,-0.25,0.0003
169.23,1.7503,1.7965,0.6616,-89.88,315,1.7500,1.6465,-0.25,0.0003
169.33,1.7503,1.7917,0.6616,-89.88,315,1.7500,1.6417,-0.25,0.0003
169.45,1.7503,1.7859,0.6616,-89.88,315,1.7500,1.6359,-0.26,0.0003
169.56,1.7503,1.7811,0.6616,-89.88,315,1.7500,1.6311,-0.26,0.0003
169.67,1.7504,1.7762,0.6616,-89.88,315,1.7500,1.6262,-0.26,0.0004
169.77,1.7504,1.7704,0.6616,-89.88,316,1.7500,1.6204,-0.26,0.0004
169.88,1.7504,1.7656,0.6616,-89.88,316,1.7500,1.6156,-0.26,0.0004
169.99,1.7504,1.7598,0.6616,-89.88,316,1.7500,1.6098,-0.26,0.0004
170.10,1.7504,1.7550,0.6616,-89.88,316,1.7500,1.6050,-0.26,0.0004
170.28,1.7504,1.7462,0.6616,-89.88,317,1.7500,1.5962,-0.26,0.0004
170.46,1.7504,1.7375,0.6616,-89.88,317,1.7500,1.5875,-0.26,0.0004
170.64,1.7504,1.7288,0.6616,-89.88,317,1.7500,1.5788,-0.26,0.0004
170.82,1.7504,1.7201,0.6616,-89.88,318,1.7500,1.5701,-0.26,0.0004
170.94,1.7504,1.7143,0.6616,-89.88,318,1.7500,1.5643,-0.26,0.0004
171.05,1.7504,1.7085,0.6616,-89.88,318,1.7500,1.5585,-0.26,0.0004
171.16,1.7504,1.7037,0.6616,-89.88,318,1.7500,1.5537,-0.26,0.0004
171.28,1.7504,1.6979,0.6616,-89.88,319,1.7500,1.5479,-0.26,0.0004
171.39,1.7504,1.6921,0.6616,-89.88,319,1.7500,1.5421,-0.26,0.0004
171.49,1.7504,1.6873,0.6615,-89.88,319,1.7500,1.5373,-0.26,0.0004
171.65,1.7504,1.6795,0.6615,-89.88,319,1.7500,1.5295,-0.26,0.0004
171.76,1.7504,1.6747,0.6615,-89.88,319,1.7500,1.5247,-0.26,0.0004
171.87,1.7504,1.6689,0.6615,-89.88,320,1.7500,1.5189,-0.26,0.0004
172.09,1.7504,1.6592,0.6615,-89.88,320,1.7500,1.5092,-0.26,0.0004
172.25,1.7504,1.6505,0.6615,-89.88,320,1.7500,1.5005,-0.26,0.0004
172.44,1.7504,1.6418,0.6615,-89.88,321,1.7500,1.4918,-0.26,0.0004
172.56,1.7504,1.6360,0.6615,-89.88,321,1.7500,1.4860,-0.26,0.0004
172.75,1.7504,1.6263,0.6615,-89.88,321,1.7500,1.4763,-0.26,0.0004
172.93,1.7504,1.6176,0.6615,-89.88,322,1.7500,1.4676,-0.26,0.0004
173.04,1.7504,1.6128,0.6615,-89.88,322,1.7500,1.4628,-0.26,0.0004
173.15,1.7504,1.6070,0.6615,-89.88,322,1.7500,1.4570,-0.26,0.0004
173.36,1.7504,1.5973,0.6615,-89.88,323,1.7500,1.4473,-0.26,0.0004
173.46,1.7504,1.5925,0.6615,-89.88,323,1.7500,1.4425,-0.26,0.0004
173.65,1.7504,1.5828,0.6615,-89.88,323,1.7500,1.4328,-0.26,0.0004
173.76,1.7504,1.5780,0.6615,-89.88,323,1.7500,1.4280,-0.26,0.0004
173.86,1.7504,1.5731,0.6615,-89.88,324,1.7500,1.4231,-0.26,0.0004
173.98,1.7504,1.5673,0.6615,-89.88,324,1.7500,1.4173,-0.26,0.0004
174.10,1.7504,1.5615,0.6615,-89.88,324,1.7500,1.4115,-0.26,0.0004
174.21,1.7504,1.5557,0.6615,-89.88,324,1.7500,1.4057,-0.26,0.0004
174.31,1.7504,1.5509,0.6615,-89.88,324,1.7500,1.4009,-0.26,0.0004
174.47,1.7504,1.5432,0.6615,-89.88,325,1.7500,1.3932,-0.26,0.0004
174.59,1.7504,1.5374,0.6615,-89.88,325,1.7500,1.3874,-0.26,0.0004
174.76,1.7504,1.5296,0.6615,-89.88,325,1.7500,1.3796,-0.26,0.0004
174.93,1.7504,1.5209,0.6615,-89.88,326,1.7500,1.3709,-0.26,0.0004
175.06,1.7504,1.5151,0.6615,-89.88,326,1.7500,1.3651,-0.26,0.0004
175.17,1.7504,1.5093,0.6615,-89.88,326,1.7500,1.3593,-0.26,0.0004
175.28,1.7504,1.5045,0.6615,-89.88,326,1.7500,1.3545,-0.26,0.0004
175.40,1.7504,1.4987,0.6615,-89.88,327,1.7500,1.3487,-0.26,0.0004
175.50,1.7504,1.4938,0.6615,-89.88,327,1.7500,1.3438,-0.26,0.0004
175.60,1.7504,1.4890,0.6615,-89.88,327,1.7500,1.3390,-0.26,0.0004
175.77,1.7504,1.4803,0.6615,-89.88,327,1.7500,1.3303,-0.26,0.0004
175.89,1.7504,1.4755,0.6615,-89.88,327,1.7500,1.3255,-0.26,0.0004
176.06,1.7504,1.4668,0.6615,-89.88,328,1.7500,1.3168,-0.26,0.0004
176.23,1.7504,1.4590,0.6615,-89.88,328,1.7500,1.3090,-0.26,0.0004
176.45,1.7504,1.4474,0.6615,-89.88,329,1.7500,1.2974,-0.26,0.0004
176.56,1.7504,1.4426,0.6615,-89.88,329,1.7500,1.2926,-0.26,0.0004
176.67,1.7504,1.4368,0.6615,-89.88,329,1.7500,1.2868,-0.26,0.0004
176.83,1.7504,1.4291,0.6615,-89.88,329,1.7500,1.2791,-0.26,0.0004
177.02,1.7504,1.4204,0.6615,-89.88,330,1.7500,1.2704,-0.26,0.0004
177.14,1.7504,1.4145,0.6615,-89.88,330,1.7500,1.2645,-0.26,0.0004
177.25,1.7504,1.4097,0.6615,-89.88,330,1.7500,1.2597,-0.26,0.0004
177.35,1.7504,1.4039,0.6615,-89.88,330,1.7500,1.2539,-0.26,0.0004
177.46,1.7504,1.3991,0.6615,-89.88,331,1.7500,1.2491,-0.26,0.0004
177.57,1.7504,1.3933,0.6615,-89.88,331,1.7500,1.2433,-0.26,0.0004
177.68,1.7504,1.3884,0.6615,-89.88,331,1.7500,1.2384,-0.26,0.0004
177.79,1.7504,1.3826,0.6615,-89.88,331,1.7500,1.2326,-0.26,0.0004
177.90,1.7504,1.3778,0.6615,-89.88,331,1.7500,1.2278,-0.26,0.0004
178.07,1.7504,1.3691,0.6615,-89.88,332,1.7500,1.2191,-0.26,0.0004
178.24,1.7504,1.3614,0.6615,-89.88,332,1.7500,1.2114,-0.26,0.0004
178.44,1.7504,1.3517,0.6615,-89.88,332,1.7500,1.2017,-0.26,0.0004
178.60,1.7504,1.3440,0.6615,-89.88,333,1.7500,1.1940,-0.26,0.0004
178.77,1.7504,1.3352,0.6615,-89.88,333,1.7500,1.1852,-0.26,0.0004
178.97,1.7504,1.3256,0.6615,-89.88,333,1.7500,1.1756,-0.26,0.0004
179.08,1.7504,1.3207,0.6615,-89.88,334,1.7500,1.1707,-0.26,0.0004
179.19,1.7504,1.3149,0.6615,-89.88,334,1.7500,1.1649,-0.26,0.0004
179.38,1.7504,1.3062,0.6615,-89.88,334,1.7500,1.1562,-0.26,0.0004
179.50,1.7504,1.3004,0.6615,-89.88,334,1.7500,1.1504,-0.26,0.0004
179.61,1.7504,1.2956,0.6615,-89.88,335,1.7500,1.1456,-0.26,0.0004
179.74,1.7504,1.2888,0.6615,-89.88,335,1.7500,1.1388,-0.26,0.0004
179.93,1.7504,1.2792,0.6615,-89.88,335,1.7500,1.1292,-0.26,0.0004
180.12,1.7504,1.2705,0.6615,-89.88,336,1.7500,1.1205,-0.26,0.0004
180.23,1.7504,1.2656,0.6615,-89.88,336,1.7500,1.1156,-0.26,0.0004
180.44,1.7504,1.2550,0.6615,-89.88,336,1.7500,1.1050,-0.26,0.0004
180.61,1.7504,1.2472,0.6615,-89.88,337,1.7500,1.0972,-0.26,0.0004
180.78,1.7504,1.2385,0.6615,-89.88,337,1.7500,1.0885,-0.26,0.0004
180.95,1.7504,1.2298,0.6615,-89.88,337,1.7500,1.0798,-0.26,0.0004
181.13,1.7504,1.2211,0.6615,-89.88,338,1.7500,1.0711,-0.26,0.0004
181.24,1.7504,1.2163,0.6615,-89.88,338,1.7500,1.0663,-0.26,0.0004
181.44,1.7504,1.2066,0.6615,-89.88,338,1.7500,1.0566,-0.26,0.0004
181.55,1.7504,1.2018,0.6615,-89.88,338,1.7500,1.0518,-0.26,0.0004
181.72,1.7504,1.1931,0.6615,-89.88,339,1.7500,1.0431,-0.26,0.0004
181.82,1.7504,1.1883,0.6615,-89.88,339,1.7500,1.0383,-0.26,0.0004
181.98,1.7504,1.1805,0.6615,-89.88,339,1.7500,1.0305,-0.26,0.0004
182.16,1.7504,1.1718,0.6615,-89.88,340,1.7500,1.0218,-0.26,0.0004
182.34,1.7504,1.1631,0.6615,-89.88,340,1.7500,1.0131,-0.26,0.0004
182.46,1.7504,1.1573,0.6615,-89.88,340,1.7500,1.0073,-0.26,0.0004
182.57,1.7504,1.1515,0.6615,-89.88,340,1.7500,1.0015,-0.26,0.0004
182.77,1.7504,1.1418,0.6615,-89.88,341,1.7500,0.9918,-0.26,0.0004
182.89,1.7504,1.1370,0.6615,-89.88,341,1.7500,0.9870,-0.26,0.0004
183.00,1.7504,1.1312,0.6615,-89.88,341,1.7500,0.9812,-0.26,0.0004
183.10,1.7504,1.1264,0.6615,-89.88,341,1.7500,0.9764,-0.26,0.0004
183.26,1.7504,1.1186,0.6615,-89.88,342,1.7500,0.9686,-0.26,0.0004
183.38,1.7504,1.1128,0.6615,-89.88,342,1.7500,0.9628,-0.26,0.0004
183.48,1.7504,1.1080,0.6615,-89.88,342,1.7500,0.9580,-0.26,0.0004
183.59,1.7504,1.1032,0.6615,-89.88,342,1.7500,0.9532,-0.26,0.0004
183.71,1.7504,1.0974,0.6615,-89.88,343,1.7500,0.9474,-0.26,0.0004
183.81,1.7504,1.0915,0.6615,-89.88,343,1.7500,0.9415,-0.26,0.0004
183.92,1.7504,1.0867,0.6615,-89.88,343,1.7500,0.9367,-0.26,0.0004
184.03,1.7504,1.0809,0.6615,-89.88,343,1.7500,0.9309,-0.26,0.0004
184.21,1.7504,1.0722,0.6615,-89.88,344,1.7500,0.9222,-0.26,0.0004
184.33,1.7504,1.0664,0.6615,-89.88,344,1.7500,0.9164,-0.26,0.0004
184.44,1.7504,1.0616,0.6615,-89.88,344,1.7500,0.9116,-0.26,0.0004
184.55,1.7504,1.0567,0.6615,-89.88,344,1.7500,0.9067,-0.26,0.0004
184.71,1.7504,1.0480,0.6615,-89.88,345,1.7500,0.8980,-0.26,0.0004
184.89,1.7504,1.0393,0.6615,-89.88,345,1.7500,0.8893,-0.26,0.0004
185.09,1.7504,1.0297,0.6615,-89.88,345,1.7500,0.8797,-0.26,0.0004
185.22,1.7504,1.0239,0.6615,-89.88,346,1.7500,0.8739,-0.26,0.0004
185.32,1.7504,1.0190,0.6615,-89.88,346,1.7500,0.8690,-0.26,0.0004
185.50,1.7504,1.0103,0.6615,-89.88,346,1.7500,0.8603,-0.26,0.0004
185.66,1.7504,1.0026,0.6615,-89.88,346,1.7500,0.8526,-0.26,0.0004
185.84,1.7504,0.9939,0.6615,-89.88,347,1.7500,0.8439,-0.26,0.0004
186.04,1.7504,0.9842,0.6615,-89.88,347,1.7500,0.8342,-0.26,0.0004
186.23,1.7504,0.9745,0.6615,-89.88,347,1.7500,0.8245,-0.26,0.0004
186.36,1.7504,0.9697,0.6615,-89.88,348,1.7500,0.8197,-0.26,0.0004
186.46,1.7504,0.9639,0.6615,-89.88,348,1.7500,0.8139,-0.26,0.0004
186.59,1.7504,0.9581,0.6615,-89.88,348,1.7500,0.8081,-0.26,0.0004
186.79,1.7504,0.9484,0.6615,-89.88,349,1.7500,0.7984,-0.26,0.0004
186.91,1.7504,0.9426,0.6615,-89.88,349,1.7500,0.7926,-0.26,0.0004
187.03,1.7504,0.9368,0.6615,-89.88,349,1.7500,0.7868,-0.26,0.0004
187.26,1.7504,0.9262,0.6615,-89.88,349,1.7500,0.7762,-0.26,0.0004
187.37,1.7504,0.9204,0.6615,-89.88,350,1.7500,0.7704,-0.26,0.0004
187.49,1.7504,0.9146,0.6615,-89.88,350,1.7500,0.7646,-0.26,0.0004
187.60,1.7504,0.9088,0.6615,-89.88,350,1.7500,0.7588,-0.26,0.0004
187.72,1.7504,0.9039,0.6615,-89.88,350,1.7500,0.7539,-0.26,0.0004
187.89,1.7504,0.8952,0.6615,-89.88,351,1.7500,0.7452,-0.26,0.0004
188.07,1.7504,0.8865,0.6615,-89.88,351,1.7500,0.7365,-0.26,0.0004
188.25,1.7504,0.8778,0.6615,-89.88,351,1.7500,0.7278,-0.26,0.0004
188.39,1.7504,0.8720,0.6615,-89.88,352,1.7500,0.7220,-0.26,0.0004
188.56,1.7504,0.8633,0.6615,-89.88,352,1.7500,0.7133,-0.26,0.0004
188.74,1.7504,0.8546,0.6615,-89.88,352,1.7500,0.7046,-0.26,0.0004
188.91,1.7504,0.8469,0.6615,-89.88,353,1.7500,0.6969,-0.26,0.0004
189.08,1.7504,0.8382,0.6615,-89.88,353,1.7500,0.6882,-0.26,0.0004
189.28,1.7504,0.8285,0.6615,-89.88,353,1.7500,0.6785,-0.26,0.0004
189.40,1.7504,0.8227,0.6615,-89.88,354,1.7500,0.6727,-0.26,0.0004
189.51,1.7504,0.8169,0.6615,-89.88,354,1.7500,0.6669,-0.26,0.0004
189.63,1.7504,0.8121,0.6615,-89.88,354,1.7500,0.6621,-0.26,0.0004
189.75,1.7504,0.8063,0.6615,-89.88,354,1.7500,0.6563,-0.26,0.0004
189.94,1.7504,0.7966,0.6615,-89.88,355,1.7500,0.6466,-0.26,0.0004
190.14,1.7504,0.7869,0.6615,-89.88,355,1.7500,0.6369,-0.26,0.0004
190.34,1.7504,0.7773,0.6615,-89.88,355,1.7500,0.6273,-0.26,0.0004
190.53,1.7504,0.7676,0.6615,-89.88,356,1.7500,0.6176,-0.26,0.0004
190.65,1.7504,0.7627,0.6615,-89.88,356,1.7500,0.6127,-0.26,0.0004
190.80,1.7504,0.7550,0.6615,-89.88,356,1.7500,0.6050,-0.26,0.0004
190.93,1.7504,0.7492,0.6615,-89.88,356,1.7500,0.5992,-0.26,0.0004
191.11,1.7504,0.7405,0.6615,-89.88,357,1.7500,0.5905,-0.26,0.0004
191.30,1.7504,0.7308,0.6615,-89.88,357,1.7500,0.5808,-0.26,0.0004
191.51,1.7504,0.7212,0.6615,-89.88,358,1.7500,0.5712,-0.26,0.0004
191.68,1.7504,0.7125,0.6615,-89.88,358,1.7500,0.5625,-0.26,0.0004
191.79,1.7504,0.7076,0.6615,-89.88,358,1.7500,0.5576,-0.26,0.0004
191.91,1.7504,0.7018,0.6615,-89.88,358,1.7500,0.5518,-0.26,0.0004
192.05,1.7504,0.6951,0.6615,-89.88,359,1.7500,0.5451,-0.26,0.0004
192.23,1.7504,0.6863,0.6615,-89.88,359,1.7500,0.5363,-0.26,0.0004
192.44,1.7504,0.6757,0.6615,-89.88,359,1.7500,0.5257,-0.26,0.0004
192.64,1.7504,0.6660,0.6615,-89.88,360,1.7500,0.5160,-0.25,0.0004
192.85,1.7504,0.6564,0.6615,-89.88,360,1.7500,0.5064,-0.24,0.0004
192.96,1.7504,0.6506,0.6615,-89.88,360,1.7501,0.5006,-0.24,0.0004
193.08,1.7504,0.6448,0.6615,-89.88,361,1.7503,0.4948,-0.13,0.0004
193.19,1.7504,0.6390,0.6615,-89.87,361,1.7507,0.4890,0.02,0.0004
193.31,1.7504,0.6341,0.6615,-89.87,361,1.7510,0.4842,0.13,0.0004
193.42,1.7504,0.6283,0.6616,-89.86,361,1.7514,0.4784,0.26,0.0004
193.53,1.7504,0.6235,0.6616,-89.82,362,1.7518,0.4735,0.37,0.0004
193.64,1.7504,0.6177,0.6616,-89.75,362,1.7527,0.4678,0.65,0.0004
193.76,1.7504,0.6119,0.6617,-89.67,362,1.7537,0.4621,0.90,0.0004
193.92,1.7505,0.6041,0.6617,-89.54,362,1.7549,0.4545,1.21,0.0005
194.03,1.7506,0.5993,0.6617,-89.42,362,1.7557,0.4497,1.36,0.0006
194.20,1.7508,0.5906,0.6618,-89.09,363,1.7578,0.4413,1.79,0.0008
194.32,1.7510,0.5848,0.6619,-88.82,363,1.7592,0.4357,2.00,0.0010
194.51,1.7513,0.5761,0.6619,-88.35,363,1.7614,0.4273,2.23,0.0013
194.63,1.7516,0.5703,0.6620,-87.95,364,1.7632,0.4218,2.40,0.0016
194.81,1.7522,0.5616,0.6620,-87.31,364,1.7661,0.4136,2.68,0.0022
195.03,1.7530,0.5510,0.6620,-86.37,364,1.7696,0.4036,2.82,0.0030
195.15,1.7535,0.5452,0.6620,-85.78,365,1.7720,0.3983,2.96,0.0035
195.26,1.7539,0.5404,0.6620,-85.28,365,1.7741,0.3940,3.12,0.0039
195.43,1.7549,0.5318,0.6620,-84.28,365,1.7779,0.3863,3.29,0.0049
195.63,1.7560,0.5222,0.6620,-83.03,366,1.7823,0.3778,3.36,0.0060
195.85,1.7575,0.5118,0.6620,-81.51,366,1.7879,0.3690,3.54,0.0075
196.02,1.7588,0.5033,0.6620,-80.10,366,1.7925,0.3618,3.48,0.0088
196.20,1.7603,0.4948,0.6620,-78.61,367,1.7977,0.3544,3.52,0.0099
196.33,1.7613,0.4892,0.6620,-77.49,367,1.8011,0.3499,3.43,0.0106
196.45,1.7624,0.4836,0.6620,-76.35,367,1.8045,0.3454,3.30,0.0113
196.57,1.7635,0.4781,0.6620,-75.13,367,1.8079,0.3410,3.06,0.0121
196.67,1.7645,0.4735,0.6620,-74.10,368,1.8116,0.3365,3.08,0.0126
196.87,1.7667,0.4644,0.6619,-72.01,368,1.8180,0.3296,2.85,0.0132
196.98,1.7680,0.4590,0.6619,-70.73,368,1.8217,0.3256,2.65,0.0137
197.10,1.7692,0.4545,0.6619,-69.63,368,1.8249,0.3221,2.45,0.0142
197.20,1.7708,0.4490,0.6619,-68.33,369,1.8299,0.3173,2.51,0.0145
197.31,1.7721,0.4445,0.6618,-67.24,369,1.8335,0.3143,2.45,0.0147
197.47,1.7743,0.4375,0.6618,-65.50,369,1.8390,0.3094,2.29,0.0151
197.67,1.7773,0.4286,0.6618,-63.27,370,1.8473,0.3025,2.27,0.0156
197.87,1.7806,0.4199,0.6617,-61.05,370,1.8549,0.2972,2.25,0.0158
198.05,1.7838,0.4122,0.6616,-59.02,370,1.8618,0.2924,2.09,0.0162
198.23,1.7872,0.4045,0.6616,-56.97,371,1.8705,0.2870,2.28,0.0164
198.36,1.7896,0.3995,0.6615,-55.60,371,1.8754,0.2842,2.23,0.0163
198.54,1.7939,0.3913,0.6615,-53.27,371,1.8834,0.2797,2.00,0.0165
198.66,1.7966,0.3864,0.6616,-51.85,372,1.8899,0.2762,2.12,0.0166
198.77,1.7990,0.3823,0.6616,-50.68,372,1.8941,0.2743,2.07,0.0165
198.88,1.8019,0.3775,0.6615,-49.29,372,1.8993,0.2720,1.98,0.0164
199.00,1.8049,0.3729,0.6616,-47.89,372,1.9043,0.2697,1.83,0.0164
199.12,1.8075,0.3690,0.6617,-46.73,372,1.9086,0.2678,1.69,0.0166
199.23,1.8108,0.3644,0.6617,-45.36,373,1.9153,0.2653,1.88,0.0165
199.34,1.8141,0.3599,0.6617,-44.02,373,1.9206,0.2635,1.86,0.0164
199.45,1.8169,0.3562,0.6616,-42.91,373,1.9250,0.2620,1.81,0.0164
199.65,1.8228,0.3490,0.6617,-40.64,374,1.9353,0.2587,1.85,0.0167
199.82,1.8278,0.3434,0.6616,-38.84,374,1.9426,0.2572,1.92,0.0166
200.01,1.8341,0.3367,0.6615,-36.59,374,1.9517,0.2553,1.88,0.0167
200.13,1.8381,0.3327,0.6616,-35.22,374,1.9572,0.2542,1.80,0.0169
200.25,1.8422,0.3289,0.6615,-33.86,375,1.9645,0.2532,2.11,0.0168
200.44,1.8491,0.3227,0.6614,-31.59,375,1.9737,0.2522,2.06,0.0167
200.56,1.8533,0.3192,0.6614,-30.22,375,1.9792,0.2516,1.95,0.0168
200.68,1.8577,0.3157,0.6615,-28.80,376,1.9866,0.2510,2.14,0.0168
200.79,1.8614,0.3129,0.6615,-27.63,376,1.9913,0.2509,2.11,0.0166
200.89,1.8652,0.3102,0.6615,-26.47,376,1.9959,0.2508,2.05,0.0165
201.02,1.8697,0.3070,0.6616,-25.06,376,2.0015,0.2507,1.90,0.0165
201.13,1.8744,0.3040,0.6617,-23.65,376,2.0071,0.2506,1.72,0.0167
201.24,1.8784,0.3015,0.6617,-22.49,377,2.0133,0.2509,1.92,0.0165
201.35,1.8832,0.2986,0.6617,-21.13,377,2.0189,0.2513,1.88,0.0164
201.45,1.8857,0.2973,0.6617,-20.47,377,2.0216,0.2515,1.85,0.0164
201.59,1.8913,0.2942,0.6616,-18.90,377,2.0281,0.2519,1.73,0.0165
201.75,1.8979,0.2908,0.6616,-17.09,378,2.0369,0.2530,1.88,0.0166
201.86,1.9021,0.2888,0.6616,-15.97,378,2.0415,0.2539,1.92,0.0165
201.97,1.9072,0.2865,0.6616,-14.64,378,2.0470,0.2550,1.93,0.0165
202.10,1.9123,0.2844,0.6615,-13.29,378,2.0524,0.2561,1.88,0.0166
202.21,1.9175,0.2823,0.6616,-11.93,379,2.0595,0.2576,2.07,0.0168
202.37,1.9245,0.2798,0.6615,-10.12,379,2.0666,0.2598,2.11,0.0167
202.48,1.9289,0.2783,0.6615,-8.96,379,2.0710,0.2611,2.05,0.0167
202.60,1.9342,0.2767,0.6616,-7.55,379,2.0764,0.2627,1.93,0.0168
202.72,1.9397,0.2751,0.6616,-6.14,380,2.0837,0.2651,2.15,0.0170
202.83,1.9451,0.2738,0.6616,-4.75,380,2.0889,0.2672,2.13,0.0167
202.93,1.9496,0.2727,0.6615,-3.60,380,2.0932,0.2689,2.07,0.0166
203.05,1.9550,0.2716,0.6616,-2.15,380,2.0983,0.2709,1.90,0.0166
203.16,1.9596,0.2707,0.6617,-0.96,380,2.1027,0.2727,1.75,0.0167
203.32,1.9671,0.2696,0.6617,0.92,381,2.1108,0.2766,1.89,0.0165
203.50,1.9754,0.2686,0.6617,2.95,381,2.1183,0.2804,1.79,0.0165
203.68,1.9837,0.2678,0.6617,5.00,381,2.1257,0.2842,1.58,0.0167
203.86,1.9921,0.2674,0.6616,7.02,382,2.1341,0.2896,1.86,0.0165
204.06,2.0014,0.2673,0.6615,9.21,382,2.1418,0.2947,1.85,0.0166
204.23,2.0097,0.2674,0.6615,11.22,383,2.1498,0.3004,2.01,0.0167
204.45,2.0190,0.2680,0.6615,13.48,383,2.1570,0.3063,2.06,0.0167
204.55,2.0245,0.2685,0.6615,14.84,383,2.1612,0.3099,2.00,0.0168
204.72,2.0319,0.2694,0.6615,16.70,384,2.1685,0.3161,2.19,0.0170
204.91,2.0411,0.2708,0.6615,19.02,384,2.1751,0.3227,2.15,0.0167
205.04,2.0465,0.2719,0.6616,20.46,384,2.1790,0.3266,1.99,0.0166
205.15,2.0521,0.2731,0.6617,21.91,384,2.1830,0.3306,1.81,0.0167
205.26,2.0566,0.2742,0.6617,23.08,385,2.1872,0.3353,1.99,0.0166
205.36,2.0612,0.2754,0.6617,24.25,385,2.1902,0.3388,1.93,0.0165
205.48,2.0665,0.2769,0.6616,25.62,385,2.1938,0.3431,1.86,0.0165
205.69,2.0762,0.2801,0.6617,28.15,386,2.2013,0.3522,1.82,0.0167
205.81,2.0815,0.2820,0.6617,29.50,386,2.2044,0.3569,1.85,0.0165
205.92,2.0859,0.2837,0.6617,30.63,386,2.2070,0.3607,1.83,0.0165
206.04,2.0910,0.2858,0.6617,31.99,386,2.2101,0.3654,1.76,0.0165
206.16,2.0962,0.2881,0.6617,33.35,386,2.2132,0.3701,1.66,0.0167
206.35,2.1038,0.2917,0.6616,35.37,387,2.2180,0.3787,1.93,0.0167
206.47,2.1095,0.2947,0.6615,36.92,387,2.2210,0.3845,1.95,0.0167
206.64,2.1160,0.2982,0.6614,38.69,387,2.2244,0.3911,1.90,0.0169
206.82,2.1232,0.3025,0.6614,40.75,388,2.2285,0.4005,2.17,0.0168
207.00,2.1302,0.3070,0.6614,42.82,388,2.2317,0.4082,2.10,0.0167
207.12,2.1347,0.3101,0.6614,44.23,388,2.2337,0.4133,1.95,0.0167
207.32,2.1422,0.3157,0.6616,46.59,389,2.2373,0.4238,2.06,0.0166
207.43,2.1466,0.3192,0.6615,47.97,389,2.2390,0.4291,2.00,0.0165
207.60,2.1522,0.3239,0.6615,49.82,389,2.2411,0.4361,1.82,0.0165
207.83,2.1605,0.3314,0.6615,52.60,390,2.2441,0.4485,1.88,0.0165
207.93,2.1639,0.3347,0.6615,53.72,390,2.2450,0.4531,1.85,0.0164
208.09,2.1684,0.3393,0.6614,55.28,390,2.2463,0.4595,1.75,0.0165
208.21,2.1728,0.3441,0.6614,56.86,391,2.2477,0.4673,1.85,0.0167
208.32,2.1759,0.3476,0.6614,57.99,391,2.2480,0.4720,1.90,0.0166
208.48,2.1807,0.3533,0.6614,59.78,391,2.2486,0.4794,1.92,0.0166
208.68,2.1864,0.3606,0.6615,62.07,391,2.2492,0.4887,1.81,0.0169
208.80,2.1897,0.3652,0.6615,63.43,392,2.2495,0.4962,2.03,0.0168
208.91,2.1929,0.3697,0.6614,64.80,392,2.2497,0.5017,1.94,0.0167
209.02,2.1955,0.3736,0.6614,65.93,392,2.2498,0.5064,1.83,0.0167
209.14,2.1984,0.3783,0.6614,67.33,392,2.2499,0.5119,1.60,0.0168
209.32,2.2027,0.3855,0.6616,69.38,393,2.2500,0.5222,1.54,0.0167
209.45,2.2054,0.3904,0.6615,70.73,393,2.2500,0.5278,1.28,0.0165
209.55,2.2076,0.3945,0.6615,71.84,393,2.2500,0.5324,1.06,0.0165
209.71,2.2113,0.4019,0.6616,73.82,394,2.2500,0.5423,0.76,0.0166
209.89,2.2144,0.4088,0.6617,75.49,394,2.2500,0.5498,0.35,0.0162
210.07,2.2180,0.4174,0.6617,77.47,394,2.2500,0.5592,-0.17,0.0161
210.29,2.2218,0.4271,0.6618,79.51,395,2.2500,0.5711,-0.59,0.0158
210.41,2.2237,0.4324,0.6618,80.52,395,2.2500,0.5767,-0.84,0.0155
210.52,2.2253,0.4369,0.6618,81.35,395,2.2500,0.5814,-1.06,0.0154
210.75,2.2285,0.4467,0.6619,82.97,396,2.2500,0.5932,-1.33,0.0150
210.94,2.2309,0.4549,0.6619,84.17,396,2.2500,0.6017,-1.57,0.0142
211.07,2.2325,0.4603,0.6618,84.96,396,2.2500,0.6074,-1.75,0.0137
211.18,2.2340,0.4658,0.6619,85.70,396,2.2500,0.6130,-1.92,0.0133
211.29,2.2352,0.4705,0.6620,86.28,397,2.2500,0.6195,-1.96,0.0127
211.50,2.2376,0.4807,0.6621,87.34,397,2.2500,0.6299,-2.11,0.0111
211.62,2.2388,0.4863,0.6621,87.85,397,2.2500,0.6355,-2.15,0.0103
211.73,2.2397,0.4911,0.6622,88.26,397,2.2500,0.6404,-2.19,0.0096
211.84,2.2409,0.4969,0.6624,88.63,398,2.2500,0.6466,-2.13,0.0087
211.95,2.2417,0.5017,0.6625,88.88,398,2.2500,0.6515,-2.06,0.0080
212.05,2.2424,0.5064,0.6625,89.10,398,2.2500,0.6563,-1.99,0.0073
212.17,2.2433,0.5122,0.6625,89.35,398,2.2500,0.6620,-1.92,0.0066
212.28,2.2441,0.5179,0.6625,89.56,399,2.2500,0.6679,-1.81,0.0059
212.44,2.2451,0.5257,0.6625,89.77,399,2.2500,0.6757,-1.66,0.0049
212.54,2.2456,0.5305,0.6625,89.86,399,2.2500,0.6805,-1.55,0.0044
212.67,2.2462,0.5372,0.6625,89.97,399,2.2500,0.6872,-1.41,0.0038
212.79,2.2467,0.5421,0.6625,90.03,400,2.2500,0.6921,-1.31,0.0033
213.00,2.2474,0.5527,0.6625,90.10,400,2.2500,0.7027,-1.08,0.0026
213.11,2.2477,0.5575,0.6625,90.12,400,2.2500,0.7075,-0.98,0.0023
213.27,2.2482,0.5662,0.6624,90.14,401,2.2500,0.7162,-0.83,0.0018
213.45,2.2485,0.5740,0.6624,90.14,401,2.2500,0.7240,-0.71,0.0015
213.64,2.2488,0.5836,0.6623,90.14,401,2.2500,0.7336,-0.59,0.0012
213.77,2.2490,0.5894,0.6623,90.13,401,2.2500,0.7394,-0.53,0.0010
213.95,2.2491,0.5981,0.6622,90.13,402,2.2500,0.7481,-0.46,0.0009
214.16,2.2493,0.6087,0.6621,90.13,402,2.2500,0.7587,-0.38,0.0007
214.33,2.2494,0.6174,0.6621,90.12,403,2.2500,0.7674,-0.34,0.0006
214.52,2.2495,0.6261,0.6620,90.12,403,2.2500,0.7761,-0.31,0.0005
214.62,2.2495,0.6309,0.6620,90.12,403,2.2500,0.7809,-0.30,0.0005
214.82,2.2496,0.6406,0.6619,90.12,403,2.2500,0.7906,-0.28,0.0004
214.94,2.2496,0.6464,0.6619,90.12,404,2.2500,0.7964,-0.27,0.0004
215.05,2.2496,0.6522,0.6618,90.12,404,2.2500,0.8022,-0.27,0.0004
215.24,2.2496,0.6609,0.6618,90.12,404,2.2500,0.8109,-0.26,0.0004
215.34,2.2496,0.6657,0.6618,90.12,404,2.2500,0.8157,-0.26,0.0004
215.46,2.2496,0.6715,0.6617,90.12,405,2.2500,0.8215,-0.26,0.0004
215.58,2.2496,0.6773,0.6617,90.12,405,2.2500,0.8273,-0.26,0.0004
215.74,2.2496,0.6850,0.6617,90.12,405,2.2500,0.8350,-0.26,0.0004
215.85,2.2496,0.6899,0.6617,90.12,405,2.2500,0.8399,-0.26,0.0004
216.05,2.2496,0.7005,0.6616,90.12,406,2.2500,0.8505,-0.26,0.0004
216.17,2.2496,0.7053,0.6616,90.12,406,2.2500,0.8553,-0.26,0.0004
216.28,2.2496,0.7111,0.6616,90.12,406,2.2500,0.8611,-0.26,0.0004
216.40,2.2496,0.7169,0.6616,90.12,407,2.2500,0.8669,-0.26,0.0004
216.57,2.2496,0.7247,0.6616,90.12,407,2.2500,0.8747,-0.26,0.0004
216.68,2.2496,0.7305,0.6616,90.12,407,2.2500,0.8805,-0.26,0.0004
216.84,2.2496,0.7382,0.6616,90.12,407,2.2500,0.8882,-0.26,0.0004
217.02,2.2496,0.7469,0.6616,90.12,408,2.2500,0.8969,-0.26,0.0004
217.15,2.2496,0.7527,0.6616,90.12,408,2.2500,0.9027,-0.26,0.0004
217.26,2.2496,0.7585,0.6616,90.12,408,2.2500,0.9085,-0.26,0.0004
217.37,2.2496,0.7634,0.6616,90.12,408,2.2500,0.9134,-0.26,0.0004
217.54,2.2496,0.7721,0.6616,90.12,409,2.2500,0.9221,-0.26,0.0004
217.73,2.2496,0.7808,0.6616,90.12,409,2.2500,0.9308,-0.26,0.0004
217.90,2.2496,0.7895,0.6616,90.12,409,2.2500,0.9395,-0.26,0.0004
218.09,2.2496,0.7982,0.6616,90.12,410,2.2500,0.9482,-0.26,0.0004
218.27,2.2496,0.8078,0.6616,90.12,410,2.2500,0.9578,-0.26,0.0004
218.39,2.2496,0.8127,0.6615,90.12,410,2.2500,0.9627,-0.26,0.0004
218.50,2.2496,0.8185,0.6615,90.12,411,2.2500,0.9685,-0.26,0.0004
218.68,2.2496,0.8272,0.6615,90.12,411,2.2500,0.9772,-0.26,0.0004
218.90,2.2496,0.8378,0.6615,90.12,411,2.2500,0.9878,-0.26,0.0004
219.01,2.2496,0.8436,0.6615,90.12,412,2.2500,0.9936,-0.26,0.0004
219.13,2.2496,0.8485,0.6615,90.12,412,2.2500,0.9985,-0.26,0.0004
219.24,2.2496,0.8543,0.6615,90.12,412,2.2500,1.0043,-0.26,0.0004
219.35,2.2496,0.8601,0.6615,90.12,412,2.2500,1.0101,-0.26,0.0004
219.46,2.2496,0.8649,0.6615,90.12,412,2.2500,1.0149,-0.26,0.0004
219.57,2.2496,0.8697,0.6615,90.12,413,2.2500,1.0197,-0.26,0.0004
219.74,2.2496,0.8784,0.6615,90.12,413,2.2500,1.0284,-0.26,0.0004
219.85,2.2496,0.8842,0.6615,90.12,413,2.2500,1.0342,-0.26,0.0004
219.96,2.2496,0.8891,0.6615,90.12,413,2.2500,1.0391,-0.26,0.0004
220.06,2.2496,0.8939,0.6615,90.12,414,2.2500,1.0439,-0.26,0.0004
220.19,2.2496,0.8997,0.6615,90.12,414,2.2500,1.0497,-0.26,0.0004
220.37,2.2496,0.9084,0.6615,90.12,414,2.2500,1.0584,-0.26,0.0004
220.55,2.2496,0.9171,0.6615,90.12,415,2.2500,1.0671,-0.26,0.0004
220.74,2.2496,0.9268,0.6615,90.12,415,2.2500,1.0768,-0.26,0.0004
220.86,2.2496,0.9326,0.6615,90.12,415,2.2500,1.0826,-0.26,0.0004
220.97,2.2496,0.9384,0.6615,90.12,415,2.2500,1.0884,-0.26,0.0004
221.17,2.2496,0.9481,0.6615,90.12,416,2.2500,1.0981,-0.26,0.0004
221.27,2.2496,0.9529,0.6615,90.12,416,2.2500,1.1029,-0.26,0.0004
221.44,2.2496,0.9606,0.6615,90.12,416,2.2500,1.1106,-0.26,0.0004
221.63,2.2496,0.9693,0.6615,90.12,417,2.2500,1.1193,-0.26,0.0004
221.83,2.2496,0.9790,0.6615,90.12,417,2.2500,1.1290,-0.26,0.0004
222.05,2.2496,0.9897,0.6615,90.12,417,2.2500,1.1397,-0.26,0.0004
222.15,2.2496,0.9945,0.6615,90.12,418,2.2500,1.1445,-0.26,0.0004
222.32,2.2496,1.0032,0.6615,90.12,418,2.2500,1.1532,-0.26,0.0004
222.55,2.2496,1.0138,0.6615,90.12,418,2.2500,1.1638,-0.26,0.0004
222.66,2.2496,1.0196,0.6615,90.12,419,2.2500,1.1696,-0.26,0.0004
222.77,2.2496,1.0245,0.6615,90.12,419,2.2500,1.1745,-0.26,0.0004
222.94,2.2496,1.0332,0.6615,90.12,419,2.2500,1.1832,-0.26,0.0004
223.16,2.2496,1.0438,0.6615,90.12,420,2.2500,1.1938,-0.26,0.0004
223.38,2.2496,1.0544,0.6615,90.12,420,2.2500,1.2044,-0.26,0.0004
223.50,2.2496,1.0602,0.6615,90.12,420,2.2500,1.2102,-0.26,0.0004
223.62,2.2496,1.0661,0.6615,90.12,421,2.2500,1.2161,-0.26,0.0004
223.72,2.2496,1.0709,0.6615,90.12,421,2.2500,1.2209,-0.26,0.0004
223.83,2.2496,1.0757,0.6615,90.12,421,2.2500,1.2257,-0.26,0.0004
223.99,2.2496,1.0844,0.6615,90.12,421,2.2500,1.2344,-0.26,0.0004
224.17,2.2496,1.0922,0.6615,90.12,422,2.2500,1.2422,-0.26,0.0004
224.29,2.2496,1.0980,0.6615,90.12,422,2.2500,1.2480,-0.26,0.0004
224.46,2.2496,1.1067,0.6615,90.12,422,2.2500,1.2567,-0.26,0.0004
224.67,2.2496,1.1163,0.6615,90.12,423,2.2500,1.2663,-0.26,0.0004
224.80,2.2496,1.1231,0.6615,90.12,423,2.2500,1.2731,-0.26,0.0004
224.98,2.2496,1.1318,0.6615,90.12,423,2.2500,1.2818,-0.26,0.0004
225.17,2.2496,1.1405,0.6615,90.12,423,2.2500,1.2905,-0.26,0.0004
225.37,2.2496,1.1502,0.6615,90.12,424,2.2500,1.3002,-0.26,0.0004
225.49,2.2496,1.1560,0.6615,90.12,424,2.2500,1.3060,-0.26,0.0004
225.60,2.2496,1.1618,0.6615,90.12,424,2.2500,1.3118,-0.26,0.0004
225.72,2.2496,1.1676,0.6615,90.12,425,2.2500,1.3176,-0.26,0.0004
225.83,2.2496,1.1724,0.6615,90.12,425,2.2500,1.3224,-0.26,0.0004
225.94,2.2496,1.1782,0.6615,90.12,425,2.2500,1.3282,-0.26,0.0004
226.05,2.2496,1.1831,0.6615,90.12,425,2.2500,1.3331,-0.26,0.0004
226.16,2.2496,1.1889,0.6615,90.12,425,2.2500,1.3389,-0.26,0.0004
226.28,2.2496,1.1947,0.6615,90.12,426,2.2500,1.3447,-0.26,0.0004
226.39,2.2496,1.2005,0.6615,90.12,426,2.2500,1.3505,-0.26,0.0004
226.51,2.2496,1.2053,0.6615,90.12,426,2.2500,1.3553,-0.26,0.0004
226.62,2.2496,1.2111,0.6615,90.12,426,2.2500,1.3611,-0.26,0.0004
226.73,2.2496,1.2159,0.6615,90.12,426,2.2500,1.3659,-0.26,0.0004
226.84,2.2496,1.2217,0.6615,90.12,427,2.2500,1.3717,-0.26,0.0004
226.94,2.2496,1.2266,0.6615,90.12,427,2.2500,1.3766,-0.26,0.0004
227.05,2.2496,1.2314,0.6615,90.12,427,2.2500,1.3814,-0.26,0.0004
227.22,2.2496,1.2401,0.6615,90.12,427,2.2500,1.3901,-0.26,0.0004
227.34,2.2496,1.2459,0.6615,90.12,428,2.2500,1.3959,-0.26,0.0004
227.45,2.2496,1.2508,0.6615,90.12,428,2.2500,1.4008,-0.26,0.0004
227.56,2.2496,1.2566,0.6615,90.12,428,2.2500,1.4066,-0.26,0.0004
227.67,2.2496,1.2614,0.6615,90.12,428,2.2500,1.4114,-0.26,0.0004
227.83,2.2496,1.2691,0.6615,90.12,429,2.2500,1.4191,-0.26,0.0004
228.02,2.2496,1.2788,0.6615,90.12,429,2.2500,1.4288,-0.26,0.0004
228.20,2.2496,1.2875,0.6615,90.12,429,2.2500,1.4375,-0.26,0.0004
228.42,2.2496,1.2981,0.6615,90.12,430,2.2500,1.4481,-0.26,0.0004
228.54,2.2496,1.3039,0.6615,90.12,430,2.2500,1.4539,-0.26,0.0004
228.71,2.2496,1.3117,0.6615,90.12,430,2.2500,1.4617,-0.26,0.0004
228.90,2.2496,1.3214,0.6615,90.12,431,2.2500,1.4714,-0.26,0.0004
229.08,2.2496,1.3301,0.6615,90.12,431,2.2500,1.4801,-0.26,0.0004
229.25,2.2496,1.3388,0.6615,90.12,431,2.2500,1.4888,-0.26,0.0004
229.38,2.2496,1.3446,0.6615,90.12,432,2.2500,1.4946,-0.26,0.0004
229.50,2.2496,1.3504,0.6615,90.12,432,2.2500,1.5004,-0.26,0.0004
229.61,2.2496,1.3552,0.6615,90.12,432,2.2500,1.5052,-0.26,0.0004
229.73,2.2496,1.3610,0.6615,90.12,432,2.2500,1.5110,-0.26,0.0004
229.84,2.2496,1.3668,0.6615,90.12,433,2.2500,1.5168,-0.26,0.0004
229.95,2.2496,1.3716,0.6615,90.12,433,2.2500,1.5216,-0.26,0.0004
230.07,2.2496,1.3774,0.6615,90.12,433,2.2500,1.5274,-0.26,0.0004
230.18,2.2496,1.3832,0.6615,90.12,433,2.2500,1.5332,-0.26,0.0004
230.30,2.2496,1.3891,0.6615,90.12,433,2.2500,1.5391,-0.26,0.0004
230.41,2.2496,1.3939,0.6615,90.12,434,2.2500,1.5439,-0.26,0.0004
230.59,2.2496,1.4026,0.6615,90.12,434,2.2500,1.5526,-0.26,0.0004
230.71,2.2496,1.4094,0.6615,90.12,434,2.2500,1.5594,-0.26,0.0004
230.83,2.2496,1.4142,0.6615,90.12,434,2.2500,1.5642,-0.26,0.0004
230.94,2.2496,1.4200,0.6615,90.12,435,2.2500,1.5700,-0.26,0.0004
231.05,2.2496,1.4248,0.6615,90.12,435,2.2500,1.5748,-0.26,0.0004
231.16,2.2496,1.4306,0.6615,90.12,435,2.2500,1.5806,-0.26,0.0004
231.27,2.2496,1.4355,0.6615,90.12,435,2.2500,1.5855,-0.26,0.0004
231.44,2.2496,1.4442,0.6615,90.12,436,2.2500,1.5942,-0.26,0.0004
231.62,2.2496,1.4529,0.6615,90.12,436,2.2500,1.6029,-0.26,0.0004
231.73,2.2496,1.4577,0.6615,90.12,436,2.2500,1.6077,-0.26,0.0004
231.90,2.2496,1.4664,0.6615,90.12,437,2.2500,1.6164,-0.26,0.0004
232.09,2.2496,1.4751,0.6615,90.12,437,2.2500,1.6251,-0.26,0.0004
232.27,2.2496,1.4838,0.6615,90.12,437,2.2500,1.6338,-0.26,0.0004
232.45,2.2496,1.4925,0.6615,90.12,438,2.2500,1.6425,-0.26,0.0004
232.64,2.2496,1.5022,0.6615,90.12,438,2.2500,1.6522,-0.26,0.0004
232.83,2.2496,1.5109,0.6615,90.12,438,2.2500,1.6609,-0.26,0.0004
232.95,2.2496,1.5167,0.6615,90.12,439,2.2500,1.6667,-0.26,0.0004
233.07,2.2496,1.5225,0.6615,90.12,439,2.2500,1.6725,-0.26,0.0004
233.19,2.2496,1.5283,0.6615,90.12,439,2.2500,1.6783,-0.26,0.0004
233.39,2.2496,1.5380,0.6615,90.12,439,2.2500,1.6880,-0.26,0.0004
233.50,2.2496,1.5438,0.6615,90.12,440,2.2500,1.6938,-0.26,0.0004
233.60,2.2496,1.5486,0.6615,90.12,440,2.2500,1.6986,-0.26,0.0004
233.71,2.2496,1.5544,0.6615,90.12,440,2.2500,1.7044,-0.26,0.0004
233.83,2.2496,1.5593,0.6615,90.12,440,2.2500,1.7093,-0.26,0.0004
233.94,2.2496,1.5651,0.6615,90.12,440,2.2500,1.7151,-0.26,0.0004
234.10,2.2496,1.5728,0.6615,90.12,441,2.2500,1.7228,-0.26,0.0004
234.28,2.2496,1.5815,0.6615,90.12,441,2.2500,1.7315,-0.26,0.0004
234.46,2.2496,1.5902,0.6615,90.12,441,2.2500,1.7402,-0.26,0.0004
234.64,2.2496,1.5989,0.6615,90.12,442,2.2500,1.7489,-0.26,0.0004
234.83,2.2496,1.6076,0.6615,90.12,442,2.2500,1.7576,-0.26,0.0004
234.95,2.2496,1.6134,0.6615,90.12,442,2.2500,1.7634,-0.26,0.0004
235.15,2.2496,1.6231,0.6615,90.12,443,2.2500,1.7731,-0.26,0.0004
235.40,2.2496,1.6347,0.6615,90.12,443,2.2500,1.7847,-0.26,0.0004
235.51,2.2496,1.6395,0.6615,90.12,443,2.2500,1.7895,-0.26,0.0004
235.63,2.2496,1.6463,0.6615,90.12,444,2.2500,1.7963,-0.26,0.0004
235.81,2.2496,1.6550,0.6615,90.12,444,2.2500,1.8050,-0.26,0.0004
236.00,2.2496,1.6637,0.6615,90.12,444,2.2500,1.8137,-0.26,0.0004
236.19,2.2496,1.6724,0.6615,90.12,445,2.2500,1.8224,-0.26,0.0004
236.32,2.2496,1.6792,0.6615,90.12,445,2.2500,1.8292,-0.26,0.0004
236.45,2.2496,1.6850,0.6615,90.12,445,2.2500,1.8350,-0.26,0.0004
236.56,2.2496,1.6908,0.6615,90.12,445,2.2500,1.8408,-0.26,0.0004
236.67,2.2496,1.6966,0.6615,90.12,446,2.2500,1.8466,-0.26,0.0004
236.79,2.2496,1.7014,0.6615,90.12,446,2.2500,1.8514,-0.26,0.0004
236.96,2.2496,1.7101,0.6615,90.12,446,2.2500,1.8601,-0.26,0.0004
237.07,2.2496,1.7159,0.6615,90.12,446,2.2500,1.8659,-0.26,0.0004
237.27,2.2496,1.7246,0.6615,90.12,447,2.2500,1.8746,-0.26,0.0004
237.44,2.2496,1.7333,0.6615,90.12,447,2.2500,1.8833,-0.26,0.0004
237.62,2.2496,1.7420,0.6615,90.12,448,2.2500,1.8920,-0.26,0.0004
237.80,2.2496,1.7507,0.6615,90.12,448,2.2500,1.9007,-0.26,0.0004
238.01,2.2496,1.7614,0.6615,90.12,448,2.2500,1.9114,-0.26,0.0004
238.13,2.2496,1.7672,0.6615,90.12,449,2.2500,1.9172,-0.26,0.0004
238.31,2.2496,1.7749,0.6615,90.12,449,2.2500,1.9249,-0.26,0.0004
238.48,2.2496,1.7836,0.6615,90.12,449,2.2500,1.9336,-0.26,0.0004
238.66,2.2496,1.7923,0.6615,90.12,450,2.2500,1.9423,-0.26,0.0004
238.88,2.2496,1.8030,0.6615,90.12,450,2.2500,1.9530,-0.26,0.0004
239.06,2.2496,1.8117,0.6615,90.12,450,2.2500,1.9617,-0.26,0.0004
239.24,2.2496,1.8204,0.6615,90.12,451,2.2500,1.9704,-0.26,0.0004
239.43,2.2496,1.8300,0.6615,90.12,451,2.2500,1.9800,-0.26,0.0004
239.56,2.2496,1.8358,0.6615,90.12,451,2.2500,1.9858,-0.26,0.0004
239.68,2.2496,1.8416,0.6615,90.12,452,2.2500,1.9916,-0.27,0.0004
239.89,2.2496,1.8513,0.6615,90.12,452,2.2504,2.0013,-0.42,0.0004
240.01,2.2496,1.8581,0.6615,90.12,452,2.2507,2.0081,-0.53,0.0004
240.19,2.2496,1.8658,0.6616,90.11,452,2.2510,2.0158,-0.64,0.0004
240.31,2.2496,1.8716,0.6616,90.07,453,2.2517,2.0215,-0.84,0.0004
240.43,2.2497,1.8774,0.6616,90.02,453,2.2523,2.0273,-1.02,0.0003
240.54,2.2497,1.8832,0.6616,89.96,453,2.2529,2.0331,-1.19,0.0003
240.65,2.2497,1.8881,0.6617,89.88,453,2.2534,2.0379,-1.29,0.0003
240.82,2.2499,1.8968,0.6617,89.69,454,2.2549,2.0464,-1.61,0.0001
240.94,2.2500,1.9026,0.6618,89.53,454,2.2560,2.0521,-1.86,0.0000
241.05,2.2501,1.9074,0.6618,89.38,454,2.2570,2.0568,-2.03,0.0001
241.25,2.2504,1.9171,0.6618,88.98,455,2.2591,2.0663,-2.31,0.0004
241.45,2.2508,1.9267,0.6619,88.48,455,2.2622,2.0754,-2.86,0.0008
241.62,2.2512,1.9354,0.6619,87.95,455,2.2650,2.0837,-3.25,0.0012
241.80,2.2518,1.9441,0.6620,87.31,456,2.2680,2.0918,-3.60,0.0018
241.98,2.2524,1.9528,0.6621,86.45,456,2.2716,2.0997,-3.87,0.0024
242.15,2.2533,1.9614,0.6621,85.47,456,2.2751,2.1075,-3.97,0.0033
242.27,2.2539,1.9672,0.6621,84.76,457,2.2775,2.1127,-3.97,0.0039
242.39,2.2545,1.9719,0.6621,84.12,457,2.2798,2.1169,-4.05,0.0045
242.58,2.2558,1.9815,0.6621,82.74,457,2.2845,2.1252,-4.05,0.0058
242.76,2.2570,1.9900,0.6621,81.38,457,2.2887,2.1326,-3.89,0.0070
242.89,2.2580,1.9956,0.6621,80.42,458,2.2920,2.1376,-3.90,0.0077
243.00,2.2589,2.0013,0.6622,79.42,458,2.2952,2.1422,-3.85,0.0085
243.17,2.2605,2.0097,0.6622,77.84,458,2.3000,2.1492,-3.63,0.0097
243.34,2.2619,2.0171,0.6622,76.33,459,2.3048,2.1558,-3.52,0.0107
243.45,2.2629,2.0217,0.6622,75.38,459,2.3079,2.1593,-3.50,0.0111
243.57,2.2643,2.0281,0.6621,74.01,459,2.3122,2.1642,-3.41,0.0119
243.76,2.2662,2.0363,0.6621,72.19,459,2.3177,2.1705,-3.18,0.0129
243.89,2.2676,2.0417,0.6621,70.94,460,2.3225,2.1753,-3.26,0.0134
244.01,2.2690,2.0471,0.6620,69.67,460,2.3266,2.1791,-3.21,0.0137
244.18,2.2713,2.0551,0.6620,67.71,460,2.3326,2.1848,-3.01,0.0144
244.36,2.2738,2.0631,0.6620,65.68,461,2.3403,2.1915,-3.05,0.0150
244.56,2.2768,2.0718,0.6619,63.41,461,2.3476,2.1971,-2.89,0.0150
244.73,2.2796,2.0796,0.6618,61.31,461,2.3541,2.2022,-2.59,0.0152
244.92,2.2828,2.0873,0.6618,59.21,462,2.3622,2.2078,-2.59,0.0153
245.11,2.2862,2.0950,0.6618,57.15,462,2.3692,2.2123,-2.43,0.0153
245.31,2.2903,2.1033,0.6618,54.88,462,2.3770,2.2172,-2.16,0.0156
245.42,2.2929,2.1083,0.6618,53.54,463,2.3832,2.2206,-2.35,0.0156
245.60,2.2970,2.1155,0.6617,51.56,463,2.3907,2.2243,-2.33,0.0156
245.80,2.3017,2.1235,0.6617,49.33,463,2.3990,2.2284,-2.18,0.0159
246.00,2.3068,2.1312,0.6617,47.10,464,2.4090,2.2323,-2.44,0.0158
246.18,2.3116,2.1380,0.6616,45.12,464,2.4168,2.2351,-2.44,0.0159
246.36,2.3166,2.1446,0.6616,43.09,465,2.4264,2.2383,-2.62,0.0162
246.55,2.3218,2.1510,0.6615,41.04,465,2.4345,2.2404,-2.60,0.0159
246.65,2.3248,2.1545,0.6615,39.89,465,2.4389,2.2416,-2.54,0.0159
246.76,2.3285,2.1586,0.6616,38.46,465,2.4442,2.2430,-2.37,0.0160
246.86,2.3317,2.1620,0.6616,37.28,466,2.4504,2.2444,-2.50,0.0161
246.96,2.3350,2.1654,0.6616,36.12,466,2.4550,2.2452,-2.48,0.0159
247.15,2.3410,2.1711,0.6616,34.06,466,2.4632,2.2466,-2.36,0.0157
247.28,2.3459,2.1754,0.6617,32.44,466,2.4696,2.2476,-2.18,0.0158
247.46,2.3523,2.1809,0.6617,30.38,467,2.4794,2.2486,-2.30,0.0158
247.59,2.3567,2.1843,0.6617,29.04,467,2.4850,2.2490,-2.28,0.0157
247.70,2.3611,2.1877,0.6616,27.72,467,2.4905,2.2494,-2.22,0.0158
247.87,2.3671,2.1919,0.6616,25.93,468,2.4993,2.2499,-2.28,0.0160
248.00,2.3725,2.1956,0.6616,24.38,468,2.5058,2.2495,-2.37,0.0158
248.18,2.3795,2.2000,0.6615,22.38,468,2.5141,2.2490,-2.37,0.0159
248.36,2.3867,2.2042,0.6616,20.35,468,2.5224,2.2485,-2.26,0.0162
248.58,2.3957,2.2090,0.6615,17.86,469,2.5343,2.2469,-2.56,0.0159
248.70,2.4007,2.2114,0.6614,16.51,469,2.5397,2.2460,-2.51,0.0160
248.82,2.4057,2.2137,0.6614,15.16,469,2.5451,2.2452,-2.41,0.0161
248.95,2.4107,2.2158,0.6614,13.77,470,2.5522,2.2438,-2.61,0.0160
249.06,2.4158,2.2179,0.6615,12.39,470,2.5576,2.2425,-2.57,0.0158
249.22,2.4227,2.2204,0.6614,10.56,470,2.5648,2.2407,-2.44,0.0157
249.40,2.4306,2.2231,0.6615,8.46,471,2.5742,2.2383,-2.41,0.0158
249.58,2.4386,2.2254,0.6616,6.41,471,2.5821,2.2356,-2.35,0.0156
249.77,2.4467,2.2274,0.6616,4.36,471,2.5900,2.2329,-2.17,0.0157
249.88,2.4522,2.2286,0.6616,3.01,471,2.5953,2.2310,-2.02,0.0159
250.00,2.4568,2.2295,0.6616,1.89,472,2.6008,2.2284,-2.30,0.0158
250.13,2.4623,2.2304,0.6615,0.57,472,2.6058,2.2260,-2.34,0.0158
250.25,2.4677,2.2312,0.6615,-0.74,472,2.6108,2.2235,-2.36,0.0158
250.37,2.4732,2.2320,0.6616,-2.09,472,2.6157,2.2211,-2.29,0.0160
250.56,2.4825,2.2329,0.6616,-4.33,473,2.6251,2.2156,-2.56,0.0159
250.75,2.4907,2.2334,0.6615,-6.35,473,2.6322,2.2113,-2.52,0.0160
250.85,2.4953,2.2335,0.6614,-7.48,473,2.6361,2.2089,-2.44,0.0161
250.99,2.5017,2.2336,0.6615,-9.11,474,2.6430,2.2042,-2.64,0.0161
251.11,2.5073,2.2335,0.6615,-10.49,474,2.6475,2.2009,-2.60,0.0159
251.22,2.5128,2.2332,0.6615,-11.87,474,2.6519,2.1976,-2.51,0.0158
251.40,2.5211,2.2326,0.6616,-13.99,474,2.6585,2.1926,-2.24,0.0159
251.58,2.5285,2.2318,0.6617,-15.84,475,2.6652,2.1868,-2.40,0.0157
251.68,2.5340,2.2310,0.6616,-17.19,475,2.6694,2.1830,-2.33,0.0157
251.81,2.5394,2.2302,0.6616,-18.53,475,2.6735,2.1794,-2.23,0.0157
251.92,2.5448,2.2292,0.6616,-19.88,475,2.6776,2.1757,-2.07,0.0159
252.04,2.5494,2.2282,0.6616,-21.00,476,2.6817,2.1712,-2.34,0.0158
252.22,2.5575,2.2263,0.6616,-22.97,476,2.6872,2.1649,-2.37,0.0157
252.41,2.5663,2.2239,0.6615,-25.17,476,2.6932,2.1580,-2.28,0.0159
252.60,2.5743,2.2214,0.6616,-27.19,477,2.6991,2.1502,-2.53,0.0159
252.80,2.5830,2.2183,0.6615,-29.42,477,2.7044,2.1427,-2.50,0.0160
252.92,2.5881,2.2164,0.6615,-30.80,477,2.7076,2.1382,-2.38,0.0162
253.03,2.5932,2.2142,0.6615,-32.18,478,2.7116,2.1318,-2.66,0.0161
253.24,2.6024,2.2100,0.6615,-34.70,478,2.7167,2.1230,-2.55,0.0159
253.42,2.6097,2.2063,0.6615,-36.81,478,2.7208,2.1160,-2.30,0.0159
253.62,2.6179,2.2017,0.6616,-39.15,479,2.7255,2.1062,-2.41,0.0157
253.75,2.6226,2.1988,0.6616,-40.50,479,2.7279,2.1012,-2.35,0.0156
253.86,2.6265,2.1964,0.6616,-41.62,479,2.7298,2.0970,-2.25,0.0157
254.01,2.6318,2.1928,0.6616,-43.20,480,2.7330,2.0898,-2.33,0.0158
254.19,2.6387,2.1879,0.6616,-45.21,480,2.7357,2.0819,-2.35,0.0156
254.40,2.6467,2.1817,0.6616,-47.68,480,2.7389,2.0722,-2.21,0.0158
254.54,2.6517,2.1775,0.6616,-49.25,481,2.7411,2.0645,-2.40,0.0159
254.66,2.6559,2.1738,0.6615,-50.58,481,2.7423,2.0591,-2.44,0.0159
254.85,2.6620,2.1682,0.6615,-52.57,481,2.7441,2.0510,-2.42,0.0160
254.99,2.6666,2.1637,0.6615,-54.17,481,2.7454,2.0447,-2.29,0.0163
255.11,2.6704,2.1597,0.6615,-55.54,482,2.7465,2.0373,-2.61,0.0160
255.24,2.6742,2.1556,0.6615,-56.90,482,2.7471,2.0318,-2.58,0.0159
255.43,2.6802,2.1487,0.6615,-59.21,482,2.7483,2.0228,-2.37,0.0160
255.62,2.6859,2.1414,0.6616,-61.56,483,2.7491,2.0118,-2.45,0.0158
255.81,2.6908,2.1346,0.6616,-63.63,483,2.7495,2.0035,-2.26,0.0157
256.00,2.6960,2.1270,0.6616,-65.91,484,2.7500,1.9928,-2.16,0.0159
256.11,2.6985,2.1230,0.6617,-67.03,484,2.7500,1.9882,-2.06,0.0158
256.25,2.7018,2.1174,0.6616,-68.58,484,2.7500,1.9817,-1.88,0.0157
256.37,2.7046,2.1126,0.6616,-69.91,484,2.7500,1.9761,-1.68,0.0158
256.48,2.7072,2.1077,0.6616,-71.22,484,2.7500,1.9705,-1.46,0.0159
256.59,2.7093,2.1035,0.6616,-72.28,485,2.7500,1.9643,-1.43,0.0158
256.71,2.7118,2.0985,0.6616,-73.53,485,2.7500,1.9588,-1.18,0.0157
256.94,2.7164,2.0884,0.6616,-75.94,485,2.7500,1.9477,-0.63,0.0158
257.06,2.7186,2.0833,0.6617,-77.09,486,2.7500,1.9404,-0.50,0.0157
257.18,2.7206,2.0781,0.6616,-78.24,486,2.7500,1.9348,-0.18,0.0154
257.30,2.7226,2.0729,0.6616,-79.34,486,2.7500,1.9292,0.13,0.0152
257.41,2.7242,2.0685,0.6617,-80.21,486,2.7500,1.9246,0.38,0.0151
257.59,2.7270,2.0605,0.6619,-81.66,487,2.7500,1.9144,0.61,0.0147
257.69,2.7284,2.0561,0.6619,-82.39,487,2.7500,1.9097,0.77,0.0142
257.87,2.7309,2.0480,0.6619,-83.66,487,2.7500,1.9014,1.07,0.0135
258.09,2.7338,2.0380,0.6621,-85.05,488,2.7500,1.8898,1.29,0.0125
258.21,2.7353,2.0324,0.6621,-85.73,488,2.7500,1.8841,1.40,0.0117
258.38,2.7373,2.0241,0.6621,-86.65,488,2.7500,1.8756,1.54,0.0107
258.49,2.7384,2.0194,0.6622,-87.08,488,2.7500,1.8708,1.56,0.0103
258.65,2.7399,2.0119,0.6623,-87.71,489,2.7500,1.8624,1.57,0.0092
258.84,2.7417,2.0024,0.6624,-88.34,489,2.7500,1.8528,1.52,0.0079
258.95,2.7425,1.9977,0.6623,-88.64,489,2.7500,1.8481,1.50,0.0073
259.14,2.7439,1.9891,0.6624,-89.08,490,2.7500,1.8391,1.43,0.0061
259.32,2.7450,1.9814,0.6624,-89.37,490,2.7500,1.8314,1.29,0.0050
259.52,2.7461,1.9718,0.6625,-89.64,490,2.7500,1.8218,1.13,0.0039
259.69,2.7469,1.9641,0.6626,-89.75,491,2.7500,1.8141,0.95,0.0031
259.87,2.7476,1.9554,0.6626,-89.83,491,2.7500,1.8054,0.74,0.0024
260.05,2.7481,1.9477,0.6626,-89.86,491,2.7500,1.7977,0.58,0.0019
260.24,2.7486,1.9390,0.6625,-89.88,492,2.7500,1.7890,0.41,0.0014
260.42,2.7490,1.9304,0.6625,-89.89,492,2.7500,1.7804,0.26,0.0010
260.60,2.7494,1.9217,0.6624,-89.89,492,2.7500,1.7717,0.13,0.0006
260.79,2.7496,1.9130,0.6624,-89.89,493,2.7500,1.7630,0.03,0.0004
260.97,2.7498,1.9043,0.6623,-89.89,493,2.7500,1.7543,-0.05,0.0002
261.23,2.7500,1.8927,0.6622,-89.88,494,2.7500,1.7427,-0.12,0.0000
261.42,2.7501,1.8831,0.6621,-89.88,494,2.7500,1.7331,-0.16,0.0001
261.60,2.7502,1.8763,0.6620,-89.88,494,2.7500,1.7263,-0.19,0.0002
261.85,2.7502,1.8676,0.6620,-89.88,495,2.7500,1.7176,-0.21,0.0002
262.11,2.7503,1.8589,0.6619,-89.88,495,2.7500,1.7089,-0.22,0.0003
262.29,2.7503,1.8502,0.6619,-89.88,495,2.7500,1.7002,-0.23,0.0003
262.53,2.7503,1.8415,0.6618,-89.88,496,2.7500,1.6915,-0.24,0.0003
262.73,2.7503,1.8319,0.6618,-89.88,496,2.7500,1.6819,-0.25,0.0003
262.92,2.7503,1.8232,0.6617,-89.88,496,2.7500,1.6732,-0.25,0.0003
263.10,2.7503,1.8145,0.6617,-89.88,497,2.7500,1.6645,-0.25,0.0003
263.27,2.7503,1.8067,0.6617,-89.88,497,2.7500,1.6567,-0.25,0.0003
263.47,2.7503,1.8000,0.6616,-89.88,497,2.7500,1.6500,-0.25,0.0003
263.65,2.7503,1.7922,0.6616,-89.88,498,2.7500,1.6422,-0.25,0.0003
263.79,2.7503,1.7855,0.6616,-89.88,498,2.7500,1.6355,-0.26,0.0003
263.95,2.7504,1.7777,0.6616,-89.88,498,2.7500,1.6277,-0.26,0.0004
264.08,2.7504,1.7709,0.6616,-89.88,498,2.7500,1.6209,-0.26,0.0004
264.27,2.7504,1.7632,0.6616,-89.88,499,2.7500,1.6132,-0.26,0.0004
264.46,2.7504,1.7555,0.6616,-89.88,499,2.7500,1.6055,-0.26,0.0004
264.62,2.7504,1.7477,0.6616,-89.88,499,2.7500,1.5977,-0.26,0.0004
264.76,2.7504,1.7410,0.6616,-89.88,500,2.7500,1.5910,-0.26,0.0004
264.93,2.7504,1.7332,0.6616,-89.88,500,2.7500,1.5832,-0.26,0.0004
265.10,2.7504,1.7265,0.6616,-89.88,500,2.7500,1.5765,-0.26,0.0004
265.26,2.7504,1.7187,0.6616,-89.88,501,2.7500,1.5687,-0.26,0.0004
265.44,2.7504,1.7100,0.6616,-89.88,501,2.7500,1.5600,-0.26,0.0004
265.59,2.7504,1.7033,0.6616,-89.88,501,2.7500,1.5533,-0.26,0.0004
265.74,2.7504,1.6955,0.6616,-89.88,501,2.7500,1.5455,-0.26,0.0004
265.91,2.7504,1.6868,0.6615,-89.88,502,2.7500,1.5368,-0.26,0.0004
266.09,2.7504,1.6791,0.6615,-89.88,502,2.7500,1.5291,-0.26,0.0004
266.28,2.7504,1.6704,0.6615,-89.88,502,2.7500,1.5204,-0.26,0.0004
266.46,2.7504,1.6617,0.6615,-89.88,503,2.7500,1.5117,-0.26,0.0004
266.62,2.7504,1.6539,0.6615,-89.88,503,2.7500,1.5039,-0.26,0.0004
266.78,2.7504,1.6472,0.6615,-89.88,503,2.7500,1.4972,-0.26,0.0004
266.96,2.7504,1.6404,0.6615,-89.88,504,2.7500,1.4904,-0.26,0.0004
267.15,2.7504,1.6317,0.6615,-89.88,504,2.7500,1.4817,-0.26,0.0004
267.34,2.7504,1.6230,0.6615,-89.88,504,2.7500,1.4730,-0.26,0.0004
267.51,2.7504,1.6153,0.6615,-89.88,505,2.7500,1.4653,-0.26,0.0004
267.68,2.7504,1.6066,0.6615,-89.88,505,2.7500,1.4566,-0.26,0.0004
267.83,2.7504,1.5998,0.6615,-89.88,505,2.7500,1.4498,-0.26,0.0004
268.02,2.7504,1.5911,0.6615,-89.88,506,2.7500,1.4411,-0.26,0.0004
268.20,2.7504,1.5824,0.6615,-89.88,506,2.7500,1.4324,-0.26,0.0004
268.35,2.7504,1.5756,0.6615,-89.88,506,2.7500,1.4256,-0.26,0.0004
268.51,2.7504,1.5679,0.6615,-89.88,507,2.7500,1.4179,-0.26,0.0004
268.69,2.7504,1.5592,0.6615,-89.88,507,2.7500,1.4092,-0.26,0.0004
268.87,2.7504,1.5524,0.6615,-89.88,507,2.7500,1.4024,-0.26,0.0004
269.08,2.7504,1.5437,0.6615,-89.88,508,2.7500,1.3937,-0.26,0.0004
269.26,2.7504,1.5350,0.6615,-89.88,508,2.7500,1.3850,-0.26,0.0004
269.45,2.7504,1.5263,0.6615,-89.88,508,2.7500,1.3763,-0.26,0.0004
269.60,2.7504,1.5195,0.6615,-89.88,508,2.7500,1.3695,-0.26,0.0004
269.76,2.7504,1.5118,0.6615,-89.88,509,2.7500,1.3618,-0.26,0.0004
269.92,2.7504,1.5040,0.6615,-89.88,509,2.7500,1.3540,-0.26,0.0004
270.10,2.7504,1.4953,0.6615,-89.88,509,2.7500,1.3453,-0.26,0.0004
270.29,2.7504,1.4866,0.6615,-89.88,510,2.7500,1.3366,-0.26,0.0004
270.46,2.7504,1.4789,0.6615,-89.88,510,2.7500,1.3289,-0.26,0.0004
270.64,2.7504,1.4712,0.6615,-89.88,510,2.7500,1.3212,-0.26,0.0004
270.79,2.7504,1.4644,0.6615,-89.88,511,2.7500,1.3144,-0.26,0.0004
271.03,2.7504,1.4547,0.6615,-89.88,511,2.7500,1.3047,-0.26,0.0004
271.17,2.7504,1.4480,0.6615,-89.88,511,2.7500,1.2980,-0.26,0.0004
271.28,2.7504,1.4422,0.6615,-89.88,512,2.7500,1.2922,-0.26,0.0004
271.41,2.7504,1.4364,0.6615,-89.88,512,2.7500,1.2864,-0.26,0.0004
271.54,2.7504,1.4296,0.6615,-89.88,512,2.7500,1.2796,-0.26,0.0004
271.65,2.7504,1.4247,0.6615,-89.88,512,2.7500,1.2747,-0.26,0.0004
271.78,2.7504,1.4180,0.6615,-89.88,513,2.7500,1.2680,-0.26,0.0004
271.94,2.7504,1.4112,0.6615,-89.88,513,2.7500,1.2612,-0.26,0.0004
272.08,2.7504,1.4044,0.6615,-89.88,513,2.7500,1.2544,-0.26,0.0004
272.22,2.7504,1.3977,0.6615,-89.88,513,2.7500,1.2477,-0.26,0.0004
272.35,2.7504,1.3909,0.6615,-89.88,514,2.7500,1.2409,-0.26,0.0004
272.47,2.7504,1.3851,0.6615,-89.88,514,2.7500,1.2351,-0.26,0.0004
272.60,2.7504,1.3783,0.6615,-89.88,514,2.7500,1.2283,-0.26,0.0004
272.76,2.7504,1.3716,0.6615,-89.88,514,2.7500,1.2216,-0.26,0.0004
272.89,2.7504,1.3648,0.6615,-89.88,515,2.7500,1.2148,-0.26,0.0004
273.01,2.7504,1.3590,0.6615,-89.88,515,2.7500,1.2090,-0.26,0.0004
273.16,2.7504,1.3522,0.6615,-89.88,515,2.7500,1.2022,-0.26,0.0004
273.34,2.7504,1.3445,0.6615,-89.88,515,2.7500,1.1945,-0.26,0.0004
273.54,2.7504,1.3358,0.6615,-89.88,516,2.7500,1.1858,-0.26,0.0004
273.73,2.7504,1.3271,0.6615,-89.88,516,2.7500,1.1771,-0.26,0.0004
273.92,2.7504,1.3184,0.6615,-89.88,517,2.7500,1.1684,-0.26,0.0004
274.06,2.7504,1.3116,0.6615,-89.88,517,2.7500,1.1616,-0.26,0.0004
274.19,2.7504,1.3058,0.6615,-89.88,517,2.7500,1.1558,-0.26,0.0004
274.30,2.7504,1.3000,0.6615,-89.88,517,2.7500,1.1500,-0.26,0.0004
274.43,2.7504,1.2942,0.6615,-89.88,517,2.7500,1.1442,-0.26,0.0004
274.56,2.7504,1.2874,0.6615,-89.88,518,2.7500,1.1374,-0.26,0.0004
274.71,2.7504,1.2807,0.6615,-89.88,518,2.7500,1.1307,-0.26,0.0004
274.85,2.7504,1.2739,0.6615,-89.88,518,2.7500,1.1239,-0.26,0.0004
274.99,2.7504,1.2671,0.6615,-89.88,519,2.7500,1.1171,-0.26,0.0004
275.12,2.7504,1.2613,0.6615,-89.88,519,2.7500,1.1113,-0.26,0.0004
275.25,2.7504,1.2545,0.6615,-89.88,519,2.7500,1.1045,-0.26,0.0004
275.39,2.7504,1.2478,0.6615,-89.88,519,2.7500,1.0978,-0.26,0.0004
275.52,2.7504,1.2420,0.6615,-89.88,520,2.7500,1.0920,-0.26,0.0004
275.65,2.7504,1.2352,0.6615,-89.88,520,2.7500,1.0852,-0.26,0.0004
275.80,2.7504,1.2294,0.6615,-89.88,520,2.7500,1.0794,-0.26,0.0004
275.98,2.7504,1.2217,0.6615,-89.88,520,2.7500,1.0717,-0.26,0.0004
276.13,2.7504,1.2139,0.6615,-89.88,521,2.7500,1.0639,-0.26,0.0004
276.26,2.7504,1.2072,0.6615,-89.88,521,2.7500,1.0572,-0.26,0.0004
276.39,2.7504,1.2014,0.6615,-89.88,521,2.7500,1.0514,-0.26,0.0004
276.59,2.7504,1.1917,0.6615,-89.88,522,2.7500,1.0417,-0.26,0.0004
276.75,2.7504,1.1839,0.6615,-89.88,522,2.7500,1.0339,-0.26,0.0004
276.95,2.7504,1.1752,0.6615,-89.88,522,2.7500,1.0252,-0.26,0.0004
277.13,2.7504,1.1656,0.6615,-89.88,523,2.7500,1.0156,-0.26,0.0004
277.29,2.7504,1.1588,0.6615,-89.88,523,2.7500,1.0088,-0.26,0.0004
277.43,2.7504,1.1520,0.6615,-89.88,523,2.7500,1.0020,-0.26,0.0004
277.56,2.7504,1.1453,0.6615,-89.88,523,2.7500,0.9953,-0.26,0.0004
277.70,2.7504,1.1385,0.6615,-89.88,524,2.7500,0.9885,-0.26,0.0004
277.86,2.7504,1.1308,0.6615,-89.88,524,2.7500,0.9808,-0.26,0.0004
278.00,2.7504,1.1250,0.6615,-89.88,524,2.7500,0.9750,-0.26,0.0004
278.17,2.7504,1.1163,0.6615,-89.88,525,2.7500,0.9663,-0.26,0.0004
278.32,2.7504,1.1095,0.6615,-89.88,525,2.7500,0.9595,-0.26,0.0004
278.47,2.7504,1.1017,0.6615,-89.88,525,2.7500,0.9517,-0.26,0.0004
278.62,2.7504,1.0950,0.6615,-89.88,525,2.7500,0.9450,-0.26,0.0004
278.77,2.7504,1.0882,0.6615,-89.88,526,2.7500,0.9382,-0.26,0.0004
278.94,2.7504,1.0795,0.6615,-89.88,526,2.7500,0.9295,-0.26,0.0004
279.12,2.7504,1.0718,0.6615,-89.88,526,2.7500,0.9218,-0.26,0.0004
279.31,2.7504,1.0640,0.6615,-89.88,527,2.7500,0.9140,-0.26,0.0004
279.49,2.7504,1.0573,0.6615,-89.88,527,2.7500,0.9073,-0.26,0.0004
279.66,2.7504,1.0486,0.6615,-89.88,527,2.7500,0.8986,-0.26,0.0004
279.88,2.7504,1.0399,0.6615,-89.88,528,2.7500,0.8899,-0.26,0.0004
280.01,2.7504,1.0341,0.6615,-89.88,528,2.7500,0.8841,-0.26,0.0004
280.15,2.7504,1.0273,0.6615,-89.88,528,2.7500,0.8773,-0.26,0.0004
280.31,2.7504,1.0195,0.6615,-89.88,528,2.7500,0.8695,-0.26,0.0004
280.50,2.7504,1.0118,0.6615,-89.88,529,2.7500,0.8618,-0.26,0.0004
280.67,2.7504,1.0041,0.6615,-89.88,529,2.7500,0.8541,-0.26,0.0004
280.82,2.7504,0.9973,0.6615,-89.88,529,2.7500,0.8473,-0.26,0.0004
281.00,2.7504,0.9896,0.6615,-89.88,530,2.7500,0.8396,-0.26,0.0004
281.14,2.7504,0.9838,0.6615,-89.88,530,2.7500,0.8338,-0.26,0.0004
281.29,2.7504,0.9760,0.6615,-89.88,530,2.7500,0.8260,-0.26,0.0004
281.46,2.7504,0.9683,0.6615,-89.88,531,2.7500,0.8183,-0.26,0.0004
281.62,2.7504,0.9606,0.6615,-89.88,531,2.7500,0.8106,-0.26,0.0004
281.74,2.7504,0.9557,0.6615,-89.88,531,2.7500,0.8057,-0.26,0.0004
281.86,2.7504,0.9499,0.6615,-89.88,531,2.7500,0.7999,-0.26,0.0004
282.02,2.7504,0.9422,0.6615,-89.88,532,2.7500,0.7922,-0.26,0.0004
282.15,2.7504,0.9364,0.6615,-89.88,532,2.7500,0.7864,-0.26,0.0004
282.28,2.7504,0.9296,0.6615,-89.88,532,2.7500,0.7796,-0.26,0.0004
282.44,2.7504,0.9219,0.6615,-89.88,532,2.7500,0.7719,-0.26,0.0004
282.56,2.7504,0.9161,0.6615,-89.88,533,2.7500,0.7661,-0.26,0.0004
282.69,2.7504,0.9103,0.6615,-89.88,533,2.7500,0.7603,-0.26,0.0004
282.84,2.7504,0.9035,0.6615,-89.88,533,2.7500,0.7535,-0.26,0.0004
283.00,2.7504,0.8958,0.6615,-89.88,533,2.7500,0.7458,-0.26,0.0004
283.22,2.7504,0.8851,0.6615,-89.88,534,2.7500,0.7351,-0.26,0.0004
283.34,2.7504,0.8793,0.6615,-89.88,534,2.7500,0.7293,-0.26,0.0004
283.47,2.7504,0.8735,0.6615,-89.88,534,2.7500,0.7235,-0.26,0.0004
283.62,2.7504,0.8668,0.6615,-89.88,535,2.7500,0.7168,-0.26,0.0004
283.73,2.7504,0.8609,0.6615,-89.88,535,2.7500,0.7109,-0.26,0.0004
283.84,2.7504,0.8551,0.6615,-89.88,535,2.7500,0.7051,-0.26,0.0004
283.96,2.7504,0.8503,0.6615,-89.88,535,2.7500,0.7003,-0.26,0.0004
284.07,2.7504,0.8445,0.6615,-89.88,535,2.7500,0.6945,-0.26,0.0004
284.18,2.7504,0.8397,0.6615,-89.88,536,2.7500,0.6897,-0.26,0.0004
284.29,2.7504,0.8339,0.6615,-89.88,536,2.7500,0.6839,-0.26,0.0004
284.40,2.7504,0.8281,0.6615,-89.88,536,2.7500,0.6781,-0.26,0.0004
284.61,2.7504,0.8184,0.6615,-89.88,537,2.7500,0.6684,-0.26,0.0004
284.78,2.7504,0.8107,0.6615,-89.88,537,2.7500,0.6607,-0.26,0.0004
285.00,2.7504,0.8000,0.6615,-89.88,537,2.7500,0.6500,-0.26,0.0004
285.18,2.7504,0.7904,0.6615,-89.88,538,2.7500,0.6404,-0.26,0.0004
285.36,2.7504,0.7816,0.6615,-89.88,538,2.7500,0.6316,-0.26,0.0004
285.55,2.7504,0.7729,0.6615,-89.88,538,2.7500,0.6229,-0.26,0.0004
285.73,2.7504,0.7642,0.6615,-89.88,539,2.7500,0.6142,-0.26,0.0004
285.83,2.7504,0.7594,0.6615,-89.88,539,2.7500,0.6094,-0.26,0.0004
285.96,2.7504,0.7536,0.6615,-89.88,539,2.7500,0.6036,-0.26,0.0004
286.07,2.7504,0.7478,0.6615,-89.88,539,2.7500,0.5978,-0.26,0.0004
286.18,2.7504,0.7430,0.6615,-89.88,540,2.7500,0.5930,-0.26,0.0004
286.29,2.7504,0.7372,0.6615,-89.88,540,2.7500,0.5872,-0.26,0.0004
286.40,2.7504,0.7323,0.6615,-89.88,540,2.7500,0.5823,-0.26,0.0004
286.60,2.7504,0.7217,0.6615,-89.88,540,2.7500,0.5717,-0.26,0.0004
286.76,2.7504,0.7140,0.6615,-89.88,541,2.7500,0.5640,-0.26,0.0004
286.87,2.7504,0.7091,0.6615,-89.88,541,2.7500,0.5591,-0.26,0.0004
286.97,2.7504,0.7043,0.6615,-89.88,541,2.7500,0.5543,-0.26,0.0004
287.15,2.7504,0.6956,0.6615,-89.88,541,2.7500,0.5456,-0.26,0.0004
287.27,2.7504,0.6898,0.6615,-89.88,542,2.7500,0.5398,-0.26,0.0004
287.39,2.7504,0.6840,0.6615,-89.88,542,2.7500,0.5340,-0.26,0.0004
287.56,2.7504,0.6762,0.6615,-89.88,542,2.7500,0.5262,-0.26,0.0004
287.73,2.7504,0.6675,0.6615,-89.88,543,2.7500,0.5175,-0.26,0.0004
287.85,2.7504,0.6617,0.6615,-89.88,543,2.7500,0.5117,-0.26,0.0004
287.96,2.7504,0.6569,0.6615,-89.88,543,2.7500,0.5069,-0.26,0.0004
288.07,2.7504,0.6511,0.6615,-89.88,543,2.7500,0.5011,-0.26,0.0004
288.18,2.7504,0.6463,0.6615,-89.88,543,2.7500,0.4963,-0.26,0.0004
288.30,2.7504,0.6405,0.6615,-89.88,544,2.7500,0.4905,-0.26,0.0004
288.41,2.7504,0.6347,0.6615,-89.88,544,2.7500,0.4847,-0.26,0.0004
288.52,2.7504,0.6298,0.6615,-89.88,544,2.7500,0.4798,-0.26,0.0004
288.62,2.7504,0.6250,0.6615,-89.88,544,2.7500,0.4750,-0.26,0.0004
288.79,2.7504,0.6163,0.6615,-89.88,545,2.7500,0.4663,-0.26,0.0004
288.89,2.7504,0.6114,0.6615,-89.88,545,2.7500,0.4614,-0.26,0.0004
289.01,2.7504,0.6056,0.6615,-89.88,545,2.7500,0.4556,-0.26,0.0004
289.12,2.7504,0.6008,0.6615,-89.88,545,2.7500,0.4508,-0.26,0.0004
289.29,2.7504,0.5921,0.6615,-89.88,546,2.7500,0.4421,-0.26,0.0004
289.47,2.7504,0.5834,0.6615,-89.88,546,2.7500,0.4334,-0.26,0.0004
289.59,2.7504,0.5776,0.6615,-89.88,546,2.7500,0.4276,-0.26,0.0004
289.70,2.7504,0.5728,0.6615,-89.88,546,2.7500,0.4228,-0.26,0.0004
289.90,2.7504,0.5631,0.6615,-89.88,547,2.7500,0.4131,-0.26,0.0004
290.02,2.7504,0.5573,0.6615,-89.88,547,2.7500,0.4073,-0.26,0.0004
290.21,2.7504,0.5476,0.6615,-89.88,547,2.7500,0.3976,-0.26,0.0004
290.40,2.7504,0.5389,0.6615,-89.88,548,2.7500,0.3889,-0.26,0.0004
290.60,2.7504,0.5292,0.6615,-89.88,548,2.7500,0.3792,-0.26,0.0004
290.71,2.7504,0.5234,0.6615,-89.88,548,2.7500,0.3734,-0.26,0.0004
290.84,2.7504,0.5176,0.6615,-89.88,549,2.7500,0.3676,-0.26,0.0004
291.04,2.7504,0.5080,0.6615,-89.88,549,2.7500,0.3580,-0.26,0.0004
291.22,2.7504,0.4993,0.6615,-89.88,549,2.7500,0.3493,-0.26,0.0004
291.33,2.7504,0.4935,0.6615,-89.88,550,2.7500,0.3435,-0.26,0.0004
291.46,2.7504,0.4877,0.6615,-89.88,550,2.7500,0.3377,-0.26,0.0004
291.58,2.7504,0.4819,0.6615,-89.88,550,2.7500,0.3319,-0.26,0.0004
291.68,2.7504,0.4770,0.6615,-89.88,550,2.7500,0.3270,-0.26,0.0004
291.80,2.7504,0.4712,0.6615,-89.88,550,2.7500,0.3212,-0.26,0.0004
291.92,2.7504,0.4654,0.6615,-89.88,551,2.7500,0.3154,-0.26,0.0004
292.03,2.7504,0.4596,0.6615,-89.88,551,2.7500,0.3096,-0.26,0.0004
292.16,2.7504,0.4538,0.6615,-89.88,551,2.7500,0.3038,-0.26,0.0004
292.27,2.7504,0.4490,0.6615,-89.88,551,2.7500,0.2990,-0.26,0.0004
292.38,2.7504,0.4432,0.6615,-89.88,552,2.7500,0.2932,-0.26,0.0004
292.55,2.7504,0.4345,0.6615,-89.88,552,2.7500,0.2845,-0.26,0.0004
292.67,2.7504,0.4287,0.6615,-89.88,552,2.7500,0.2787,-0.26,0.0004
292.86,2.7504,0.4200,0.6615,-89.88,552,2.7500,0.2700,-0.26,0.0004
292.97,2.7504,0.4151,0.6615,-89.88,553,2.7500,0.2651,-0.26,0.0004
293.09,2.7504,0.4093,0.6615,-89.88,553,2.7500,0.2593,-0.26,0.0004
293.26,2.7504,0.4006,0.6615,-89.88,553,2.7500,0.2506,-0.26,0.0004
293.44,2.7504,0.3919,0.6615,-89.88,554,2.7500,0.2500,-0.26,0.0004
293.62,2.7504,0.3832,0.6615,-89.88,554,2.7500,0.2500,-0.27,0.0004
293.81,2.7504,0.3745,0.6615,-89.88,554,2.7500,0.2500,-0.28,0.0004
293.93,2.7504,0.3677,0.6615,-89.88,555,2.7500,0.2500,-0.29,0.0004
294.06,2.7504,0.3619,0.6615,-89.88,555,2.7500,0.2500,-0.30,0.0004
294.18,2.7504,0.3561,0.6615,-89.88,555,2.7500,0.2500,-0.31,0.0004
294.29,2.7504,0.3513,0.6615,-89.88,555,2.7500,0.2500,-0.32,0.0004
294.49,2.7504,0.3407,0.6615,-89.88,556,2.7500,0.2500,-0.35,0.0004
