t,x,y,z,yaw_deg,path_idx,target_x,target_y,eta_deg,cross_track_err,signed_error
8.654594421386719e-05,0.2389194220304489,0.2554720342159271,0.5501313805580139,0.05859345570206642,0,0.4,0.25,-0.058593455702068635,0.005472034215927124,0.005472034215927124
0.0501856803894043,0.24063332378864288,0.25693297386169434,0.5501317381858826,-0.053899649530649185,0,0.4,0.25,0.0538996495306576,0.006932973861694336,0.006932973861694336
0.10011506080627441,0.24281629920005798,0.2585574984550476,0.5497504472732544,-0.10448648035526276,0,0.4,0.25,0.10448648035525177,0.008557498455047607,0.008557498455047607
0.1501626968383789,0.2454933375120163,0.25999680161476135,0.5493385791778564,-0.12542010843753815,0,0.4,0.25,0.12542010843755044,0.009996801614761353,0.009996801614761353
0.20026350021362305,0.2500148415565491,0.26154133677482605,0.5487889051437378,-0.19990551471710205,0,0.4000148415565491,0.25,0.19990551471709636,0.01154133677482605,0.01154133677482605
0.25475382804870605,0.255340039730072,0.2625601887702942,0.5485392212867737,-0.22821520268917084,0,0.40534003973007204,0.25,0.22821520268916876,0.01256018877029419,0.01256018877029419
0.30491065979003906,0.2633541226387024,0.2640206515789032,0.5482162237167358,-0.22456121444702148,0,0.41335412263870236,0.25,0.22456121444702237,0.014020651578903198,0.014020651578903198
0.35480284690856934,0.2728034555912018,0.2650751769542694,0.5479133129119873,-0.30543023347854614,0,0.42280345559120175,0.25,0.30543023347854165,0.01507517695426941,0.01507517695426941
0.404829740524292,0.28387200832366943,0.2662968635559082,0.5478707551956177,-0.3960588872432709,1,0.43387200832366946,0.25,0.3960588872432706,0.016296863555908203,0.016296863555908203
0.46309971809387207,0.2957346737384796,0.26710888743400574,0.547802746295929,-0.4413319528102875,1,0.44573467373847964,0.25,0.4413319528102861,0.017108887434005737,0.017108887434005737
0.5132501125335693,0.30828744173049927,0.26785704493522644,0.5476440191268921,-0.4404156506061554,2,0.4582874417304993,0.25,0.4404156506061594,0.01785704493522644,0.01785704493522644
0.5632078647613525,0.3212364614009857,0.2692379951477051,0.547426164150238,-0.4044601023197174,2,0.4712364614009857,0.25,0.40446010231971874,0.019237995147705078,0.019237995147705078
0.613170862197876,0.33411166071891785,0.26987162232398987,0.5472025871276855,-0.4035364091396332,3,0.48411166071891787,0.25,0.4035364091396208,0.019871622323989868,0.019871622323989868
0.6690154075622559,0.3481886684894562,0.2712875008583069,0.5467137098312378,-0.4501705467700959,3,0.4981886684894562,0.25,0.4501705467701048,0.021287500858306885,0.021287500858306885
0.7190532684326172,0.3617144823074341,0.2721719443798065,0.5463430881500244,-0.466092199087143,4,0.5117144823074341,0.25,0.4660921990871398,0.02217194437980652,0.02217194437980652
0.769106388092041,0.3736895024776459,0.27368780970573425,0.5461229681968689,-0.5284278988838196,4,0.5236895024776458,0.25,0.5284278988838162,0.023687809705734253,0.023687809705734253
0.8190679550170898,0.3851816654205322,0.27440860867500305,0.5460183024406433,-0.5537083148956299,5,0.5351816654205322,0.25,0.5537083148956219,0.024408608675003052,0.024408608675003052
0.8758020401000977,0.39493677020072937,0.27576950192451477,0.5457969307899475,-0.5853572487831116,5,0.5449367702007294,0.25,0.5853572487831156,0.02576950192451477,0.02576950192451477
0.9258685111999512,0.40463027358055115,0.2766868472099304,0.5457392334938049,-0.7033390998840333,6,0.5546302735805512,0.25,0.7033390998840262,0.02668684720993042,0.02668684720993042
0.9758410453796387,0.41492974758148193,0.27768611907958984,0.5455610156059265,-0.7396883964538574,6,0.564929747581482,0.25,0.7396883964538691,0.027686119079589844,0.027686119079589844
1.0258476734161377,0.42535024881362915,0.2781067490577698,0.5453182458877563,-0.7032871842384338,7,0.5753502488136292,0.25,0.7032871842384409,0.028106749057769775,0.028106749057769775
1.0813038349151611,0.4356546103954315,0.27835988998413086,0.5451000928878784,-0.6907654404640198,7,0.5856546103954315,0.25,0.6907654404640308,0.02835988998413086,0.02835988998413086
1.1313846111297607,0.4462984502315521,0.27860161662101746,0.5446524620056152,-0.6313623785972595,7,0.5962984502315521,0.25,0.631362378597253,0.028601616621017456,0.028601616621017456
1.181398868560791,0.4569043815135956,0.27845683693885803,0.5443035364151001,-0.5507080554962158,8,0.6069043815135956,0.25,0.5507080554962182,0.028456836938858032,0.028456836938858032
1.2313592433929443,0.467924028635025,0.27822810411453247,0.5439241528511047,-0.45728540420532227,8,0.6179240286350249,0.25,0.45728540420532005,0.02822810411453247,0.02822810411453247
1.2864367961883545,0.4791414439678192,0.27745112776756287,0.5435003638267517,-0.2943997085094452,9,0.6291414439678191,0.25,0.2943997085094416,0.027451127767562866,0.027451127767562866
1.3364858627319336,0.4920769929885864,0.27674418687820435,0.5430650115013123,-0.13749492168426514,9,0.6420769929885864,0.25,0.13749492168427047,0.026744186878204346,0.026744186878204346
1.3866856098175049,0.5046355128288269,0.27568256855010986,0.5429258346557617,-0.021517358720302585,10,0.6546355128288269,0.25,0.021517358720302172,0.025682568550109863,0.025682568550109863
1.4365322589874268,0.5180200934410095,0.2752045691013336,0.542723536491394,0.03480329364538193,10,0.6680200934410095,0.25,-0.034803293645380186,0.025204569101333618,0.025204569101333618
1.4917840957641602,0.5302238464355469,0.2742793560028076,0.5427829027175903,0.06311842799186707,11,0.6802238464355469,0.25,-0.06311842799185935,0.024279356002807617,0.024279356002807617
1.5418102741241455,0.5405439734458923,0.2741855978965759,0.5427711009979248,0.05562027916312218,11,0.6905439734458924,0.25,-0.055620279163116564,0.024185597896575928,0.024185597896575928
1.5918848514556885,0.5555626153945923,0.2731954753398895,0.5426297187805176,0.047005921602249146,12,0.7055626153945922,0.25,-0.047005921602243476,0.023195475339889526,0.023195475339889526
1.641861915588379,0.570212185382843,0.2725687325000763,0.5424644351005554,0.06450629979372025,12,0.720212185382843,0.25,-0.0645062997937174,0.022568732500076294,0.022568732500076294
1.696763515472412,0.592179000377655,0.2717626988887787,0.5422028303146362,0.02068159729242325,13,0.742179000377655,0.25,-0.020681597292413395,0.021762698888778687,0.021762698888778687
1.7469322681427002,0.6062148809432983,0.2715354263782501,0.5421151518821716,0.09243807941675186,14,0.7562148809432984,0.25,-0.09243807941676188,0.021535426378250122,0.021535426378250122
1.7969210147857666,0.6189307570457458,0.27092885971069336,0.5419893264770508,0.10170872509479523,14,0.768930757045746,0.25,-0.10170872509479484,0.02092885971069336,0.02092885971069336
1.8469383716583252,0.6311419606208801,0.27060920000076294,0.5416773557662964,0.16171596944332123,15,0.7811419606208801,0.25,-0.16171596944332395,0.02060920000076294,0.02060920000076294
1.9038593769073486,0.6440094113349915,0.2701317369937897,0.5412428975105286,0.19992810487747195,15,0.7940094113349915,0.25,-0.19992810487747573,0.020131736993789673,0.020131736993789673
1.953922986984253,0.6562587022781372,0.2698139548301697,0.5409363508224487,0.1889248937368393,16,0.8062587022781372,0.25,-0.1889248937368407,0.019813954830169678,0.019813954830169678
2.003908634185791,0.6685476899147034,0.2699597179889679,0.5406895279884338,0.14601753652095795,16,0.8185476899147034,0.25,-0.14601753652096752,0.019959717988967896,0.019959717988967896
2.054224729537964,0.6809430718421936,0.2696376442909241,0.5404602885246277,0.15874458849430084,17,0.8309430718421936,0.25,-0.1587445884943033,0.019637644290924072,0.019637644290924072
2.1101622581481934,0.6921543478965759,0.27000367641448975,0.540347158908844,0.10792668163776398,17,0.842154347896576,0.25,-0.10792668163776334,0.020003676414489746,0.020003676414489746
2.160229444503784,0.7057786583900452,0.2700011730194092,0.5399807095527649,0.04375835880637169,18,0.8557786583900451,0.25,-0.043758358806360274,0.02000117301940918,0.02000117301940918
2.210303783416748,0.7188231348991394,0.2700028717517853,0.5396877527236938,0.034364987164735794,18,0.8688231348991394,0.25,-0.03436498716473767,0.02000287175178528,0.02000287175178528
2.2602643966674805,0.7316250801086426,0.269858181476593,0.5394021272659302,-0.040421381592750556,19,0.8816250801086426,0.25,0.04042138159275572,0.019858181476593018,0.019858181476593018
2.3139543533325195,0.7444250583648682,0.2697907090187073,0.5390072464942932,-0.09056052565574646,19,0.8944250583648681,0.25,0.09056052565573773,0.019790709018707275,0.019790709018707275
2.364020824432373,0.757257342338562,0.2698349058628082,0.5386343002319336,-0.11379657685756683,20,0.9072573423385619,0.25,0.11379657685757458,0.019834905862808228,0.019834905862808228
2.4141688346862793,0.7699422836303711,0.2695659399032593,0.5381399393081665,-0.13977038860321045,20,0.9199422836303711,0.25,0.1397703886032222,0.019565939903259277,0.019565939903259277
2.4640884399414062,0.7828339338302612,0.27006831765174866,0.5375024080276489,-0.1194353625178337,21,0.9328339338302613,0.25,0.11943536251783912,0.020068317651748657,0.020068317651748657
2.5193521976470947,0.794755220413208,0.26980090141296387,0.5370956659317017,-0.12112123519182207,21,0.944755220413208,0.25,0.12112123519181311,0.019800901412963867,0.019800901412963867
2.5694973468780518,0.8079912662506104,0.27004149556159973,0.5365389585494995,-0.11768992990255354,22,0.9579912662506104,0.25,0.11768992990255282,0.02004149556159973,0.02004149556159973
2.619523286819458,0.8211928606033325,0.26974985003471375,0.535810112953186,-0.22256629168987274,22,0.9711928606033325,0.25,0.22256629168987113,0.019749850034713745,0.019749850034713745
2.66939640045166,0.834345281124115,0.26973578333854675,0.5352131724357605,-0.26312056183815,23,0.9843452811241149,0.25,0.26312056183814514,0.019735783338546753,0.019735783338546753
2.726036310195923,0.847438633441925,0.26952144503593445,0.5345327854156494,-0.30821567773818975,23,0.9974386334419247,0.25,0.308215677738185,0.019521445035934448,0.019521445035934448
2.7761433124542236,0.8605660200119019,0.2692503035068512,0.5339101552963257,-0.424943208694458,24,1.0105660200119015,0.25,0.4249432086944644,0.019250303506851196,0.019250303506851196
2.826098918914795,0.876064658164978,0.2690410614013672,0.5332509279251099,-0.5709183812141418,25,1.0260646581649777,0.25,0.5709183812141408,0.019041061401367188,0.019041061401367188
2.876080274581909,0.8884316682815552,0.2688967287540436,0.5328155755996704,-0.6303871273994446,25,1.0384316682815549,0.25,0.6303871273994485,0.01889672875404358,0.01889672875404358
2.931168794631958,0.9035730957984924,0.26906418800354004,0.5323600172996521,-0.6743834018707275,26,1.0535730957984921,0.25,0.6743834018707293,0.01906418800354004,0.01906418800354004
2.9813268184661865,0.9138291478157043,0.2691136598587036,0.532355010509491,-0.691957950592041,26,1.063829147815704,0.25,0.6919579505920316,0.019113659858703613,0.019113659858703613
3.031325578689575,0.9276764988899231,0.2692823112010956,0.531968355178833,-0.6758115291595459,27,1.0776764988899228,0.25,0.6758115291595532,0.01928231120109558,0.01928231120109558
3.0813488960266113,0.9412064552307129,0.2690252661705017,0.531629741191864,-0.678277313709259,27,1.091206455230713,0.25,0.6782773137092678,0.01902526617050171,0.01902526617050171
3.1368765830993652,0.9553017616271973,0.2689923644065857,0.5313913822174072,-0.6876323223114014,28,1.1053017616271976,0.25,0.6876323223113895,0.018992364406585693,0.018992364406585693
3.1870367527008057,0.9691098928451538,0.2685721218585968,0.5310555696487427,-0.6877824664115906,28,1.1191098928451537,0.25,0.6877824664115925,0.018572121858596802,0.018572121858596802
3.2369847297668457,0.983196496963501,0.2678834795951843,0.5307455062866211,-0.6677491664886475,29,1.1331964969635007,0.25,0.6677491664886427,0.017883479595184326,0.017883479595184326
3.2870211601257324,0.9978122115135193,0.26728761196136475,0.5304549336433411,-0.5850518345832825,29,1.1478122115135192,0.25,0.585051834583286,0.017287611961364746,0.017287611961364746
3.3424065113067627,1.0119889974594116,0.26626119017601013,0.5302138328552246,-0.5078600645065308,30,1.1619889974594115,0.25,0.5078600645065394,0.016261190176010132,0.016261190176010132
3.3924930095672607,1.0237252712249756,0.2654568552970886,0.5299511551856995,-0.3930714428424835,30,1.1737252712249755,0.25,0.393071442842477,0.015456855297088623,0.015456855297088623
3.442549705505371,1.0403858423233032,0.2643662393093109,0.5294202566146851,-0.32854762673377996,31,1.1903858423233038,0.25,0.32854762673378074,0.014366239309310913,0.014366239309310913
3.4924585819244385,1.0548624992370605,0.26326900720596313,0.528995931148529,-0.23138664662837982,32,1.2048624992370613,0.25,0.2313866466283899,0.013269007205963135,0.013269007205963135
3.550114154815674,1.08281672000885,0.2612093389034271,0.5280722379684448,-0.07999230921268463,33,1.2328167200088505,0.25,0.0799923092126753,0.011209338903427124,0.011209338903427124
3.6002018451690674,1.0986618995666504,0.2601371705532074,0.5273515582084656,0.03367818146944046,33,1.24866189956665,0.25,-0.033678181469434756,0.010137170553207397,0.010137170553207397
3.6501686573028564,1.111087441444397,0.25938042998313904,0.5268616080284119,0.10960032790899277,34,1.2610874414443969,0.25,-0.10960032790899377,0.009380429983139038,0.009380429983139038
3.7002198696136475,1.1239728927612305,0.25879719853401184,0.5262566804885864,0.22697173058986664,34,1.2739728927612308,0.25,-0.22697173058986622,0.00879719853401184,0.00879719853401184
3.7559146881103516,1.1365596055984497,0.25828924775123596,0.5258945822715759,0.26332327723503113,35,1.28655960559845,0.25,-0.26332327723502713,0.008289247751235962,0.008289247751235962
3.805981159210205,1.14882230758667,0.2579651176929474,0.5255275964736938,0.33838194608688354,35,1.2988223075866705,0.25,-0.3383819460868943,0.007965117692947388,0.007965117692947388
3.855973720550537,1.161553978919983,0.2576350271701813,0.5251284241676331,0.32819128036499023,36,1.3115539789199835,0.25,-0.3281912803649812,0.007635027170181274,0.007635027170181274
3.906130313873291,1.1746346950531006,0.257556289434433,0.5249124765396118,0.2960946261882782,36,1.324634695053101,0.25,-0.2960946261882745,0.007556289434432983,0.007556289434432983
3.9628076553344727,1.188595175743103,0.2575379014015198,0.5245888829231262,0.22125324606895447,37,1.338595175743103,0.25,-0.2212532460689607,0.007537901401519775,0.007537901401519775
4.012837648391724,1.2038674354553223,0.2571530044078827,0.5243159532546997,0.23228332400321958,38,1.3538674354553217,0.25,-0.23228332400321253,0.00715300440788269,0.00715300440788269
4.062858581542969,1.2198954820632935,0.2571318745613098,0.5240821838378906,0.2663543224334717,38,1.369895482063293,0.25,-0.26635432243348284,0.0071318745613098145,0.0071318745613098145
4.112841844558716,1.2341930866241455,0.25666406750679016,0.5237340331077576,0.3095356822013855,39,1.3841930866241452,0.25,-0.30953568220139693,0.006664067506790161,0.006664067506790161
4.1713550090789795,1.2456527948379517,0.25681471824645996,0.5236102938652039,0.3167719841003418,39,1.3956527948379516,0.25,-0.31677198410034596,0.006814718246459961,0.006814718246459961
4.221738338470459,1.259909749031067,0.25640782713890076,0.5231024622917175,0.3422408699989319,40,1.4099097490310668,0.25,-0.3422408699989345,0.006407827138900757,0.006407827138900757
4.271433353424072,1.2741693258285522,0.2560672163963318,0.5226593017578125,0.44409507513046265,40,1.4241693258285522,0.25,-0.4440950751304591,0.006067216396331787,0.006067216396331787
4.321807146072388,1.2891898155212402,0.25601983070373535,0.5222771763801575,0.4958211183547973,41,1.4391898155212401,0.25,-0.4958211183547848,0.0060198307037353516,0.0060198307037353516
4.394659996032715,1.3004082441329956,0.2558951675891876,0.5220625400543213,0.5176540613174438,42,1.4504082441329955,0.25,-0.5176540613174345,0.005895167589187622,0.005895167589187622
4.444815158843994,1.3174227476119995,0.2555777132511139,0.5217066407203674,0.5877396464347839,42,1.4674227476119994,0.25,-0.5877396464347929,0.005577713251113892,0.005577713251113892
4.494701147079468,1.3327072858810425,0.25529998540878296,0.5214579105377197,0.6541624069213868,43,1.4827072858810424,0.25,-0.6541624069213917,0.005299985408782959,0.005299985408782959
4.544743537902832,1.3475013971328735,0.2550690770149231,0.5210224986076355,0.7461215257644653,43,1.4975013971328734,0.25,-0.7461215257644765,0.005069077014923096,0.005069077014923096
4.601353645324707,1.3757983446121216,0.25467637181282043,0.5199334621429443,0.958093285560608,45,1.5257983446121215,0.25,-0.958093285560614,0.004676371812820435,0.004676371812820435
4.651480674743652,1.3894387483596802,0.2547054886817932,0.5195955038070679,1.0075795650482178,45,1.53943874835968,0.25,-1.0075795650482182,0.004705488681793213,0.004705488681793213
4.701523303985596,1.4033154249191284,0.25488513708114624,0.5191168189048767,1.0304442644119263,46,1.5533154249191283,0.25,-1.0304442644119143,0.00488513708114624,0.00488513708114624
4.751531600952148,1.4168251752853394,0.2550669014453888,0.5188072323799133,1.1120610237121582,46,1.5668251752853393,0.25,-1.112061023712169,0.005066901445388794,0.005066901445388794
4.817026138305664,1.4290635585784912,0.25556308031082153,0.5181863903999329,1.1298093795776367,47,1.5790635585784911,0.25,-1.1298093795776385,0.005563080310821533,0.005563080310821533
4.867107391357422,1.4436579942703247,0.2560228705406189,0.5176419615745544,1.1875003576278687,47,1.5936579942703246,0.25,-1.1875003576278684,0.0060228705406188965,0.0060228705406188965
4.917060375213623,1.4576143026351929,0.2566910684108734,0.5173395872116089,1.2058570384979248,48,1.6076143026351928,0.25,-1.2058570384979233,0.006691068410873413,0.006691068410873413
4.967104911804199,1.4719454050064087,0.25756919384002686,0.517130434513092,1.1713582277297974,48,1.6219454050064086,0.25,-1.171358227729806,0.0075691938400268555,0.0075691938400268555
5.022437810897827,1.485687017440796,0.258265882730484,0.5168125033378601,1.1398286819458008,49,1.6356870174407958,0.25,-1.139828681945795,0.008265882730484009,0.008265882730484009
5.0724875926971436,1.5013960599899292,0.2593905031681061,0.5165749192237854,1.1060341596603394,50,1.651396059989929,0.25,-1.1060341596603331,0.009390503168106079,0.009390503168106079
5.122526168823242,1.5166140794754028,0.2602306604385376,0.5163087844848633,1.0504486560821533,50,1.6666140794754027,0.25,-1.0504486560821493,0.010230660438537598,0.010230660438537598
5.172490358352661,1.528903603553772,0.2611062526702881,0.5159668922424316,1.0027434825897217,51,1.6789036035537719,0.25,-1.00274348258973,0.011106252670288086,0.011106252670288086
5.22825813293457,1.5401864051818848,0.26163989305496216,0.5156193375587463,0.897773563861847,51,1.6901864051818847,0.25,-0.8977735638618564,0.011639893054962158,0.011639893054962158
5.278348445892334,1.554754376411438,0.26219066977500916,0.5151317715644836,0.8134621977806091,52,1.704754376411438,0.25,-0.8134621977806048,0.012190669775009155,0.012190669775009155
5.328343629837036,1.5689951181411743,0.2628897726535797,0.5147988796234131,0.7411775588989259,52,1.7189951181411742,0.25,-0.7411775588989281,0.012889772653579712,0.012889772653579712
5.378362655639648,1.582815408706665,0.2632114887237549,0.5145245790481567,0.646190881729126,53,1.732815408706665,0.25,-0.6461908817291278,0.013211488723754883,0.013211488723754883
5.4350903034210205,1.5964573621749878,0.2636430561542511,0.5141470432281494,0.5777546167373657,53,1.7464573621749877,0.25,-0.5777546167373777,0.013643056154251099,0.013643056154251099
5.485285758972168,1.610092043876648,0.2637615203857422,0.5140007138252258,0.48893260955810547,54,1.7600920438766479,0.25,-0.4889326095581096,0.013761520385742188,0.013761520385742188
5.535244464874268,1.6268254518508911,0.26422354578971863,0.5139797329902649,0.3736970126628876,55,1.776825451850891,0.25,-0.37369701266289757,0.014223545789718628,0.014223545789718628
5.585145473480225,1.6410201787948608,0.2641652524471283,0.5140039324760437,0.230780690908432,55,1.7910201787948608,0.25,-0.23078069090842404,0.014165252447128296,0.014165252447128296
5.6445088386535645,1.6548422574996948,0.26412490010261536,0.5140212178230286,0.12866105139255524,56,1.8048422574996947,0.25,-0.12866105139256293,0.014124900102615356,0.014124900102615356
5.694586992263794,1.6658847332000732,0.2643139362335205,0.5141919851303101,0.023416534066200256,56,1.8158847332000732,0.25,-0.023416534066192637,0.014313936233520508,0.014313936233520508
5.744587182998657,1.6791486740112305,0.264149010181427,0.5141177177429199,-0.03140588104724884,57,1.8291486740112304,0.25,0.03140588104724004,0.014149010181427002,0.014149010181427002
5.794541597366333,1.6928600072860718,0.2644018828868866,0.5141716599464417,-0.08195340633392334,57,1.8428600072860717,0.25,0.08195340633393364,0.014401882886886597,0.014401882886886597
5.8524250984191895,1.7213196754455566,0.2644241154193878,0.5142517685890198,-0.11605613678693771,58,1.8713196754455566,0.25,0.11605613678695025,0.014424115419387817,0.014424115419387817
5.902522087097168,1.733630895614624,0.264474481344223,0.5143488049507141,-0.14794331789016724,59,1.883630895614624,0.25,0.14794331789015513,0.014474481344223022,0.014474481344223022
5.95257306098938,1.74972665309906,0.2647564709186554,0.5143747329711914,-0.19849374890327454,59,1.89972665309906,0.25,0.19849374890328605,0.014756470918655396,0.014756470918655396
6.002522706985474,1.762651801109314,0.2647586464881897,0.5142484903335571,-0.17679548263549805,60,1.9126518011093139,0.25,0.1767954826354968,0.014758646488189697,0.014758646488189697
6.0613133907318115,1.7749887704849243,0.26516884565353394,0.5140978097915649,-0.22483517229557037,60,1.9249887704849242,0.25,0.22483517229557848,0.015168845653533936,0.015168845653533936
6.111419916152954,1.7898600101470947,0.2652374505996704,0.513959527015686,-0.24370791018009183,61,1.9398600101470946,0.25,0.2437079101800831,0.01523745059967041,0.01523745059967041
6.161361455917358,1.8036885261535645,0.2657214403152466,0.5140700340270996,-0.3117169737815857,62,1.9536885261535644,0.25,0.3117169737815952,0.015721440315246582,0.015721440315246582
6.211410045623779,1.8168081045150757,0.26582980155944824,0.5140074491500854,-0.33596503734588623,62,1.9668081045150756,0.25,0.3359650373458985,0.015829801559448242,0.015829801559448242
6.269635915756226,1.8277682065963745,0.26638224720954895,0.5139712691307068,-0.3547697365283966,63,1.9777682065963744,0.25,0.35476973652840704,0.01638224720954895,0.01638224720954895
6.31972599029541,1.8400609493255615,0.2666530907154083,0.5139695405960083,-0.3355952799320221,63,1.9900609493255614,0.25,0.335595279932033,0.016653090715408325,0.016653090715408325
6.369696617126465,1.852715253829956,0.2669103741645813,0.5139181017875671,-0.2870553731918335,64,2.002715253829956,0.25,0.28705537319182484,0.0169103741645813,0.0169103741645813
6.419738292694092,1.8661035299301147,0.2675372064113617,0.5137601494789124,-0.27517181634902954,64,2.0161035299301147,0.25,0.27517181634902366,0.017537206411361694,0.017537206411361694
6.477219343185425,1.8800028562545776,0.26787301898002625,0.5136449337005615,-0.29859307408332825,65,2.0300028562545775,0.25,0.29859307408332747,0.017873018980026245,0.017873018980026245
6.527342796325684,1.8949096202850342,0.2684933543205261,0.5134423971176147,-0.3016374111175537,65,2.044909620285034,0.25,0.3016374111175478,0.018493354320526123,0.018493354320526123
6.57736873626709,1.9094181060791016,0.2687622010707855,0.5132710337638855,-0.31843048334121704,66,2.0594181060791015,0.25,0.31843048334121693,0.018762201070785522,0.018762201070785522
6.62731146812439,1.923589825630188,0.26935356855392456,0.5131731629371643,-0.2882826030254364,66,2.073589825630188,0.25,0.28828260302544056,0.01935356855392456,0.01935356855392456
6.681856632232666,1.9358797073364258,0.26954570412635803,0.5129995942115784,-0.2791240811347962,67,2.0858797073364257,0.25,0.27912408113478426,0.019545704126358032,0.019545704126358032
6.731992721557617,1.9493263959884644,0.2697407007217407,0.5129385590553284,-0.2610921859741211,67,2.0993263959884643,0.25,0.2610921859741327,0.019740700721740723,0.019740700721740723
6.781965255737305,1.9653263092041016,0.26997798681259155,0.5125095844268799,-0.2208368182182312,68,2.1153263092041015,0.25,0.220836818218235,0.019977986812591553,0.019977986812591553
6.832023859024048,1.979451060295105,0.2698825001716614,0.512101948261261,-0.17972566187381744,69,2.129451060295105,0.25,0.17972566187380645,0.019882500171661377,0.019882500171661377
6.887789011001587,1.9922512769699097,0.2698378562927246,0.5116793513298035,-0.17717598378658295,69,2.1422512769699096,0.25,0.17717598378659372,0.01983785629272461,0.01983785629272461
6.938026666641235,2.0058071613311768,0.2695445418357849,0.5112870335578918,-0.1870248019695282,70,2.1558071613311767,0.25,0.18702480196953677,0.019544541835784912,0.019544541835784912
6.987835884094238,2.0187928676605225,0.26920485496520996,0.5109691023826599,-0.1796196550130844,70,2.1687928676605224,0.25,0.17961965501308352,0.01920485496520996,0.01920485496520996
7.037832975387573,2.0327343940734863,0.2690659463405609,0.5108343362808228,-0.2070918083190918,71,2.1827343940734862,0.25,0.2070918083191036,0.019065946340560913,0.019065946340560913
7.098156213760376,2.0575766563415527,0.2684449255466461,0.5106419324874878,-0.2617775499820709,72,2.2075766563415526,0.25,0.2617775499820627,0.018444925546646118,0.018444925546646118
7.148169994354248,2.076310396194458,0.26812347769737244,0.5107824802398682,-0.19797134399414062,73,2.226310396194458,0.25,0.19797134399414368,0.018123477697372437,0.018123477697372437
7.1981518268585205,2.090745210647583,0.2680540978908539,0.5110566020011902,-0.11171823740005493,73,2.240745210647583,0.25,0.11171823740005433,0.018054097890853882,0.018054097890853882
7.248172760009766,2.1042356491088867,0.26783230900764465,0.5112442374229431,-0.007161804009228945,74,2.2542356491088866,0.25,0.007161804009232332,0.017832309007644653,0.017832309007644653
7.318342208862305,2.117502212524414,0.26748543977737427,0.5113565921783447,0.13264217972755432,74,2.267502212524414,0.25,-0.13264217972755343,0.017485439777374268,0.017485439777374268
7.3683812618255615,2.127657890319824,0.2676185965538025,0.5112963318824768,0.25052598118782043,75,2.277657890319824,0.25,-0.2505259811878111,0.01761859655380249,0.01761859655380249
7.41840124130249,2.1406240463256836,0.2673639953136444,0.5111262798309326,0.3616065979003906,75,2.290624046325684,0.25,-0.3616065979003805,0.01736399531364441,0.01736399531364441
7.468433618545532,2.1536264419555664,0.2672933042049408,0.5108622312545776,0.48863694071769714,76,2.3036264419555668,0.25,-0.48863694071769204,0.017293304204940796,0.017293304204940796
7.538554668426514,2.166574478149414,0.26696091890335083,0.5107617378234863,0.5751006007194519,76,2.316574478149414,0.25,-0.5751006007194575,0.01696091890335083,0.01696091890335083
7.588725805282593,2.181307792663574,0.2667878568172455,0.5106859803199768,0.6432386040687561,77,2.331307792663574,0.25,-0.6432386040687463,0.016787856817245483,0.016787856817245483
7.638812780380249,2.195141553878784,0.2663634121417999,0.5105788111686707,0.6698994040489197,77,2.345141553878784,0.25,-0.6698994040489308,0.016363412141799927,0.016363412141799927
7.688889265060425,2.205744981765747,0.2663654386997223,0.5104688405990601,0.6708900332450867,78,2.355744981765747,0.25,-0.6708900332450828,0.01636543869972229,0.01636543869972229
7.7600929737091064,2.2302560806274414,0.2656570076942444,0.5098575949668884,0.6788551807403564,79,2.3802560806274413,0.25,-0.678855180740348,0.015657007694244385,0.015657007694244385
7.810269355773926,2.243439197540283,0.2654544711112976,0.5095645785331726,0.6124811172485352,79,2.393439197540283,0.25,-0.6124811172485288,0.015454471111297607,0.015454471111297607
7.860403776168823,2.2559762001037598,0.2651333510875702,0.5093344449996948,0.5312406420707703,80,2.4059762001037597,0.25,-0.5312406420707716,0.01513335108757019,0.01513335108757019
7.910191297531128,2.2683777809143066,0.26496338844299316,0.5091930031776428,0.4013349711894989,80,2.4183777809143066,0.25,-0.4013349711895046,0.014963388442993164,0.014963388442993164
7.96362829208374,2.2809693813323975,0.2647242248058319,0.5090485215187073,0.23159535229206085,81,2.4309693813323974,0.25,-0.2315953522920604,0.01472422480583191,0.01472422480583191
8.013785600662231,2.293175458908081,0.26455703377723694,0.5088421106338501,0.1551848202943802,81,2.443175458908081,0.25,-0.15518482029436978,0.014557033777236938,0.014557033777236938
8.06382441520691,2.3055944442749023,0.264589786529541,0.5086735486984253,0.07547050714492798,82,2.4555944442749023,0.25,-0.07547050714493624,0.014589786529541016,0.014589786529541016
8.113682746887207,2.3178248405456543,0.2643800675868988,0.5084639191627502,-0.03299794718623161,82,2.467824840545654,0.25,0.032997947186223085,0.014380067586898804,0.014380067586898804
8.169934511184692,2.329141139984131,0.26439976692199707,0.5083315372467041,-0.14061816036701202,83,2.4791411399841308,0.25,0.14061816036701968,0.01439976692199707,0.01439976692199707
8.220006704330444,2.3420817852020264,0.2641957402229309,0.5083082318305969,-0.1999002993106842,83,2.4920817852020263,0.25,0.19990029931067757,0.014195740222930908,0.014195740222930908
8.270028114318848,2.354581356048584,0.2640790045261383,0.5083248019218445,-0.27248525619506836,84,2.5045715470136125,0.25029963502169505,0.3869447364402908,0.0140789764330113,0.0140789764330113
8.320013284683228,2.3669965267181396,0.26377245783805847,0.508290708065033,-0.3266837298870087,84,2.516960135849759,0.25111162603341014,0.7513888564316704,0.01377207947458029,0.01377207947458029
8.37623906135559,2.3816001415252686,0.26350879669189453,0.5081371665000916,-0.36038634181022644,85,2.531454509835481,0.2526590146182083,1.3769354814717656,0.013506670576818813,0.013506670576818813
8.426416397094727,2.3946950435638428,0.2629668116569519,0.5080829858779907,-0.3254823088645935,85,2.5443666729213112,0.25469053873570074,2.120479429012407,0.012960448832618772,0.012960448832618772
8.476465463638306,2.4078001976013184,0.26261112093925476,0.5079815983772278,-0.32563763856887823,86,2.5571465453835662,0.25741361222891124,3.167490233369185,0.012595611628839399,0.012595611628839399
8.526387929916382,2.420653820037842,0.2619503140449524,0.5078728199005127,-0.29306113719940186,86,2.5695861415882812,0.26054465925507364,4.3429406841130955,0.011920473452240812,0.011920473452240812
8.580583572387695,2.4332799911499023,0.26129475235939026,0.507796585559845,-0.12775862216949463,87,2.581601478188054,0.2643407324112998,5.650338850952309,0.011242326053136301,0.011242326053136301
8.63062310218811,2.444925546646118,0.26063859462738037,0.5077122449874878,0.08550623059272766,87,2.5925848111096745,0.26819076838965844,6.937615937059433,0.010558772076081944,0.010558772076081944
8.680648803710938,2.4573752880096436,0.26002466678619385,0.5075250267982483,0.305103600025177,88,2.6039854012951604,0.2731303958227153,8.660442394772343,0.009902187729735855,0.009902187729735855
8.730689287185669,2.4690170288085938,0.2596884071826935,0.5074338912963867,0.5934048295021057,88,2.6144265612817277,0.27827940611255214,10.41215981264867,0.009510224268079915,0.009510224268079915
8.786419153213501,2.4801788330078125,0.2594890594482422,0.5074169635772705,0.933718502521515,89,2.6241772332796534,0.2836665586434714,12.225557782399344,0.009239885859196629,0.009239885859196629
8.836519479751587,2.490065336227417,0.25971680879592896,0.5075121521949768,1.3155617713928223,89,2.632547735263035,0.28889909483801707,13.954624127159503,0.009373752929233639,0.009373752929233639
8.886489152908325,2.5006680488586426,0.2601381838321686,0.5076147317886353,1.758420705795288,90,2.642015934621981,0.2949592870883892,15.931489977554994,0.009776130224890002,0.009776130224890002
8.936504602432251,2.509824514389038,0.2608504891395569,0.5076729655265808,2.291783332824707,90,2.6493155342298262,0.3004994272348852,17.446736309713767,0.00979072758634848,0.00979072758634848
8.992098569869995,2.5183677673339844,0.2616700530052185,0.5077395439147949,2.8833224773406982,90,2.656134332345039,0.3056746559074745,18.771143535579167,0.009937970543239315,0.009937970543239315
9.042284488677979,2.5260658264160156,0.26272696256637573,0.5078995227813721,3.6928193569183354,91,2.6629222302089595,0.3111478877842169,19.912206395357046,0.010431898477556493,0.010431898477556493
9.092247009277344,2.532916307449341,0.26401254534721375,0.5078861713409424,4.627769947052002,91,2.6680720220271983,0.3158478655055546,20.535082894981155,0.010550905913088394,0.010550905913088394
9.1422438621521,2.539026975631714,0.2654069662094116,0.5078572630882263,5.692804336547852,91,2.6726941191250373,0.32006624056855565,20.868856521854426,0.010880501801478886,0.010880501801478886
9.19779348373413,2.5499460697174072,0.2684756815433502,0.5078520178794861,8.204115867614746,92,2.6815896162316486,0.3287113892051829,21.156272009371108,0.012046392181797167,0.012046392181797167
9.247981071472168,2.555427074432373,0.27047112584114075,0.5079821348190308,9.672487258911133,92,2.6854230928973712,0.3330826315674247,21.030212477076397,0.012538674221151657,0.012538674221151657
9.297845602035522,2.560373306274414,0.2723005712032318,0.5083196759223938,11.263139724731445,92,2.6888871705885293,0.33703265512830405,20.65308496371717,0.012996527530720654,0.012996527530720654
9.347946882247925,2.5651369094848633,0.27427998185157776,0.5087578296661377,12.949080467224123,92,2.692258422074228,0.3408768306882654,20.147588553299773,0.01362357511883269,0.01362357511883269
9.40232801437378,2.5685906410217285,0.27566465735435486,0.5090490579605103,14.651705741882324,92,2.6946945285039576,0.3436546776802092,19.297050423706786,0.014022606090765735,0.014022606090765735
9.452378511428833,2.5735177993774414,0.2777099609375,0.5096474289894104,16.443893432617188,93,2.6986598745045645,0.3490232874581229,19.083947894361028,0.014682714232304491,0.014682714232304491
9.502561330795288,2.5784571170806885,0.27965855598449707,0.5100868940353394,18.299598693847656,93,2.7016955952556065,0.353371438548104,18.493130797229266,0.0147804138788975,0.0147804138788975
9.552422285079956,2.583073139190674,0.2813030481338501,0.5103020071983337,20.173051834106445,93,2.704499200523981,0.3573871238839101,17.78827036024239,0.014706061205220385,0.014706061205220385
9.608799695968628,2.5880727767944336,0.2829972505569458,0.5103020071983337,22.149051666259766,93,2.7075193422393453,0.36171296066815667,17.07042524282083,0.014541800951105344,0.014541800951105344
9.658829927444458,2.592839479446411,0.2844851613044739,0.5103243589401245,24.204072952270508,94,2.7112430063804704,0.36742490699367447,16.613959229930813,0.014627590831065039,0.014627590831065039
9.70885419845581,2.5972206592559814,0.28592950105667114,0.5104479789733887,26.19944572448731,94,2.7135038333697756,0.3713831991630814,15.654391480026057,0.013937797278338786,0.013937797278338786
9.758839845657349,2.6015090942382812,0.287324994802475,0.5105820894241333,28.056303024291992,94,2.7157128017445546,0.375250696438069,14.810598968023413,0.013248593988988294,0.013248593988988294
9.825867891311646,2.605067729949951,0.2886703312397003,0.5105127096176147,29.84590721130371,94,2.717586855412169,0.3785318196698145,13.880777851587176,0.012837381521626915,0.012837381521626915
9.875919818878174,2.608920097351074,0.29008910059928894,0.510237455368042,31.573429107666016,94,2.7196073615240004,0.38206935419082566,13.080082039771634,0.012360983322038239,0.012360983322038239
9.92592191696167,2.612848997116089,0.29170674085617065,0.5097628235816956,33.25952911376953,94,2.721705369314772,0.38574257989489424,12.355690675977689,0.012019552782371243,0.012019552782371243
9.975921154022217,2.616743326187134,0.2933464050292969,0.5092862844467163,34.889347076416016,95,2.724088530397428,0.39064391612150806,11.949300601128321,0.011743962434648439,0.011743962434648439
10.041510820388794,2.620640277862549,0.29520002007484436,0.508914053440094,36.52834701538086,95,2.7258695025279045,0.39454355280328735,11.268430598847061,0.011215082510416668,0.011215082510416668
10.09166169166565,2.624803066253662,0.2975219190120697,0.5086891651153564,38.02048873901367,95,2.727847242595959,0.39887403478244443,10.840864995747774,0.010926739056791524,0.010926739056791524
10.141608476638794,2.6286821365356445,0.3000020682811737,0.5083250999450684,39.47139358520508,95,2.729759885211111,0.40306197864386,10.419416972567078,0.010910123580797477,0.010910123580797477
10.191554069519043,2.6323118209838867,0.30264633893966675,0.5080178380012512,40.84974670410156,95,2.731620817535304,0.407136697068448,10.041974991857941,0.011148083507099763,0.011148083507099763
10.257615327835083,2.638887643814087,0.3082773685455322,0.5073269605636597,43.34088897705078,96,2.7350158978505053,0.41624831692874686,9.750229363673395,0.01202201734414116,0.01202201734414116
10.307830572128296,2.6416542530059814,0.3108845055103302,0.5071229934692383,44.28938674926758,96,2.73623350981505,0.41983528610869486,9.662645443920256,0.012356224991063761,0.012356224991063761
10.35776662826538,2.6447858810424805,0.31392544507980347,0.5067312121391296,45.414161682128906,96,2.7376292628591634,0.4239470419864573,9.524756085502414,0.012794190782849945,0.012794190782849945
10.407660961151123,2.6478281021118164,0.3169586658477783,0.5060371160507202,46.478324890136726,96,2.7390005716574426,0.4279867874380864,9.429669983276304,0.013269572197280888,0.013269572197280888
10.474387407302856,2.6508853435516357,0.31996527314186096,0.5053860545158386,47.48640823364258,96,2.7403705517426977,0.4320226186273679,9.388649751427012,0.013706558472902124,0.013706558472902124
10.524486780166626,2.653724431991577,0.32322415709495544,0.5050026178359985,48.477848052978516,97,2.741692293383914,0.43747810292644007,9.718826355825033,0.014548136968413682,0.014548136968413682
10.574448585510254,2.656667470932007,0.32622697949409485,0.5044333934783936,49.45465850830078,97,2.742555008434452,0.4415885585787522,9.742978049193486,0.014697975319520804,0.014697975319520804
10.624471664428711,2.659423828125,0.32933104038238525,0.5038546323776245,50.41070938110352,97,2.7434034117242705,0.44563082502107526,9.77189911423871,0.015033314258531074,0.015033314258531074
10.695972919464111,2.664276123046875,0.33486440777778625,0.5029140710830688,52.214969635009766,97,2.744906497221665,0.45279236262821576,9.712371302914951,0.015648513050924164,0.015648513050924164
10.746007680892944,2.6669468879699707,0.338253915309906,0.5026750564575195,53.10902404785156,98,2.74608462295599,0.4588576815965645,10.282606539999072,0.01673898003786418,0.01673898003786418
10.795998096466064,2.669732093811035,0.3416377305984497,0.5024716854095459,53.9848518371582,98,2.7465919333181392,0.4631997330205808,10.41589626281564,0.016791359414164608,0.016791359414164608
10.846052646636963,2.6724884510040283,0.3453696370124817,0.5023279786109924,54.83337783813477,98,2.7471273495756243,0.4677823418074525,10.633615002359864,0.017072781157139085,0.017072781157139085
10.917285680770874,2.6752822399139404,0.3491869568824768,0.5021327137947083,55.67435836791992,98,2.7476730611661973,0.4724530679856249,10.879921143347806,0.017368914748938917,0.017368914748938917
10.967362403869629,2.678382396697998,0.3538782596588135,0.5018760561943054,56.51968765258789,98,2.7483182657341025,0.477975351033397,11.319748161018689,0.017959887184950202,0.017959887184950202
11.017342329025269,2.6812798976898193,0.35804539918899536,0.5016215443611145,57.37525177001953,99,2.7489255494015157,0.48513065939498473,12.104505489572999,0.01880517744797868,0.01880517744797868
11.067313432693481,2.6841506958007812,0.3626662492752075,0.5014303922653198,58.190597534179695,99,2.7490655121950276,0.49055736474768113,12.502347775847593,0.018979307280452856,0.018979307280452856
11.13881230354309,2.68727707862854,0.36754897236824036,0.5012470483779907,59.005992889404304,99,2.749214777050117,0.49634473414606195,12.981903092170311,0.019076251636425696,0.019076251636425696
11.1888427734375,2.690035581588745,0.37235283851623535,0.5011643171310425,59.81286621093751,99,2.7493569499568453,0.5018571310809326,13.408357336828397,0.01941091763645384,0.01941091763645384
11.238847017288208,2.6926381587982178,0.3768502473831177,0.5010921955108643,60.690208435058594,100,2.749415493701022,0.508917842815628,14.109450810806237,0.02016352382225016,0.02016352382225016
11.288886785507202,2.6949925422668457,0.38155269622802734,0.5009584426879883,61.67332077026367,100,2.7490713268572553,0.514168814140363,14.302197927814248,0.02032909809204266,0.02032909809204266
11.356629610061646,2.699232816696167,0.3905312418937683,0.5009926557540894,63.870304107666016,100,2.748422487619154,0.524068187933449,14.323105094024893,0.020826192953689544,0.020826192953689544
11.406686067581177,2.7010483741760254,0.3954346776008606,0.5010429620742798,65.03147888183594,100,2.7480843974486735,0.5292264471397721,14.316377898678091,0.02149462787218817,0.02149462787218817
11.456669092178345,2.7028310298919678,0.4002150297164917,0.5013981461524963,66.16048431396484,101,2.7471146731741394,0.5363166487614606,14.844223159305816,0.02245906783616133,0.02245906783616133
11.506675481796265,2.7045230865478516,0.405086874961853,0.5018541812896729,67.3029556274414,101,2.7461146857613197,0.5413604858244001,14.92643614091556,0.022784487885320844,0.022784487885320844
11.574358940124512,2.706193447113037,0.40956562757492065,0.5022358298301697,68.49972534179688,101,2.7451860932077605,0.5460442143173478,14.86773517269037,0.022968228452475856,0.022968228452475856
11.624547958374023,2.7073233127593994,0.4136245846748352,0.502342164516449,69.73474884033203,101,2.7443756013109777,0.5501322548424563,14.625963661705443,0.023458997662038822,0.023458997662038822
11.674428224563599,2.7089016437530518,0.4180408716201782,0.5025874972343445,71.0455322265625,101,2.743465521006995,0.5547226093895564,14.429619898444015,0.023673131479640768,0.023673131479640768
11.724397420883179,2.7102303504943848,0.4222806990146637,0.5026862025260925,72.33309936523438,102,2.741697564527374,0.561482230907244,14.789759086627226,0.02444039827279673,0.02444039827279673
11.79291582107544,2.71157169342041,0.4262235760688782,0.5028420090675354,73.64838409423828,102,2.740523477730325,0.5654701111042995,14.450281130641445,0.02431585886813572,0.02431585886813572
11.842996835708618,2.712897300720215,0.4299853444099426,0.5029166340827942,74.9585647583008,102,2.7393991632679877,0.5692889355650513,14.075035170327228,0.024148589664812967,0.024148589664812967
11.892950296401978,2.7139856815338135,0.4337853789329529,0.5030429363250732,76.21346282958984,102,2.738286130349339,0.5730694413556857,13.745671504498024,0.02420109961963776,0.02420109961963776
11.94295859336853,2.7153210639953613,0.43742048740386963,0.5031234622001648,77.53401947021484,102,2.7371947415723255,0.5767764310791703,13.332165555071061,0.023977850376797994,0.023977850376797994
12.012807369232178,2.717527151107788,0.4445244073867798,0.5029788017272949,80.20592498779297,103,2.733713309396879,0.5866474415702754,13.049054492574617,0.024229728566714476,0.024229728566714476
12.062827825546265,2.718687057495117,0.44838395714759827,0.5028731226921082,81.51565551757812,103,2.732237684509265,0.5903760153603161,12.63617523546017,0.02379525091335153,0.02379525091335153
12.112838745117188,2.719980001449585,0.452208012342453,0.5027619004249573,82.79769897460938,103,2.730764782943728,0.5940977079250511,12.249743343514996,0.02322649879751122,0.02322649879751122
12.162829399108887,2.7210612297058105,0.4560626447200775,0.5025573968887329,84.11177062988281,103,2.7292968654789367,0.5978068067828323,11.828230574041623,0.022860090379736846,0.022860090379736846
12.23290729522705,2.7223455905914307,0.460000604391098,0.5023097395896912,85.39647674560547,103,2.727783646523271,0.6016303723678578,11.463147220419717,0.02231499449698082,0.02231499449698082
12.282973289489746,2.723336935043335,0.4639187157154083,0.5020119547843933,86.60296630859375,104,2.725238090082783,0.6072221122401862,11.629923785961717,0.02240219029114226,0.02240219029114226
12.332967758178711,2.72432279586792,0.4684910178184509,0.5018001794815063,87.80125427246094,104,2.723137153970561,0.6113846379646438,11.473071794917155,0.02185882124646021,0.02185882124646021
12.382962465286255,2.725379228591919,0.4728928506374359,0.5017832517623901,89.03828430175781,104,2.7211089267713597,0.6154031075614143,11.241847181146852,0.021230775440284386,0.021230775440284386
12.451624870300293,2.726632595062256,0.4819502532482147,0.5017862915992737,91.38280487060547,104,2.716983755962098,0.6235761926502188,10.941668259644873,0.020803254159654404,0.020803254159654404
12.501672983169556,2.7270429134368896,0.48676079511642456,0.5018376708030701,92.53965759277344,105,2.713528592824368,0.6294565299648233,11.34939587874864,0.0211338585507244,0.0211338585507244
12.551742792129517,2.7271363735198975,0.4918166697025299,0.5019655823707581,93.6089096069336,105,2.7107142025150557,0.63366856272013,11.46929308090049,0.021044169878768785,0.021044169878768785
12.601711988449097,2.7274019718170166,0.4966851472854614,0.5019299387931824,94.66875457763672,105,2.70800160822042,0.6377282469732548,11.556327594711615,0.02078138347433787,0.02078138347433787
12.671437978744507,2.72731614112854,0.5015906095504761,0.5016716122627258,95.71803283691406,105,2.7052734790071127,0.6418111808751862,11.660291412060317,0.02084455852148381,0.02084455852148381
12.721518278121948,2.727311611175537,0.5062770843505859,0.5013251900672913,96.78350830078125,105,2.7026660260289934,0.6457135100281187,11.695994912790514,0.020821733065693165,0.020821733065693165
12.771498918533325,2.7269930839538574,0.5108710527420044,0.5010197162628174,97.83706665039062,106,2.6986024357702374,0.650939875546976,12.213420408261943,0.021352404700163585,0.021352404700163585
12.82149600982666,2.7267186641693115,0.5152768492698669,0.5007954239845276,98.86886596679688,106,2.69580047654386,0.6543420610207829,12.23229330592263,0.021220650188427444,0.021220650188427444
12.885236501693726,2.7260799407958984,0.5191335678100586,0.5006316304206848,99.91509246826172,106,2.693331171463407,0.6573403323004038,12.112386080254,0.021476372451409122,0.021476372451409122
12.93532919883728,2.7253546714782715,0.5233079791069031,0.5005322098731995,100.98307800292969,106,2.6906570515597723,0.6605872931432731,12.04737396580279,0.021774338337105563,0.021774338337105563
12.985314846038818,2.724510669708252,0.5274325609207153,0.500392735004425,102.11121368408203,106,2.688009563828885,0.6638019167592466,11.91145223850322,0.022176149007466443,0.022176149007466443
13.035424709320068,2.7233357429504395,0.5315262675285339,0.5002751350402832,103.15814208984375,107,2.683093563045645,0.669231066838634,12.55341061841912,0.023484171034747137,0.023484171034747137
13.100245952606201,2.7211246490478516,0.5393834710121155,0.49991196393966675,105.33326721191406,107,2.677385749390944,0.6750068114494698,12.194451886645796,0.023894979124139397,0.023894979124139397
13.15035367012024,2.720120906829834,0.543239176273346,0.4996121823787689,106.46231079101562,107,2.674595886901823,0.6778298771995653,11.953785021268368,0.024007918140765545,0.024007918140765545
13.200433731079102,2.7187843322753906,0.5471123456954956,0.4992104470729828,107.59777069091797,107,2.6717486053303032,0.680711045399353,11.724844119403368,0.024417516367118995,0.024417516367118995
13.250341892242432,2.717674493789673,0.5511744618415833,0.49884161353111267,108.70677947998048,108,2.667053058696252,0.6852649114291982,12.078891484178616,0.02514298729824481,0.02514298729824481
13.31777286529541,2.7165656089782715,0.5549284815788269,0.4987567663192749,109.96013641357422,108,2.6640588077736664,0.68779084677297,11.700336460701681,0.02504501191976386,0.02504501191976386
13.367862939834595,2.7146477699279785,0.5596828460693359,0.49870815873146057,111.09329223632812,108,2.660155740725573,0.6910834549279933,11.708416858240346,0.025380783942641066,0.025380783942641066
13.417829513549805,2.713139295578003,0.5642983913421631,0.49878180027008057,112.24974060058594,108,2.6564429778681555,0.6942155234042372,11.637760052868032,0.025371581406078363,0.025371581406078363
13.467904090881348,2.711296796798706,0.5689802765846252,0.49873119592666626,113.35010528564453,108,2.6526093723610717,0.6974495341450805,11.657890294769752,0.025632398027116306,0.025632398027116306
13.533867120742798,2.7097740173339844,0.5732725858688354,0.49870601296424866,114.48432159423828,109,2.647074360013309,0.7017567351394763,12.109862776274902,0.02625480080836346,0.02625480080836346
13.583998918533325,2.707268714904785,0.5786115527153015,0.498724102973938,115.62000274658202,109,2.6421702313115523,0.705033569175597,12.337019414855792,0.026430062555776866,0.026430062555776866
13.633906126022339,2.705214023590088,0.5836179852485657,0.49894410371780396,116.64154052734375,109,2.637661865731525,0.7080459627481017,12.56915271739659,0.02631891919741732,0.02631891919741732
13.684023380279541,2.703103542327881,0.5879552364349365,0.4990103542804718,117.70663452148439,109,2.6336548012504015,0.7107233976351536,12.617985339966106,0.026498368775873207,0.026498368775873207
13.756292581558228,2.6986513137817383,0.5971294641494751,0.4988814890384674,119.86626434326173,110,2.622686569276444,0.717210519299591,13.451783992819106,0.027112658193825447,0.027112658193825447
13.806342840194702,2.6954445838928223,0.6020827293395996,0.49892544746398926,120.98863983154295,110,2.6174836878622583,0.7199140559141821,13.728274743089713,0.02750828021807307,0.02750828021807307
13.85636568069458,2.6927263736724854,0.6066078543663025,0.4990982413291931,122.05929565429686,110,2.6128149733033252,0.7223400271690211,13.912913342696845,0.027672754798311845,0.027672754798311845
13.90636420249939,2.689946413040161,0.6109013557434082,0.4992946982383728,123.17589569091797,110,2.6083049601815618,0.7246835335141263,14.007804697733306,0.027975771465779304,0.027975771465779304
13.975388050079346,2.686850070953369,0.6150466799736023,0.4995202124118805,124.29980468749999,111,2.6002603774755624,0.7282103361309374,14.904983157665741,0.029096494692535474,0.029096494692535474
14.025453567504883,2.6837234497070312,0.6195666790008545,0.4997173547744751,125.4851303100586,111,2.5951858119081055,0.7302884151478077,14.965617985613243,0.028999473459069516,0.028999473459069516
14.075526475906372,2.6803500652313232,0.6238048076629639,0.49987971782684326,126.6528091430664,111,2.5902010712639383,0.732329710072365,15.02230264861044,0.029235371874438927,0.029235371874438927
14.125561952590942,2.6774799823760986,0.6278541684150696,0.4999179542064667,127.9610595703125,111,2.585619479581104,0.7342059119685475,14.838828490754691,0.029173298318490602,0.029173298318490602
14.194577932357788,2.671384572982788,0.6350380182266235,0.49987930059432983,130.44508361816406,112,2.5737469483584148,0.7381110906398145,15.158687074017942,0.02989408132417179,0.02989408132417179
14.244596004486084,2.6682960987091064,0.638860285282135,0.49997901916503906,131.787841796875,112,2.569049530291491,0.7395546243977139,14.914854192492687,0.029678943649991518,0.029678943649991518
14.294605731964111,2.6646127700805664,0.6429023146629333,0.5001549124717712,133.10964965820312,112,2.5638284410682823,0.7411590842178385,14.814002408961183,0.02973560969843802,0.02973560969843802
14.34459400177002,2.661048412322998,0.6469196677207947,0.5002540349960327,134.47250366210938,113,2.5558817634733915,0.7432364599524955,15.300876226257655,0.030278511604988116,0.030278511604988116
14.411851406097412,2.656750440597534,0.6510392427444458,0.5006251335144043,135.83807373046875,113,2.5500324393739895,0.7443999628566785,15.291756341293759,0.0302311969675519,0.0302311969675519
14.461896419525146,2.652214527130127,0.6555966734886169,0.5010389685630798,137.2693328857422,113,2.5437126251938458,0.7456570520566504,15.32648261711638,0.030014375496728002,0.030014375496728002
14.511890649795532,2.64715313911438,0.6599619388580322,0.5014086365699768,138.6477813720703,113,2.537164116924034,0.7469596313394039,15.465542150677543,0.03024789306730933,0.03024789306730933
14.561888933181763,2.6424953937530518,0.664168655872345,0.5017761588096619,140.1096954345703,114,2.5280399771661712,0.7479577610091445,16.164659679850548,0.030655463440462313,0.030655463440462313
14.63536548614502,2.638835906982422,0.6672364473342896,0.5020048022270203,141.61178588867188,114,2.5232768148735367,0.7483233806525492,15.801670366506102,0.030483839995653184,0.030483839995653184
14.685450792312622,2.6335806846618652,0.6714041829109192,0.5022901892662048,143.03582763671875,114,2.5165895874280357,0.748836691256677,15.977035897066827,0.03039436502784036,0.03039436502784036
14.735456705093384,2.628784656524658,0.6753800511360168,0.5025793313980103,144.50888061523438,115,2.506783128186194,0.7494347265693857,16.77627948082396,0.030993993332338862,0.030993993332338862
14.785455226898193,2.6235389709472656,0.6793909668922424,0.5028172731399536,145.9300079345703,115,2.5001987068032787,0.7496043278695356,16.776561791184694,0.030374565886405712,0.030374565886405712
14.85768985748291,2.613595962524414,0.687000036239624,0.5028459429740906,148.8015594482422,115,2.487714552009396,0.7499258943005372,16.59768355552129,0.029161264524238978,0.029161264524238978
14.907799005508423,2.6087560653686523,0.6905085444450378,0.502824068069458,150.240966796875,116,2.478396285179438,0.75,16.96101889857435,0.029136903386332277,0.029136903386332277
14.95772933959961,2.603100538253784,0.6940701007843018,0.5028852224349976,151.63746643066406,116,2.4717279161973003,0.75,16.788910956595778,0.028435830721663537,0.028435830721663537
15.007787942886353,2.597292900085449,0.6976848244667053,0.5030432939529419,153.10763549804688,116,2.4648998711467858,0.75,16.570277605051025,0.027746130046500707,0.027746130046500707
15.075908660888672,2.5913093090057373,0.7008617520332336,0.5029879212379456,154.55657958984375,117,2.4554974111895653,0.75,16.69316788780643,0.027905562652341356,0.027905562652341356
15.12569284439087,2.5862503051757812,0.7036670446395874,0.502792239189148,156.11395263671875,117,2.4497403665451065,0.75,15.991683793721274,0.027144612152954488,0.027144612152954488
15.17566180229187,2.579939365386963,0.7065629363059998,0.5027199983596802,157.70973205566406,117,2.4427878824413667,0.75,15.427371115104318,0.02673706425222289,0.02673706425222289
15.225700616836548,2.57393741607666,0.7094626426696777,0.5026272535324097,159.24740600585938,117,2.4361205041440726,0.75,14.876086322242845,0.026213988015973785,0.026213988015973785
15.298923969268799,2.5620017051696777,0.7142283916473389,0.5027416944503784,162.178466796875,118,2.4208122643920524,0.75,13.730016365257976,0.025606606136029535,0.025606606136029535
15.348994255065918,2.5536816120147705,0.7175705432891846,0.502531111240387,164.0775146484375,118,2.4118642224713436,0.75,12.845243905549957,0.02476962938979688,0.02476962938979688
15.399028539657593,2.5480868816375732,0.7197583913803101,0.5023470520973206,165.2951202392578,119,2.403342517273101,0.75,12.3437690046166,0.02425282907942881,0.02425282907942881
15.448943376541138,2.5394036769866943,0.7230607271194458,0.5019907355308533,167.03250122070312,119,2.394181904222037,0.75,11.292270675589512,0.022682333854105497,0.022682333854105497
15.516740322113037,2.5345072746276855,0.7247290015220642,0.5018726587295532,168.12864685058594,119,2.3890541206709712,0.75,10.579575858881086,0.021985500886992325,0.021985500886992325
15.566771507263184,2.526108741760254,0.7275885343551636,0.5014214515686035,169.58917236328125,120,2.3777600153794975,0.75,9.641074668648503,0.020416478932786072,0.020416478932786072
15.616724014282227,2.5180327892303467,0.7301357984542847,0.5010486841201782,170.95840454101562,120,2.3695072774057873,0.75,8.513153603689512,0.018493517838511882,0.018493517838511882
15.66677737236023,2.5103707313537598,0.7321468591690063,0.5006736516952515,172.1931610107422,120,2.3617085618825393,0.75,7.506362078231195,0.01707326818590101,0.01707326818590101
15.736062288284302,2.5014450550079346,0.7344187498092651,0.5002567768096924,173.3711700439453,121,2.351849451725552,0.75,6.461578467866704,0.015144501524307857,0.015144501524307857
15.786081314086914,2.4909274578094482,0.7367388010025024,0.49969181418418884,174.49452209472656,121,2.3412701946485366,0.75,5.442239355262377,0.013096011102674597,0.013096011102674597
15.836082696914673,2.4800238609313965,0.7388377785682678,0.49934351444244385,175.47796630859375,122,2.3300238609313975,0.75,4.52203369140625,0.011162221431732178,0.011162221431732178
15.886120557785034,2.4691786766052246,0.7405433058738708,0.49906936287879944,176.46327209472656,122,2.3191786766052256,0.75,3.5367279052734353,0.00945669412612915,0.00945669412612915
15.951777458190918,2.4448442459106445,0.7432966828346252,0.4989365041255951,178.17405700683594,123,2.294844245910645,0.75,1.8259429931640485,0.006703317165374756,0.006703317165374756
16.00182294845581,2.4321839809417725,0.7442392706871033,0.49891191720962524,178.96531677246094,124,2.2821839809417725,0.75,1.03468322753905,0.0057607293128967285,0.0057607293128967285
16.051856517791748,2.418905019760132,0.7448325753211975,0.4991631805896759,179.66563415527344,124,2.2689050197601324,0.75,0.33436584472655856,0.00516742467880249,0.00516742467880249
16.10184144973755,2.405296564102173,0.7452113032341003,0.49931320548057556,-179.72151184082034,125,2.2552965641021734,0.75,-0.27848815917969727,0.004788696765899658,0.004788696765899658
16.157214879989624,2.391857385635376,0.7453083395957947,0.4996279776096344,-179.28639221191406,125,2.241857385635376,0.75,-0.7136077880859248,0.004691660404205322,0.004691660404205322
16.207295894622803,2.3779726028442383,0.7451684474945068,0.4999752938747406,-178.905517578125,126,2.2279726028442384,0.75,-1.094482421875028,0.004831552505493164,0.004831552505493164
16.257288455963135,2.364229202270508,0.7450348138809204,0.500109076499939,-178.6338653564453,126,2.214229202270508,0.75,-1.3661346435546526,0.00496518611907959,0.00496518611907959
16.307297468185425,2.3504555225372314,0.7446720600128174,0.5001702308654785,-178.45211791992188,127,2.200455522537231,0.75,-1.5478820800780995,0.005327939987182617,0.005327939987182617
16.375537157058716,2.338700771331787,0.7444199323654175,0.5001006126403809,-178.374755859375,127,2.1887007713317863,0.75,-1.625244140624967,0.0055800676345825195,0.0055800676345825195
16.42568564414978,2.3252437114715576,0.7440942525863647,0.4998924434185028,-178.38009643554688,128,2.175243711471557,0.75,-1.6199035644531403,0.005905747413635254,0.005905747413635254
16.47558569908142,2.3112337589263916,0.7438679933547974,0.4997171461582184,-178.48629760742188,128,2.161233758926391,0.75,-1.5137023925781439,0.006132006645202637,0.006132006645202637
16.525636196136475,2.2984509468078613,0.7437976598739624,0.49950021505355835,-178.65138244628906,129,2.148450946807861,0.75,-1.3486175537109266,0.006202340126037598,0.006202340126037598
16.594971418380737,2.274942398071289,0.7437281608581543,0.4993380010128021,-179.13836669921875,130,2.124942398071289,0.75,-0.8616333007813073,0.006271839141845703,0.006271839141845703
16.645038604736328,2.261852741241455,0.7437939047813416,0.49943625926971436,-179.33636474609375,130,2.1118527412414547,0.75,-0.6636352539062821,0.006206095218658447,0.006206095218658447
16.695042371749878,2.2500410079956055,0.744030237197876,0.49952244758605957,-179.57403564453128,131,2.100041007995605,0.75,-0.42596435546870853,0.0059697628021240234,0.0059697628021240234
16.745036125183105,2.237109899520874,0.7442577481269836,0.4997805655002594,-179.82904052734375,131,2.0871098995208746,0.75,-0.17095947265626732,0.005742251873016357,0.005742251873016357
16.816946744918823,2.224764823913574,0.7445207834243774,0.5001540780067444,179.91822814941406,132,2.0747648239135748,0.75,0.08177185058594202,0.005479216575622559,0.005479216575622559
16.866989135742188,2.2124392986297607,0.7446745038032532,0.5004708766937256,179.6605682373047,132,2.062439298629761,0.75,0.3394317626953014,0.005325496196746826,0.005325496196746826
16.916982173919678,2.1999635696411133,0.7449554800987244,0.5006772875785828,179.42088317871094,133,2.049963569641114,0.75,0.579116821289069,0.005044519901275635,0.005044519901275635
16.967007398605347,2.1875174045562744,0.7453131675720215,0.5009780526161194,179.2301025390625,133,2.0375174045562754,0.75,0.7698974609374881,0.004686832427978516,0.004686832427978516
17.04042100906372,2.1749820709228516,0.7456138730049133,0.5009210705757141,179.10325622558594,134,2.024982070922852,0.75,0.8967437744140659,0.00438612699508667,0.00438612699508667
17.08998703956604,2.1623709201812744,0.745888888835907,0.5008731484413147,178.97491455078125,134,2.0123709201812745,0.75,1.0250854492187367,0.004111111164093018,0.004111111164093018
17.14002513885498,2.149729013442993,0.746123194694519,0.5007787346839905,178.89202880859375,135,1.9997290134429933,0.75,1.1079711914062385,0.003876805305480957,0.003876805305480957
17.18999195098877,2.1371185779571533,0.7464608550071716,0.5004432201385498,178.76451110839844,135,1.9871185779571532,0.75,1.2354888916015558,0.003539144992828369,0.003539144992828369
17.263521194458008,2.1124446392059326,0.7468032240867615,0.5001608729362488,178.6587677001953,136,1.962444639205933,0.75,1.3412322998046864,0.0031967759132385254,0.0031967759132385254
17.31295418739319,2.099086284637451,0.7469295263290405,0.5001084208488464,178.65391540527344,137,1.9490862846374515,0.75,1.3460845947265552,0.0030704736709594727,0.0030704736709594727
17.362919807434082,2.0863142013549805,0.7470621466636658,0.49982506036758423,178.67001342773438,137,1.9363142013549806,0.75,1.3299865722656157,0.0029378533363342285,0.0029378533363342285
17.412925958633423,2.0733091831207275,0.7470074892044067,0.49957022070884705,178.69668579101562,138,1.9233091831207276,0.75,1.3033142089843708,0.0029925107955932617,0.0029925107955932617
17.48121976852417,2.062088966369629,0.7469554543495178,0.49945589900016785,178.77635192871094,138,1.912088966369629,0.75,1.223648071289052,0.0030445456504821777,0.0030445456504821777
17.531293869018555,2.0463156700134277,0.7467591166496277,0.4988905191421509,178.8603973388672,139,1.8963156700134274,0.75,1.1396026611328018,0.0032408833503723145,0.0032408833503723145
17.581295490264893,2.0324666500091553,0.7465974688529968,0.4985368549823761,178.91905212402344,140,1.8824666500091545,0.75,1.080947875976552,0.003402531147003174,0.003402531147003174
17.631285190582275,2.0192794799804688,0.7461304664611816,0.4982687830924988,178.93334960937503,140,1.8692794799804682,0.75,1.0666503906249833,0.0038695335388183594,0.0038695335388183594
17.699786901474,1.9991759061813354,0.7452857494354248,0.4979202449321747,179.0213165283203,141,1.8491759061813353,0.75,0.9786834716796928,0.004714250564575195,0.004714250564575195
17.74983286857605,1.986171007156372,0.7444912791252136,0.49779513478279114,179.0454559326172,141,1.836171007156372,0.75,0.9545440673828194,0.005508720874786377,0.005508720874786377
17.799808263778687,1.9736007452011108,0.7439053654670715,0.4978199601173401,179.10919189453125,142,1.8236007452011112,0.75,0.8908081054687551,0.006094634532928467,0.006094634532928467
17.84984064102173,1.9605368375778198,0.7431619167327881,0.4977615177631378,179.1517028808594,142,1.8105368375778204,0.75,0.8482971191406085,0.006838083267211914,0.006838083267211914
17.920952796936035,1.9463708400726318,0.7424571514129639,0.49789634346961975,179.23214721679688,143,1.796370840072632,0.75,0.7678527832031256,0.007542848587036133,0.007542848587036133
17.970972537994385,1.932912826538086,0.7419305443763733,0.4982219338417053,179.2109375,144,1.782912826538086,0.75,0.789062499999997,0.008069455623626709,0.008069455623626709
18.020968675613403,1.919430136680603,0.741317868232727,0.49867647886276245,179.26992797851562,144,1.7694301366806036,0.75,0.7300720214843772,0.00868213176727295,0.00868213176727295
18.070989847183228,1.9071093797683716,0.7409772276878357,0.49906882643699646,179.26795959472656,145,1.7571093797683723,0.75,0.7320404052734332,0.009022772312164307,0.009022772312164307
18.14465045928955,1.8820523023605347,0.7406390905380249,0.499406099319458,179.30885314941406,146,1.7320523023605336,0.75,0.6911468505859264,0.009360909461975098,0.009360909461975098
18.19472098350525,1.8688411712646484,0.7405959963798523,0.4995780885219574,179.30711364746094,146,1.7188411712646474,0.75,0.6928863525390622,0.009404003620147705,0.009404003620147705
18.244722843170166,1.853452205657959,0.741106390953064,0.4999319016933441,179.27444458007812,147,1.7034522056579582,0.75,0.7255554199218784,0.008893609046936035,0.008893609046936035
18.294677257537842,1.8403007984161377,0.7416713237762451,0.5000460147857666,179.23388671875,147,1.6903007984161378,0.75,0.7661132812499898,0.008328676223754883,0.008328676223754883
18.36380410194397,1.8275114297866821,0.742472231388092,0.5001315474510193,179.29881286621094,148,1.677511429786682,0.75,0.7011871337890593,0.007527768611907959,0.007527768611907959
18.413851022720337,1.8145333528518677,0.7433339357376099,0.500004231929779,179.30892944335938,148,1.6645333528518673,0.75,0.6910705566406197,0.006666064262390137,0.006666064262390137
18.46453595161438,1.8040515184402466,0.7442947030067444,0.49989020824432373,179.33767700195312,149,1.6540515184402462,0.75,0.6623229980468691,0.005705296993255615,0.005705296993255615
18.513875246047974,1.791171669960022,0.7454468607902527,0.4997572600841522,179.4000244140625,149,1.641171669960022,0.75,0.5999755859374991,0.0045531392097473145,0.0045531392097473145
18.577008962631226,1.7785230875015259,0.7466999292373657,0.4996817409992218,179.41291809082034,150,1.6285230875015255,0.75,0.587081909179671,0.0033000707626342773,0.0033000707626342773
18.627068042755127,1.7634485960006714,0.7481414675712585,0.4996812641620636,179.42689514160156,150,1.6134485960006706,0.75,0.5731048583984262,0.001858532428741455,0.001858532428741455
18.677157402038574,1.7500207424163818,0.749575138092041,0.4997220039367676,179.428955078125,151,1.600020742416382,0.75,0.571044921874992,0.0004248619079589844,0.0004248619079589844
18.72748041152954,1.7368298768997192,0.7507674694061279,0.4996974766254425,179.4890594482422,151,1.58682987689972,0.75,0.5109405517578127,0.0007674694061279297,-0.0007674694061279297
18.791322231292725,1.7238385677337646,0.7519936561584473,0.49950793385505676,179.5101776123047,152,1.5738385677337658,0.75,0.4898223876953195,0.0019936561584472656,-0.0019936561584472656
18.841383457183838,1.7105644941329956,0.753115713596344,0.49947845935821533,179.55056762695312,152,1.5605644941329968,0.75,0.4494323730468676,0.003115713596343994,-0.003115713596343994
18.891454935073853,1.6977015733718872,0.7537626624107361,0.49940699338912964,179.5561981201172,153,1.547701573371888,0.75,0.4438018798828092,0.003762662410736084,-0.003762662410736084
18.9413743019104,1.6848605871200562,0.7545892000198364,0.4996381402015686,179.58274841308594,153,1.5348605871200562,0.75,0.4172515869140601,0.004589200019836426,-0.004589200019836426
19.01007652282715,1.6611738204956055,0.755122184753418,0.49954625964164734,179.60540771484378,154,1.5111738204956051,0.75,0.39459228515623374,0.005122184753417969,-0.005122184753417969
19.06013011932373,1.6488524675369263,0.7551005482673645,0.4994065761566162,179.7088623046875,155,1.4988524675369261,0.75,0.2911376953125083,0.005100548267364502,-0.005100548267364502
19.1103253364563,1.635806918144226,0.7548155188560486,0.49927788972854614,179.78672790527344,155,1.4858069181442262,0.75,0.21327209472656053,0.004815518856048584,-0.004815518856048584
19.160122632980347,1.6231127977371216,0.7545190453529358,0.499083012342453,179.8809509277344,156,1.4731127977371214,0.75,0.11904907226560997,0.004519045352935791,-0.004519045352935791
19.22883415222168,1.6101330518722534,0.753901481628418,0.49892452359199524,-179.95684814453125,156,1.4601330518722528,0.75,-0.04315185546871803,0.0039014816284179688,-0.0039014816284179688
19.278866052627563,1.5939247608184814,0.7528420686721802,0.49888941645622253,-179.87326049804688,157,1.443924760818481,0.75,-0.12673950195310252,0.0028420686721801758,-0.0028420686721801758
19.328885555267334,1.5798550844192505,0.751812219619751,0.49900224804878235,-179.74380493164065,158,1.4298550844192501,0.75,-0.2561950683593584,0.0018122196197509766,-0.0018122196197509766
19.378859281539917,1.5659663677215576,0.7507784962654114,0.4991936683654785,-179.6913604736328,158,1.4159663677215577,0.75,-0.30863952636721365,0.000778496265411377,-0.000778496265411377
19.451772451400757,1.5381704568862915,0.74839848279953,0.499053418636322,-179.6233673095703,159,1.3881704568862903,0.75,-0.37663269042971353,0.0016015172004699707,0.0016015172004699707
19.501816987991333,1.524572491645813,0.7474793195724487,0.49908164143562317,-179.6322784423828,160,1.374572491645812,0.75,-0.3677215576172371,0.0025206804275512695,0.0025206804275512695
19.551741123199463,1.5107951164245605,0.7463186979293823,0.49888521432876587,-179.69752502441406,160,1.3607951164245604,0.75,-0.30247497558598274,0.0036813020706176758,0.0036813020706176758
19.601728677749634,1.497291088104248,0.7454856634140015,0.49884599447250366,-179.7449951171875,161,1.3472910881042481,0.75,-0.2550048828124412,0.004514336585998535,0.004514336585998535
19.668013334274292,1.4842720031738281,0.7448177337646484,0.4987337589263916,-179.83090209960938,162,1.3342720031738282,0.75,-0.1690979003906103,0.0051822662353515625,0.0051822662353515625
19.718090772628784,1.472385048866272,0.7441603541374207,0.49853113293647766,-179.91627502441406,162,1.322385048866272,0.75,-0.08372497558590096,0.005839645862579346,0.005839645862579346
19.76804518699646,1.4570242166519165,0.7438479065895081,0.4981802701950073,179.96531677246094,163,1.3070242166519168,0.75,0.03468322753906131,0.006152093410491943,0.006152093410491943
19.81803846359253,1.443626046180725,0.7438449859619141,0.4980555474758148,179.94137573242188,163,1.2936260461807252,0.75,0.058624267578132244,0.0061550140380859375,0.0061550140380859375
19.889331579208374,1.4318530559539795,0.7436677813529968,0.49773797392845154,179.84339904785156,164,1.2818530559539794,0.75,0.15660095214843808,0.006332218647003174,0.006332218647003174
19.93940281867981,1.4204498529434204,0.7437670230865479,0.4976866841316223,179.8112030029297,164,1.2704498529434205,0.75,0.1887969970703171,0.0062329769134521484,0.0062329769134521484
19.989384412765503,1.4162659645080566,0.7438656091690063,0.49766844511032104,179.798583984375,164,1.2662659645080567,0.75,0.20141601562498512,0.006134390830993652,0.006134390830993652
20.039345741271973,1.38947594165802,0.7445353865623474,0.4977768659591675,179.87327575683594,165,1.2394759416580208,0.75,0.12672424316405642,0.005464613437652588,0.005464613437652588
20.11060857772827,1.3590246438980103,0.7451903820037842,0.4982735216617584,-179.93710327148438,167,1.2090246438980101,0.75,-0.06289672851561397,0.00480961799621582,0.00480961799621582
20.16069746017456,1.3421300649642944,0.7457243204116821,0.4985292851924896,-179.8101348876953,167,1.1921300649642945,0.75,-0.18986511230471298,0.004275679588317871,0.004275679588317871
20.210695505142212,1.3261761665344238,0.7458633780479431,0.49861928820610046,-179.7340850830078,168,1.176176166534423,0.75,-0.2659149169921929,0.004136621952056885,0.004136621952056885
20.260650396347046,1.3115588426589966,0.7461314797401428,0.4987562596797943,-179.63418579101562,168,1.1615588426589953,0.75,-0.3658142089843401,0.0038685202598571777,0.0038685202598571777
20.331310510635376,1.3007193803787231,0.7461974620819092,0.4988514184951782,-179.5674285888672,169,1.1507193803787221,0.75,-0.4325714111327846,0.0038025379180908203,0.0038025379180908203
20.381393432617188,1.2860283851623535,0.7460749745368958,0.4989568889141083,-179.4851837158203,169,1.1360283851623536,0.75,-0.5148162841796893,0.003925025463104248,0.003925025463104248
20.431383848190308,1.2720668315887451,0.7460572123527527,0.49873384833335876,-179.46697998046875,170,1.1220668315887445,0.75,-0.5330200195312012,0.0039427876472473145,0.0039427876472473145
20.481342554092407,1.257632851600647,0.7457883358001709,0.49858638644218445,-179.45155334472656,171,1.1076328516006464,0.75,-0.5484466552733754,0.0042116641998291016,0.0042116641998291016
20.551913022994995,1.2293293476104736,0.7452389597892761,0.49825361371040344,-179.53259277343753,172,1.0793293476104733,0.75,-0.4674072265624339,0.004761040210723877,0.004761040210723877
20.601956844329834,1.2152717113494873,0.7450289726257324,0.4980964660644531,-179.66615295410156,172,1.0652717113494874,0.75,-0.3338470458984067,0.004971027374267578,0.004971027374267578
20.65199327468872,1.2009145021438599,0.7446967959403992,0.4977265000343323,-179.7741241455078,173,1.0509145021438595,0.75,-0.22587585449223338,0.00530320405960083,0.00530320405960083
20.70195698738098,1.1867485046386719,0.7443978786468506,0.4975200593471527,-179.93199157714847,173,1.0367485046386697,0.75,-0.06800842285154594,0.005602121353149414,0.005602121353149414
20.77113628387451,1.1725965738296509,0.744299590587616,0.497322678565979,179.8699188232422,174,1.02259657382965,0.75,0.13008117675780662,0.005700409412384033,0.005700409412384033
20.82122564315796,1.1582428216934204,0.7438823580741882,0.49730366468429565,179.64817810058594,175,1.0082428216934203,0.75,0.3518218994140493,0.006117641925811768,0.006117641925811768
20.871174573898315,1.1462175846099854,0.7438070774078369,0.4973245859146118,179.4512481689453,175,0.9962175846099851,0.75,0.5487518310546786,0.006192922592163086,0.006192922592163086
20.92117977142334,1.1290770769119263,0.7434373497962952,0.4973682165145874,179.2059326171875,176,0.9790770769119252,0.75,0.7940673828125047,0.006562650203704834,0.006562650203704834
20.989354848861694,1.1153669357299805,0.7433087229728699,0.49751368165016174,179.0165557861328,176,0.9653669357299799,0.75,0.9834442138671834,0.006691277027130127,0.006691277027130127
21.039429426193237,1.099637746810913,0.7431303858757019,0.49787771701812744,178.8587188720703,177,0.9496377468109133,0.75,1.1412811279296768,0.006869614124298096,0.006869614124298096
21.08991265296936,1.0850825309753418,0.7426866292953491,0.4980614185333252,178.79673767089844,177,0.9350825309753414,0.75,1.2032623291015594,0.007313370704650879,0.007313370704650879
21.139421701431274,1.071053147315979,0.7423352599143982,0.4983395040035248,178.73130798339844,178,0.9210531473159786,0.75,1.26869201660157,0.007664740085601807,0.007664740085601807
21.203977346420288,1.0443049669265747,0.7412562370300293,0.4991626739501953,178.5600128173828,179,0.8943049669265752,0.75,1.439987182617182,0.008743762969970703,0.008743762969970703
21.2944974899292,1.0443049669265747,0.7412562370300293,0.4991626739501953,178.5600128173828,179,0.8943049669265752,0.75,1.439987182617182,0.008743762969970703,0.008743762969970703
21.30464744567871,1.018545150756836,0.7406416535377502,0.5000072717666626,178.59931945800784,180,0.8685451507568356,0.75,1.400680541992172,0.009358346462249756,0.009358346462249756
21.35411047935486,1.005613923072815,0.7395303845405579,0.5000270009040833,178.68113708496094,181,0.8556139230728146,0.75,1.3188629150390663,0.010469615459442139,0.010469615459442139
21.416951417922974,0.9899930953979492,0.7389818429946899,0.5001431107521057,178.8783416748047,181,0.8399930953979489,0.75,1.1216583251953023,0.011018157005310059,0.011018157005310059
21.46710228919983,0.9745491147041321,0.7385068535804749,0.500237226486206,179.0835723876953,182,0.8245491147041317,0.75,0.9164276123046757,0.011493146419525146,0.011493146419525146
21.517027378082275,0.9601112604141235,0.738288402557373,0.5002257227897644,179.33673095703125,182,0.8101112604141223,0.75,0.6632690429687437,0.011711597442626953,0.011711597442626953
21.5670006275177,0.9447781443595886,0.738106906414032,0.5001667737960815,179.59616088867188,183,0.7947781443595883,0.75,0.40383911132813094,0.011893093585968018,0.011893093585968018
21.632249355316162,0.9314625859260559,0.737983226776123,0.5001908540725708,179.8985595703125,184,0.7814625859260556,0.75,0.10144042968750579,0.012016773223876953,0.012016773223876953
21.68233370780945,0.9171730279922485,0.7379352450370789,0.5000888705253601,-179.81593322753906,184,0.7671730279922482,0.75,-0.18406677246099504,0.012064754962921143,0.012064754962921143
21.732409477233887,0.8998219966888428,0.7381801009178162,0.49999624490737915,-179.60420227050784,185,0.7498219966888424,0.75,-0.3957977294921461,0.011819899082183838,0.011819899082183838
21.782291889190674,0.8837031126022339,0.7383230924606323,0.49982574582099915,-179.4289093017578,186,0.7337031126022335,0.75,-0.5710906982421812,0.011676907539367676,0.011676907539367676
21.84998345375061,0.8557952046394348,0.7389763593673706,0.49957647919654846,-179.15040588378906,187,0.7057952046394345,0.75,-0.8495941162109245,0.011023640632629395,0.011023640632629395
21.900041103363037,0.838894248008728,0.739088237285614,0.4994443356990814,-178.97433471679688,187,0.6888942480087277,0.75,-1.025665283203124,0.010911762714385986,0.010911762714385986
21.95005750656128,0.8242348432540894,0.7393008470535278,0.4992230534553528,-178.80722045898438,188,0.674234843254089,0.75,-1.1927795410156068,0.010699152946472168,0.010699152946472168
22.000022888183594,0.8093079924583435,0.7390485405921936,0.4989698529243469,-178.59925842285156,189,0.6593079924583432,0.75,-1.4007415771484073,0.010951459407806396,0.010951459407806396
22.069772720336914,0.7970055341720581,0.7389438152313232,0.4987509548664093,-178.42140197753906,189,0.6470055341720578,0.75,-1.5785980224609313,0.011056184768676758,0.011056184768676758
22.119478464126587,0.7837646007537842,0.7385797500610352,0.4987749457359314,-178.3041229248047,190,0.6337646007537838,0.75,-1.695877075195288,0.011420249938964844,0.011420249938964844
22.169474601745605,0.769525408744812,0.7379803657531738,0.49895715713500977,-178.1387939453125,190,0.6195254087448111,0.75,-1.8612060546875477,0.012019634246826172,0.012019634246826172
22.219521284103394,0.7553895115852356,0.7376741170883179,0.4993003308773041,-178.0086822509766,191,0.6053895115852345,0.75,-1.9913177490233958,0.012325882911682129,0.012325882911682129
22.287915468215942,0.74088054895401,0.7372149229049683,0.4995923936367035,-177.8271026611328,191,0.5908805489540094,0.75,-2.172897338867132,0.012785077095031738,0.012785077095031738
22.337962865829468,0.7267903685569763,0.7369233965873718,0.49978527426719666,-177.64373779296875,192,0.576790368556976,0.75,-2.356262207031193,0.013076603412628174,0.013076603412628174
22.387964487075806,0.7124558091163635,0.736595869064331,0.49990221858024597,-177.50592041015625,192,0.5624558091163632,0.75,-2.494079589843758,0.013404130935668945,0.013404130935668945
22.437971830368042,0.6982210874557495,0.736362636089325,0.500206470489502,-177.43893432617188,193,0.5482210874557496,0.75,-2.561065673828097,0.013637363910675049,0.013637363910675049
22.506330251693726,0.6686573624610901,0.7357335090637207,0.5009487867355347,-177.19586181640625,194,0.5186573624610901,0.75,-2.8041381835937833,0.014266490936279297,0.014266490936279297
22.556357860565186,0.6558822989463806,0.7355490326881409,0.5011301636695862,-177.1598663330078,195,0.505887435073069,0.7501568924401126,-2.9000641949148447,0.014450959406568787,0.014450959406568787
22.60645627975464,0.6407612562179565,0.7351228594779968,0.5014436841011047,-177.23817443847656,195,0.4907860279063599,0.7507566968018762,-3.050907736718356,0.014876951163020723,0.014876951163020723
22.65641474723816,0.6266615986824036,0.7349974513053894,0.5013994574546814,-177.3677978515625,196,0.4767532275670462,0.7518428403726334,-3.3365100971922423,0.015001415226005425,0.015001415226005425
22.726396560668945,0.6123659610748291,0.7344570159912109,0.5012655854225159,-177.59176635742188,196,0.4625610397110555,0.7533311074041374,-3.6820699499005816,0.015539142794843107,0.015539142794843107
22.776472091674805,0.5986189246177673,0.7341773509979248,0.501055121421814,-177.87782287597656,197,0.44904786273942227,0.7557829764272166,-4.33634329342551,0.015810835727270506,0.015810835727270506
22.826730966567993,0.5820446610450745,0.733485221862793,0.5005018711090088,-178.2276611328125,198,0.43288571240925017,0.7593659368290454,-5.365318359912364,0.016482316932385353,0.016482316932385353
22.876436948776245,0.568153440952301,0.7327790260314941,0.5003690719604492,-178.5895538330078,198,0.41972716999845366,0.7638142260686605,-6.727720967431487,0.017146868724940593,0.017146868724940593
22.945240259170532,0.5436240434646606,0.7307358980178833,0.5004144310951233,-179.4647674560547,199,0.3970506010040161,0.7730257387989857,-9.46306423533288,0.019030709640976383,0.019030709640976383
22.995278358459473,0.5284606218338013,0.7299726009368896,0.5002540349960327,179.97894287109375,200,0.38346730020852704,0.7796653648339225,-11.541971412237062,0.019620938912431725,0.019620938912431725
23.045303106307983,0.5151082277297974,0.7288375496864319,0.5004944205284119,179.41114807128906,200,0.3718187280013803,0.7861370571420656,-13.565757422475432,0.020519945247087678,0.020519945247087678
23.09531545639038,0.5021005868911743,0.7286962866783142,0.5007656216621399,178.70352172851562,201,0.3615290025384765,0.79256625679725,-15.352361141526526,0.020917975858262723,0.020917975858262723
23.166727542877197,0.4920278489589691,0.7284129858016968,0.501034140586853,178.10711669921875,201,0.3532185115951778,0.7982236581539669,-16.905599913393747,0.021356807928794616,0.021356807928794616
23.216763973236084,0.47935089468955994,0.7281745672225952,0.5011748671531677,177.17523193359375,202,0.3442236974982661,0.8048064545086306,-18.42476256944964,0.022447544935755192,0.022447544935755192
23.266805171966553,0.4672437012195587,0.7289326190948486,0.5013957619667053,176.17811584472656,202,0.33509486162774965,0.8128122287015974,-20.28163264524043,0.022598271339240823,0.022598271339240823
23.31672739982605,0.45496875047683716,0.7299413084983826,0.5015925765037537,175.04539489746094,203,0.3275173658363215,0.8195062186424201,-21.52520317049984,0.023340465156488167,0.023340465156488167
23.387763261795044,0.4459933042526245,0.7313079237937927,0.5014998912811279,173.7742919921875,203,0.32133445666187177,0.8261221971226158,-22.40954939450359,0.02347685897069351,0.02347685897069351
23.437814712524414,0.4357118010520935,0.7329033613204956,0.5014259815216064,172.357177734375,203,0.31424786038381536,0.8337051596327564,-23.464640550551007,0.023552759524934273,0.023552759524934273
23.487812042236328,0.42679929733276367,0.7351424098014832,0.5014634132385254,170.7625274658203,204,0.31023594186383874,0.8381039213756616,-23.27472470979269,0.024174707308652836,0.024174707308652836
23.537824869155884,0.4181138575077057,0.7373728156089783,0.5014403462409973,169.0542449951172,204,0.30475708367760734,0.8451481428422014,-23.56107608309763,0.02459606971573341,0.02459606971573341
23.605993032455444,0.4035213887691498,0.7430692315101624,0.5020197033882141,165.26138305664062,204,0.2954106681544221,0.85716492054035,-23.17433830343816,0.02358513931548737,0.02358513931548737
23.65606927871704,0.39587801694869995,0.7460302710533142,0.5024177432060242,163.2224578857422,205,0.29198826276915796,0.8624985489662841,-22.55041774520703,0.02425082037777916,0.02425082037777916
23.706028938293457,0.38904884457588196,0.7493627667427063,0.5029950141906738,161.04527282714844,205,0.2878840265779292,0.8688947727773323,-22.071899733995895,0.023769929383298617,0.023769929383298617
23.75614285469055,0.3816348612308502,0.7525851726531982,0.5034474730491638,158.86752319335938,205,0.2835148182755296,0.8757039408848996,-21.70142303123081,0.02357701318053805,0.02357701318053805
23.823275327682495,0.37500032782554626,0.7562013864517212,0.5038928985595703,156.5867919921875,206,0.280873194726731,0.8803137557175541,-20.62660309694574,0.023785807756380034,0.023785807756380034
23.873319387435913,0.3677142858505249,0.7594339847564697,0.5043595433235168,154.39239501953125,206,0.27735479855486783,0.8874483573708193,-20.272396935962025,0.02425134918298341,0.02425134918298341
23.92336368560791,0.36048275232315063,0.7633322477340698,0.5051559209823608,152.14161682128906,206,0.27371424631686536,0.8948306670219511,-19.926388865788127,0.024093068103214876,0.024093068103214876
23.97357153892517,0.3534339368343353,0.7672803401947021,0.5059637427330017,149.88937377929688,206,0.2708663368832457,0.9006056560683646,-19.162001007215004,0.024417902899640895,0.024417902899640895
24.04512858390808,0.3400737941265106,0.7746774554252625,0.5071319341659546,145.3862762451172,207,0.2658933112558354,0.9142737504878999,-18.127194149468096,0.025473716025521884,0.025473716025521884
24.0951931476593,0.33458223938941956,0.7783486843109131,0.5074037313461304,143.2941131591797,207,0.2636363002820045,0.9204770241903749,-17.609298085562923,0.025282152765098,0.025282152765098
24.145200490951538,0.32840433716773987,0.7822754383087158,0.5074480772018433,141.13134765625,208,0.26228965826829664,0.9242185274143323,-16.391839264532347,0.02655592074971106,0.02655592074971106
24.19520354270935,0.32339414954185486,0.7864473462104797,0.507283091545105,139.06271362304688,208,0.26062769944289227,0.9305062641093126,-15.79731096974383,0.026537453428503846,0.026537453428503846
24.26352047920227,0.3182038962841034,0.7908376455307007,0.5067299604415894,137.058837890625,208,0.2588945008681878,0.9370635241997992,-15.33308314547589,0.0264463909227224,0.0264463909227224
24.3135986328125,0.3133071959018707,0.7960852384567261,0.5058854818344116,135.19300842285156,208,0.25707344388643166,0.9439531815323459,-15.085139258206327,0.02552809378860376,0.02552809378860376
24.363615036010742,0.30931687355041504,0.8011288046836853,0.5048412084579468,133.4264373779297,208,0.25595372937989525,0.948189429677024,-14.312360592205408,0.02493149735152723,0.02493149735152723
24.41358733177185,0.30481210350990295,0.8061689138412476,0.5037739872932434,131.68760681152344,209,0.2549297127087911,0.9542319205109082,-13.942170930493667,0.02478269838948633,0.02478269838948633
24.4882972240448,0.3011797368526459,0.8114241361618042,0.5030749440193176,130.0545196533203,209,0.25387365793170613,0.9604634609639912,-13.722196705771132,0.023712969890506776,0.023712969890506776
24.53832483291626,0.2967270612716675,0.8169001936912537,0.5026703476905823,128.60760498046875,209,0.25269704581043,0.9674063830457024,-13.84960978220769,0.023046968631228407,0.023046968631228407
24.588358879089355,0.292995810508728,0.8225051760673523,0.5024709701538086,127.14576721191406,209,0.25178264902104136,0.9728020317439383,-13.609713753494628,0.022232853398321005,0.022232853398321005
24.638341903686523,0.2881007790565491,0.8281505107879639,0.5025238394737244,125.66607666015626,210,0.2513545088328943,0.9793341887243197,-13.619489696463267,0.0226890149902801,0.0226890149902801
24.71324324607849,0.280089408159256,0.8395410180091858,0.5028156638145447,122.82586669921875,210,0.2504428432510282,0.9932435176292623,-13.953032940168022,0.021665232775853416,0.021665232775853416
24.763415336608887,0.27503353357315063,0.8458496928215027,0.5029315948486328,121.44952392578125,211,0.2502270498004937,0.9992282173085864,-13.955321194417836,0.022447892108719385,0.022447892108719385
24.813345909118652,0.27124571800231934,0.8516765236854553,0.5029234290122986,120.10045623779298,211,0.2505999229486546,1.0061702394944634,-14.262610365516512,0.022301732845774434,0.022301732845774434
24.905539512634277,0.2668842077255249,0.8576822876930237,0.5029817819595337,118.72988128662108,211,0.2509974991404822,1.0135721743290231,-14.659904718181085,0.022487784941415814,0.022487784941415814
24.971906185150146,0.2640296518802643,0.8626806139945984,0.5027467012405396,116.10900115966797,211,0.2513059182900735,1.0193142144560015,-13.409615402821917,0.022021192782487903,0.022021192782487903
25.02202296257019,0.25885602831840515,0.8724459409713745,0.5022242069244385,114.80451965332033,212,0.2522127583325187,1.0276885511261253,-14.073192973628794,0.022379682595150406,0.022379682595150406
25.072073936462402,0.254581481218338,0.8813309073448181,0.5017662644386292,113.49563598632812,212,0.25362691145392424,1.0374254259563014,-15.03402789617833,0.022024610093920205,0.022024610093920205
25.122050523757935,0.2522764503955841,0.887824535369873,0.5016674995422363,112.14643096923828,212,0.2546084936560198,1.044183918295401,-15.260060224278925,0.021062816439788218,0.021062816439788218
25.18701934814453,0.25038257241249084,0.8941771984100342,0.5016394257545471,110.70277404785156,213,0.2552971380910756,1.048320325656786,-14.776242048634597,0.020804060307526885,0.020804060307526885
25.23713183403015,0.24789729714393616,0.9005748629570007,0.5019302368164062,109.34317779541016,213,0.2568922731077379,1.0549900090143554,-14.948868154920023,0.020799823287717345,0.020799823287717345
25.287096977233887,0.24628230929374695,0.9071964621543884,0.5021379590034485,107.87339782714844,213,0.25846715469196363,1.0615750073892467,-14.993521195462757,0.019925769489354317,0.019925769489354317
25.337499141693115,0.24447165429592133,0.9136872887611389,0.5022366046905518,106.38880157470703,213,0.2600290206122341,1.0681055838146705,-15.01038511497357,0.019267486793023328,0.019267486793023328
25.39454221725464,0.24250680208206177,0.9260962605476379,0.5019751787185669,103.676025390625,214,0.2631404595503391,1.0783204871118066,-14.6887065550545,0.01794006928572097,0.01794006928572097
25.444693088531494,0.24195259809494019,0.9320725798606873,0.5019374489784241,102.33386230468751,214,0.2650472973691907,1.0839378501852186,-14.67568737863488,0.016870017363547186,0.016870017363547186
25.494986534118652,0.24093979597091675,0.9384350776672363,0.5018768310546875,101.00341033935547,214,0.26711215394882626,1.0900207215168363,-14.78378557930473,0.016121044985228466,0.016121044985228466
25.54459810256958,0.24043947458267212,0.9445872902870178,0.5021252632141113,99.65103912353516,214,0.26891407080034285,1.0953289973874942,-14.684772510471385,0.015138359801378069,0.015138359801378069
25.59973406791687,0.239180326461792,0.9511446356773376,0.5023015737533569,98.27835845947267,215,0.2714360188197474,1.100467398733209,-14.674061285743404,0.015421222330474374,0.015421222330474374
25.64977717399597,0.2385529726743698,0.9573973417282104,0.5022888779640198,96.82723999023438,215,0.27420209797034334,1.106103210700947,-14.71897135276181,0.014893949072413008,0.014893949072413008
25.69979977607727,0.23738229274749756,0.963659405708313,0.5021433234214783,95.41011810302734,215,0.2770122998272869,1.1118289214976573,-14.822081350150475,0.014866059133004024,0.014866059133004024
25.749770879745483,0.23704968392848969,0.9697653651237488,0.5017107129096985,93.99188995361328,215,0.2796928188131017,1.117290406927946,-14.852298278703477,0.014083154778262575,0.014083154778262575
25.809489488601685,0.2361510694026947,0.9751314520835876,0.5014317631721497,92.60326385498047,216,0.281664763903893,1.1206222322889314,-14.37188898296636,0.014882661965276659,0.014882661965276659
25.85965609550476,0.2358383685350418,0.9812409281730652,0.500998318195343,91.1953353881836,216,0.2848396310013737,1.125837225567814,-14.394115800553635,0.014691139730963629,0.014691139730963629
25.90959858894348,0.23536136746406555,0.9870107173919678,0.5005359649658203,89.84507751464844,216,0.28784414312548495,1.130772396096997,-14.39817962395994,0.014674845252746064,0.014674845252746064
25.95953059196472,0.23539265990257263,0.9921217560768127,0.500099778175354,88.46424865722656,216,0.29049021686733956,1.1351188006410324,-14.209604159098259,0.014226118792016008,0.014226118792016008
26.027782440185547,0.23567494750022888,0.9972812533378601,0.4996812641620636,87.08419036865234,216,0.29290357287283475,1.1390829462136753,-13.915623045959341,0.013717331623415974,0.013717331623415974
26.0776150226593,0.23556725680828094,1.0027525424957275,0.49929720163345337,85.66104888916016,217,0.2954085488530696,1.1424658246267207,-13.432413298762048,0.014342583561696869,0.014342583561696869
26.127668142318726,0.23617857694625854,1.0078303813934326,0.49901333451271057,84.31858825683594,217,0.2984415839472728,1.1465618275533545,-13.229528899936632,0.013939673542983656,0.013939673542983656
26.177647829055786,0.2365812212228775,1.0133997201919556,0.4986811876296997,82.90840148925781,217,0.3017596578778615,1.151042764999958,-13.066896540882881,0.013751487856560917,0.013751487856560917
26.251535177230835,0.23800203204154968,1.024461030960083,0.49822208285331726,80.18738555908203,217,0.3077512844892438,1.1591342375260827,-12.59728209030294,0.013140327496036797,0.013140327496036797
26.301607608795166,0.23919746279716492,1.0300250053405762,0.4983059763908386,78.93037414550781,218,0.31140809053380436,1.163237219497842,-12.567044685230021,0.012743113676239294,0.012743113676239294
26.351593494415283,0.24033638834953308,1.0363179445266724,0.4983680844306946,77.62863922119142,218,0.31566718693353507,1.1680159787569155,-12.69544958865937,0.012438583801381211,0.012438583801381211
26.40160083770752,0.2418236881494522,1.04214608669281,0.4986565411090851,76.39986419677734,218,0.3196531303016706,1.1724882569091133,-12.804869570119575,0.01174480998861403,0.01174480998861403
26.46702218055725,0.24358318746089935,1.0482136011123657,0.4988870620727539,75.20413208007812,218,0.3238230038521514,1.1771669070189783,-13.007231128407133,0.0108283219036692,0.0108283219036692
26.51718544960022,0.24500307440757751,1.0548850297927856,0.49911630153656006,74.04057312011719,219,0.32810681086416077,1.181059415256536,-13.194834063111847,0.011107980159599486,0.011107980159599486
26.5671865940094,0.2469172179698944,1.0611412525177002,0.4993877112865448,72.91765594482422,219,0.33302495470786964,1.1853725116490814,-13.611052276989271,0.010631921950857987,0.010631921950857987
26.617064714431763,0.248652383685112,1.0676734447479248,0.499668687582016,71.84368896484375,219,0.3381138962538577,1.189835393606459,-14.13001966254988,0.010376917150490316,0.010376917150490316
26.680893898010254,0.25066664814949036,1.073565125465393,0.4998493492603302,70.74942779541016,219,0.3427825463228032,1.1939296898308736,-14.495365155904182,0.009731326091930986,0.009731326091930986
26.731061935424805,0.25230494141578674,1.0797665119171143,0.4998985826969147,69.70600891113281,220,0.34717074084879573,1.197133989982331,-14.742308682202024,0.010294907704123358,0.010294907704123358
26.78100562095642,0.25471436977386475,1.0858274698257446,0.5000520944595337,68.6039047241211,220,0.35245880182256745,1.200919613629081,-15.187754291718843,0.009892610893845502,0.009892610893845502
26.83094596862793,0.256465345621109,1.0916684865951538,0.5003467202186584,67.6651382446289,220,0.3574059597419601,1.204461191174565,-15.696993254774576,0.010016197669178344,0.010016197669178344
26.88696789741516,0.258973628282547,1.0974420309066772,0.5004887580871582,66.478759765625,220,0.3624988700727185,1.2081071101370209,-15.999510851340744,0.009436198247922188,0.009436198247922188
26.93712592124939,0.2613738477230072,1.1025729179382324,0.5005924701690674,65.344482421875,221,0.36620609255497916,1.210408104797936,-15.85701294389863,0.009648889799530883,0.009648889799530883
26.98709511756897,0.26313260197639465,1.107263445854187,0.5004064440727234,64.08560943603516,221,0.37049718358972017,1.2129268039684795,-15.710458713399706,0.01006917092460088,0.01006917092460088
27.03712821006775,0.2658088803291321,1.1127322912216187,0.5002154111862183,62.83102798461915,221,0.3757375849135217,1.2160027103896471,-15.815652677771435,0.010006894341685049,0.010006894341685049
27.101096153259277,0.2709258198738098,1.1214139461517334,0.4997645318508148,60.25221633911133,221,0.3843859106772961,1.2210789324393443,-15.480351331964052,0.009154484292860279,0.009154484292860279
27.15117573738098,0.2737983763217926,1.1270382404327393,0.499543696641922,58.85243606567383,222,0.38926614135764404,1.2234470172379674,-15.292235430106382,0.009708035070678234,0.009708035070678234
27.20118236541748,0.2772439420223236,1.1321688890457153,0.49935317039489746,57.41276931762696,222,0.3948564024899696,1.226080331487121,-15.233517091784607,0.009378288808507133,0.009378288808507133
27.25112509727478,0.28064045310020447,1.1371768712997437,0.4992154836654663,55.86920166015625,222,0.40032869860406994,1.228658077855626,-15.041939537900484,0.0090274960607442,0.0090274960607442
27.3105628490448,0.2832414507865906,1.1416419744491577,0.4989645183086395,54.33595657348633,222,0.40500658479410195,1.2308616143396194,-14.663416428449189,0.009061882581499404,0.009061882581499404
27.360680103302002,0.2868199348449707,1.1465024948120117,0.49869149923324585,52.81437301635742,223,0.40979925865151695,1.2328267375526416,-14.318298842037006,0.008988095945290755,0.008988095945290755
27.41063904762268,0.29049229621887207,1.1519074440002441,0.4984847903251648,51.31062698364258,223,0.41599423772820926,1.2349296495837943,-14.329272419612153,0.009175594973127312,0.009175594973127312
27.460640907287598,0.2942332625389099,1.1568241119384766,0.4985077977180481,49.71734619140625,223,0.4218556266764015,1.2369193230251128,-14.170060494660492,0.009028059485839842,0.009028059485839842
27.518932342529297,0.29819628596305847,1.161717176437378,0.4986259937286377,48.12205505371094,223,0.4278243997975569,1.2389454484812783,-14.034133895108821,0.00869314978343945,0.00869314978343945
27.569130897521973,0.30288276076316833,1.1681212186813354,0.49867916107177734,46.57704162597656,224,0.4346346928973975,1.2408604833100583,-14.151350335380947,0.009247779356259476,0.009247779356259476
27.61909508705139,0.30696114897727966,1.1728929281234741,0.49884849786758423,45.0440788269043,224,0.44075660415785833,1.2422209960874582,-14.11405795528339,0.009300310441130352,0.009300310441130352
27.668996810913086,0.31083664298057556,1.1778857707977295,0.49928712844848633,43.599395751953125,224,0.4469078648727471,1.2435880313879821,-14.173014162918562,0.009626591200100114,0.009626591200100114
27.725651502609253,0.3140670657157898,1.1815996170043945,0.4997497498989105,42.14514923095703,224,0.4517090508432009,1.244655030660197,-13.89161457861284,0.009613049811490543,0.009613049811490543
27.775697946548462,0.3180384337902069,1.1858177185058594,0.5001540184020996,40.79277420043945,225,0.4561482103616532,1.2455927094685686,-13.613892683742504,0.00990948914758504,0.00990948914758504
27.8257315158844,0.3217577040195465,1.1902300119400024,0.5008277893066406,39.37105941772461,225,0.4617948613921933,1.246320253207245,-13.481268589750206,0.010685256130362083,0.010685256130362083
27.875712633132935,0.3253503143787384,1.1937296390533447,0.5014532804489136,37.90291976928711,225,0.4667517135663523,1.2469589196917417,-13.14628736602464,0.010876709090895591,0.010876709090895591
27.9314923286438,0.3290433883666992,1.1973683834075928,0.501733660697937,36.52478790283203,225,0.4718740988298725,1.2476189143160608,-12.939689266553026,0.011095150307238186,0.011095150307238186
27.9815890789032,0.3328087627887726,1.20035719871521,0.5018811821937561,35.19668197631836,225,0.4766261752552069,1.2482311964334194,-12.698064398901252,0.010803086502798768,0.010803086502798768
28.031569957733154,0.33760568499565125,1.2035475969314575,0.5017081499099731,33.93115997314453,226,0.4812394990788681,1.2487581710712516,-12.47744424059757,0.010455912297585052,0.010455912297585052
28.081565618515015,0.34192848205566406,1.2064357995986938,0.5015149116516113,32.61928939819336,226,0.48643517430116556,1.2490260570086567,-12.300155565154848,0.010239786596913325,0.010239786596913325
28.140904903411865,0.3462418019771576,1.2088749408721924,0.5012489557266235,31.33600425720215,226,0.4913617715375223,1.2492800694444637,-12.093377316361586,0.009679313321833504,0.009679313321833504
28.190919637680054,0.3505232632160187,1.2113155126571655,0.5013706684112549,30.033546447753906,226,0.49626329891591986,1.2495327892932415,-11.861842604227103,0.009140086791071608,0.009140086791071608
28.240896463394165,0.355150043964386,1.2133204936981201,0.5012481808662415,28.7064151763916,226,0.501192053692751,1.2497869129705577,-11.61072032760979,0.008076597157754169,0.008076597157754169
28.29131293296814,0.3599017262458801,1.2156410217285156,0.5010461807250977,27.42365837097168,227,0.5057120185771868,1.25,-11.307674789093324,0.007465679134106567,0.007465679134106567
28.361441612243652,0.36844998598098755,1.2193552255630493,0.5003435015678406,24.854482650756836,227,0.5149839153388491,1.25,-10.622990709616117,0.0063196317080792585,0.0063196317080792585
28.411475658416748,0.3728243112564087,1.2206850051879883,0.5000995397567749,23.602401733398438,227,0.5194389589546446,1.25,-10.275717318274857,0.005269519389612913,0.005269519389612913
28.461472511291504,0.37722793221473694,1.2221652269363403,0.499668687582016,22.38958740234375,227,0.5239956368174461,1.25,-9.987264872272247,0.004336812684898033,0.004336812684898033
28.51150417327881,0.38165223598480225,1.223410964012146,0.4990961253643036,21.215608596801758,227,0.5284512412166311,1.25,-9.715625589668104,0.003211716975010864,0.003211716975010864
28.585612297058105,0.38604816794395447,1.2243573665618896,0.4988723397254944,20.090745925903324,228,0.5325382139482739,1.25,-9.343099281331073,0.002125191430682709,0.002125191430682709
28.635724544525146,0.39109304547309875,1.2259076833724976,0.4988516569137573,19.0246639251709,228,0.5377680478521132,1.25,-9.15869581686356,0.0013958517590368976,0.0013958517590368976
28.685669898986816,0.3954434394836426,1.2269021272659302,0.4988541007041931,18.026582717895508,228,0.5421318547008793,1.25,-8.895268910436522,0.0004739547162839684,0.0004739547162839684
28.73568820953369,0.399364173412323,1.2284090518951416,0.4993632435798645,17.04253387451172,228,0.5463251836233622,1.25,-8.616059067452886,0.00017781741433629572,0.00017781741433629572
28.81275987625122,0.4066931903362274,1.2311692237854004,0.5006722211837769,15.203139305114746,228,0.5541395671384794,1.25,-8.086507212545463,0.00041864184555440376,-0.00041864184555440376
28.862820863723755,0.41075241565704346,1.2328089475631714,0.5013760328292847,14.176256179809572,229,0.5585688454858184,1.25,-7.664178898121482,0.00031588305700955033,-0.00031588305700955033
28.91279935836792,0.4152642488479614,1.2347092628479004,0.5019983649253845,13.193324089050295,229,0.5634520726025851,1.25,-7.292384345568835,2.5306428505095747e-05,2.5306428505095747e-05
28.96278476715088,0.4197068214416504,1.2362961769104004,0.5025833249092102,12.237248420715332,229,0.5681689752517505,1.25,-6.925881639396754,9.787952809479697e-05,9.787952809479697e-05
29.03428316116333,0.4234660863876343,1.2374478578567505,0.5027676820755005,11.324193000793457,229,0.5720989322014516,1.25,-6.503385533326048,1.6674563399577327e-05,-1.6674563399577327e-05
29.084408044815063,0.4278048872947693,1.2390270233154297,0.5030074119567871,10.392145156860352,229,0.576715079606962,1.25,-6.146692566653243,8.08558591894831e-05,8.08558591894831e-05
29.134362936019897,0.4319719672203064,1.2401223182678223,0.5030721426010132,9.548539161682129,230,0.58103359734202,1.25,-5.811505590610701,0.00014124344315991237,-0.00014124344315991237
29.184364318847656,0.4372900724411011,1.2414082288742065,0.5030136108398438,8.745479583740234,230,0.5865106601116876,1.25,-5.465812799595335,4.082980336675807e-05,-4.082980336675807e-05
29.26120090484619,0.44761922955513,1.2429288625717163,0.5026977062225342,7.1399359703063965,230,0.5969363555337237,1.25,-4.729664894417629,0.000785385761893115,-0.000785385761893115
29.31124234199524,0.45312827825546265,1.243548035621643,0.5022498965263367,6.436480522155762,230,0.6024552203837876,1.25,-4.485673768959159,0.0013649233879336959,-0.0013649233879336959
29.361273050308228,0.45899447798728943,1.2441550493240356,0.5018607974052429,5.804710388183594,231,0.6084984489022389,1.25,-4.247681778453843,0.0017804809755822845,-0.0017804809755822845
29.411229610443115,0.46567994356155396,1.2444393634796143,0.5012816786766052,5.227196216583252,231,0.6151797148888294,1.25,-3.9965483938470374,0.0023485166633357927,-0.0023485166633357927
29.476784467697144,0.4713347852230072,1.2447688579559326,0.5008625388145447,4.744035720825195,231,0.6208424031959305,1.25,-3.789839236693488,0.0027406512348523196,-0.0027406512348523196
29.526849508285522,0.4789848029613495,1.2454227209091187,0.5003944039344788,4.2967000007629395,231,0.6285296877133648,1.25,-3.717519033048466,0.0030653793323517356,-0.0030653793323517356
29.576828718185425,0.48654478788375854,1.2458120584487915,0.4999629855155945,3.9057290554046635,232,0.636347246727782,1.25,-3.5325340685499897,0.003212124102951857,-0.003212124102951857
29.626829147338867,0.4945743680000305,1.246509075164795,0.4994722604751587,3.5764453411102295,232,0.6444049578435616,1.25,-3.3617224249440993,0.0029293932403758266,-0.0029293932403758266
29.681477546691895,0.5030011534690857,1.2468117475509644,0.49895840883255005,3.266789197921753,232,0.6528391773692253,1.25,-3.217915939314617,0.003060439578301961,-0.003060439578301961
29.731648921966553,0.5118666291236877,1.2474913597106934,0.498503178358078,3.00333571434021,233,0.6618666291236881,1.25,-3.0033357143402135,0.0025086402893066406,-0.0025086402893066406
29.78165054321289,0.5210983157157898,1.2477874755859375,0.49805188179016113,2.7339093685150146,233,0.6710983157157902,1.25,-2.7339093685150133,0.0022125244140625,-0.0022125244140625
29.83167791366577,0.5306326150894165,1.2484636306762695,0.49788716435432434,2.456634044647217,234,0.6806326150894169,1.25,-2.4566340446472252,0.0015363693237304688,-0.0015363693237304688
29.888776063919067,0.5406035780906677,1.2487385272979736,0.49748295545578003,2.1948513984680176,234,0.6906035780906681,1.25,-2.1948513984680194,0.0012614727020263672,-0.0012614727020263672
29.938842296600342,0.5495802164077759,1.2491410970687866,0.4972771108150482,1.9528383016586306,234,0.6995802164077762,1.25,-1.952838301658621,0.0008589029312133789,-0.0008589029312133789
29.988834857940674,0.5614930391311646,1.2499576807022095,0.4973350167274475,1.681956171989441,235,0.7114930391311651,1.25,-1.681956171989432,4.2319297790527344e-05,-4.2319297790527344e-05
30.03886318206787,0.5726627111434937,1.2505220174789429,0.4974476099014282,1.3826218843460083,235,0.7226627111434947,1.25,-1.382621884346001,0.0005220174789428711,0.0005220174789428711
30.115841388702393,0.5953724384307861,1.2520941495895386,0.49774253368377686,0.9486230611801147,236,0.7453724384307868,1.25,-0.9486230611801243,0.0020941495895385742,0.0020941495895385742
30.166021823883057,0.6070954203605652,1.2531427145004272,0.498097687959671,0.7624449133872986,237,0.7570954203605655,1.25,-0.7624449133872898,0.003142714500427246,0.003142714500427246
30.215888500213623,0.6189336180686951,1.2540791034698486,0.4984685182571411,0.6482796669006348,237,0.7689336180686954,1.25,-0.6482796669006387,0.004079103469848633,0.004079103469848633
30.265873670578003,0.6307026147842407,1.2552846670150757,0.4989854693412781,0.5727940201759338,238,0.7807026147842411,1.25,-0.5727940201759323,0.005284667015075684,0.005284667015075684
30.338794946670532,0.6412800550460815,1.2560206651687622,0.49938827753067017,0.4890001714229583,238,0.7912800550460815,1.25,-0.48900017142295116,0.006020665168762207,0.006020665168762207
30.388883590698242,0.6566506028175354,1.2572096586227417,0.5000322461128235,0.43177047371864324,239,0.8066506028175349,1.25,-0.4317704737186334,0.007209658622741699,0.007209658622741699
30.438859939575195,0.6670452952384949,1.257920503616333,0.5002517700195312,0.4255455732345581,239,0.8170452952384948,1.25,-0.4255455732345674,0.007920503616333008,0.007920503616333008
30.48887300491333,0.6784419417381287,1.258621096611023,0.5003334283828735,0.32685884833335876,239,0.8284419417381289,1.25,-0.3268588483333694,0.00862109661102295,0.00862109661102295
30.550909280776978,0.7026451826095581,1.2594226598739624,0.5003286004066467,0.23326680064201352,240,0.8526451826095585,1.25,-0.23326680064202143,0.009422659873962402,0.009422659873962402
30.600945711135864,0.7151628136634827,1.2596293687820435,0.4998709261417389,0.20332372188568115,241,0.865162813663483,1.25,-0.20332372188568443,0.009629368782043457,0.009629368782043457
30.651060581207275,0.7269488573074341,1.2597391605377197,0.4994873106479645,0.20887550711631775,241,0.8769488573074335,1.25,-0.20887550711630642,0.009739160537719727,0.009739160537719727
30.701054096221924,0.7386025786399841,1.2598400115966797,0.49894043803215027,0.1912461817264557,242,0.8886025786399836,1.25,-0.19124618172646637,0.009840011596679688,0.009840011596679688
30.770034313201904,0.7488164901733398,1.2597606182098389,0.4985523223876953,0.19453096389770508,242,0.8988164901733402,1.25,-0.1945309638976928,0.009760618209838867,0.009760618209838867
30.82005786895752,0.7590249180793762,1.2599742412567139,0.4983026087284088,0.24885441362857819,243,0.9090249180793766,1.25,-0.24885441362857416,0.009974241256713867,0.009974241256713867
30.87007784843445,0.7704104781150818,1.2597576379776,0.49797818064689636,0.29020556807518005,243,0.9204104781150821,1.25,-0.290205568075186,0.009757637977600098,0.009757637977600098
30.920079708099365,0.7821767926216125,1.2598536014556885,0.49776968359947205,0.34841528534889227,244,0.9321767926216129,1.25,-0.34841528534890426,0.009853601455688477,0.009853601455688477
30.97913885116577,0.7938027381896973,1.259799599647522,0.49764135479927063,0.49869364500045776,244,0.9438027381896985,1.25,-0.4986936450004511,0.009799599647521973,0.009799599647521973
31.029250144958496,0.8061760663986206,1.2598036527633667,0.49757981300354004,0.5312499403953552,245,0.9561760663986218,1.25,-0.5312499403953608,0.0098036527633667,0.0098036527633667
31.07919669151306,0.8197479844093323,1.2600557804107666,0.49747955799102783,0.5758471488952637,245,0.9697479844093326,1.25,-0.5758471488952557,0.010055780410766602,0.010055780410766602
31.12921404838562,0.8319230675697327,1.2600359916687012,0.49747174978256226,0.6153252124786377,246,0.981923067569733,1.25,-0.6153252124786348,0.010035991668701172,0.010035991668701172
31.186994314193726,0.8439135551452637,1.2601628303527832,0.4973449409008026,0.7185301184654236,246,0.9939135551452641,1.25,-0.7185301184654282,0.010162830352783203,0.010162830352783203
31.23688530921936,0.8539183139801025,1.2601121664047241,0.4973360300064087,0.7888704538345337,246,1.0039183139801031,1.25,-0.7888704538345299,0.010112166404724121,0.010112166404724121
31.28714394569397,0.8655487298965454,1.2604306936264038,0.4972588121891022,0.9056811928749084,247,1.0155487298965458,1.25,-0.9056811928749072,0.010430693626403809,0.010430693626403809
31.336876392364502,0.8775089979171753,1.2603299617767334,0.497012197971344,0.9917597174644469,247,1.0275089979171754,1.25,-0.9917597174644343,0.010329961776733398,0.010329961776733398
31.397045850753784,0.9019144177436829,1.2601690292358398,0.49668779969215393,0.9822726249694823,248,1.0519144177436828,1.25,-0.9822726249694702,0.010169029235839844,0.010169029235839844
31.447221279144287,0.9143232703208923,1.2600679397583008,0.4964803457260132,1.0836777687072754,249,1.064323270320893,1.25,-1.0836777687072878,0.010067939758300781,0.010067939758300781
31.497079372406006,0.9277181625366211,1.2598251104354858,0.4963794946670532,1.1521871089935303,249,1.0777181625366223,1.25,-1.152187108993539,0.00982511043548584,0.00982511043548584
31.5470871925354,0.942090630531311,1.2600255012512207,0.4965135157108307,1.2317703962326052,250,1.0920906305313118,1.25,-1.2317703962326128,0.010025501251220703,0.010025501251220703
31.618451833724976,0.9541745781898499,1.259820818901062,0.4967280328273773,1.2282987833023074,250,1.10417457818985,1.25,-1.2282987833023127,0.009820818901062012,0.009820818901062012
31.668489694595337,0.9668447375297546,1.2597367763519287,0.497051477432251,1.3055434226989748,251,1.116844737529755,1.25,-1.3055434226989788,0.009736776351928711,0.009736776351928711
31.718520402908325,0.9800772666931152,1.2598594427108765,0.4973450303077698,1.3586560487747192,251,1.130077266693116,1.25,-1.3586560487747175,0.009859442710876465,0.009859442710876465
31.76851773262024,0.9925802946090698,1.2598371505737305,0.4973488748073578,1.4301563501358032,252,1.14258029460907,1.25,-1.4301563501358083,0.009837150573730469,0.009837150573730469
31.839717149734497,1.0048940181732178,1.2600176334381104,0.4976022243499756,1.3976986408233643,252,1.1548940181732172,1.25,-1.3976986408233696,0.010017633438110352,0.010017633438110352
31.889738082885742,1.0173430442810059,1.259820580482483,0.4977504312992096,1.3939179182052612,253,1.1673430442810055,1.25,-1.3939179182052541,0.00982058048248291,0.00982058048248291
31.939954042434692,1.0297198295593262,1.2599897384643555,0.49779221415519714,1.3428746461868286,253,1.1797198295593263,1.25,-1.3428746461868404,0.009989738464355469,0.009989738464355469
31.989881992340088,1.0421854257583618,1.2599059343338013,0.4978615343570709,1.2431244850158691,254,1.1921854257583622,1.25,-1.2431244850158727,0.00990593433380127,0.00990593433380127
32.056835889816284,1.0659633874893188,1.2600903511047363,0.4979523718357086,1.0945950746536255,255,1.2159633874893194,1.25,-1.094595074653633,0.010090351104736328,0.010090351104736328
32.10681676864624,1.0780422687530518,1.2599002122879028,0.4980553686618805,1.034653902053833,255,1.2280422687530512,1.25,-1.034653902053844,0.009900212287902832,0.009900212287902832
32.157058238983154,1.0912128686904907,1.2598724365234375,0.49787792563438416,0.9195359349250792,256,1.24121286869049,1.25,-0.9195359349250789,0.0098724365234375,0.0098724365234375
32.20680642127991,1.1036633253097534,1.259655237197876,0.4979902505874634,0.7983609437942505,256,1.2536633253097533,1.25,-0.7983609437942388,0.009655237197875977,0.009655237197875977
32.27406144142151,1.1140307188034058,1.2597604990005493,0.49805933237075806,0.7925717830657959,257,1.264030718803406,1.25,-0.7925717830657834,0.009760499000549316,0.009760499000549316
32.324055671691895,1.1257972717285156,1.2597291469573975,0.49798473715782166,0.6839667558670044,257,1.275797271728516,1.25,-0.6839667558670041,0.009729146957397461,0.009729146957397461
32.37422776222229,1.1403671503067017,1.2595819234848022,0.4979967772960663,0.6520628929138184,258,1.2903671503067022,1.25,-0.652062892913828,0.009581923484802246,0.009581923484802246
32.42419385910034,1.1534521579742432,1.2598191499710083,0.4978223145008087,0.633167564868927,258,1.3034521579742444,1.25,-0.6331675648689186,0.0098191499710083,0.0098191499710083
32.494858264923096,1.1787798404693604,1.260145664215088,0.49781399965286255,0.6963504552841187,259,1.3287798404693603,1.25,-0.6963504552841152,0.01014566421508789,0.01014566421508789
32.54489588737488,1.1918747425079346,1.2601674795150757,0.4978061020374298,0.6706659197807312,260,1.3418747425079347,1.25,-0.6706659197807332,0.010167479515075684,0.010167479515075684
32.59491515159607,1.2049928903579712,1.261055827140808,0.49794846773147583,0.6310620903968811,260,1.3549928903579718,1.25,-0.6310620903968726,0.011055827140808105,0.011055827140808105
32.644922971725464,1.2178351879119873,1.2614963054656982,0.49820470809936523,0.5361366868019104,261,1.3678351879119877,1.25,-0.5361366868019101,0.011496305465698242,0.011496305465698242
32.71536612510681,1.229290246963501,1.2623400688171387,0.498396635055542,0.46083581447601313,261,1.379290246963501,1.25,-0.4608358144760009,0.012340068817138672,0.012340068817138672
32.76543593406677,1.2425450086593628,1.2632029056549072,0.4986366331577301,0.38798683881759644,262,1.392545008659363,1.25,-0.38798683881758594,0.013202905654907227,0.013202905654907227
32.81550455093384,1.2562358379364014,1.263743281364441,0.4989335238933563,0.2411319464445114,263,1.4062358379364013,1.25,-0.2411319464445054,0.013743281364440918,0.013743281364440918
32.86547636985779,1.269232988357544,1.2647900581359863,0.49928346276283264,0.1900460571050644,263,1.4192329883575443,1.25,-0.19004605710507014,0.014790058135986328,0.014790058135986328
32.93117308616638,1.2807472944259644,1.2654000520706177,0.4994940161705017,0.03305938094854355,264,1.430747294425965,1.25,-0.03305938094855252,0.015400052070617676,0.015400052070617676
32.98132038116455,1.295365333557129,1.2662626504898071,0.49967658519744873,-0.08623509854078294,264,1.4453653335571293,1.25,0.08623509854077738,0.01626265048980713,0.01626265048980713
33.03130912780762,1.3077638149261475,1.266736626625061,0.49988484382629395,-0.16740214824676514,265,1.4577638149261476,1.25,0.16740214824676974,0.016736626625061035,0.016736626625061035
33.08131504058838,1.3207581043243408,1.2676055431365967,0.49981871247291565,-0.1259804517030716,265,1.4707581043243414,1.25,0.12598045170306246,0.01760554313659668,0.01760554313659668
33.151105880737305,1.344876766204834,1.268605351448059,0.5001127123832703,-0.1803286373615265,266,1.494876766204835,1.25,0.18032863736151844,0.018605351448059082,0.018605351448059082
33.201197385787964,1.3570266962051392,1.269356369972229,0.5003640055656433,-0.15431784093379974,267,1.5070266962051404,1.25,0.1543178409338102,0.019356369972229004,0.019356369972229004
33.2511785030365,1.3700037002563477,1.2695271968841553,0.5005557537078857,-0.04841794818639755,267,1.5200037002563482,1.25,0.04841794818639889,0.019527196884155273,0.019527196884155273
33.30128288269043,1.3831617832183838,1.2698087692260742,0.5007672905921936,-0.042967043817043304,268,1.533161783218384,1.25,0.04296704381705067,0.01980876922607422,0.01980876922607422
33.35875630378723,1.3955632448196411,1.2699191570281982,0.5009286403656006,-0.03282163664698601,268,1.5455632448196417,1.25,0.03282163664698197,0.019919157028198242,0.019919157028198242
33.40884304046631,1.4092286825180054,1.2696783542633057,0.5012437105178833,-0.06685863435268402,269,1.559228682518006,1.25,0.06685863435268927,0.019678354263305664,0.019678354263305664
33.458869218826294,1.4230988025665283,1.2696586847305298,0.5016694068908691,-0.06773494184017181,269,1.5730988025665282,1.25,0.06773494184016982,0.019658684730529785,0.019658684730529785
33.50878047943115,1.436631679534912,1.2690966129302979,0.5019487142562866,-0.0755424052476883,270,1.5866316795349118,1.25,0.0755424052476787,0.01909661293029785,0.01909661293029785
33.56689095497131,1.4482879638671875,1.2686359882354736,0.502356767654419,-0.04962525889277458,270,1.5982879638671874,1.25,0.04962525889276454,0.018635988235473633,0.018635988235473633
33.616952657699585,1.4625624418258667,1.2681574821472168,0.5025496482849121,0.003125831484794617,271,1.612562441825867,1.25,-0.0031258314847927523,0.018157482147216797,0.018157482147216797
33.66694188117981,1.4761130809783936,1.267366647720337,0.5029246807098389,0.05467027425765991,271,1.6261130809783941,1.25,-0.054670274257667496,0.017366647720336914,0.017366647720336914
33.71703338623047,1.491995096206665,1.2664687633514404,0.5029574036598206,0.1363704651594162,272,1.6419950962066647,1.25,-0.13637046515941886,0.01646876335144043,0.01646876335144043
33.77363085746765,1.5050973892211914,1.2653566598892212,0.5030855536460876,0.1154600754380226,272,1.6550973892211909,1.25,-0.11546007543802951,0.015356659889221191,0.015356659889221191
33.82369351387024,1.518051028251648,1.2645859718322754,0.5028349161148071,0.13825634121894836,273,1.668051028251648,1.25,-0.1382563412189554,0.01458597183227539,0.01458597183227539
33.87374448776245,1.528342604637146,1.2637773752212524,0.5027334094047546,0.10023549199104309,273,1.678342604637146,1.25,-0.1002354919910542,0.013777375221252441,0.013777375221252441
33.92364144325256,1.5410503149032593,1.263022780418396,0.5025712251663208,0.0508432500064373,274,1.6910503149032594,1.25,-0.05084325000642896,0.013022780418395996,0.013022780418395996
33.97975945472717,1.553600788116455,1.26199209690094,0.502470850944519,0.07906010746955872,274,1.7036007881164557,1.25,-0.07906010746956184,0.011992096900939941,0.011992096900939941
34.02984929084778,1.5660171508789062,1.2611786127090454,0.5022588968276978,0.16821014881134033,275,1.7160171508789068,1.25,-0.1682101488113452,0.01117861270904541,0.01117861270904541
34.07992100715637,1.5783545970916748,1.260181188583374,0.5018633008003235,0.2891450524330139,275,1.728354597091676,1.25,-0.28914505243300687,0.010181188583374023,0.010181188583374023
34.12982749938965,1.5907212495803833,1.2593923807144165,0.5015036463737488,0.3029930591583252,276,1.7407212495803843,1.25,-0.3029930591583265,0.009392380714416504,0.009392380714416504
34.18702697753906,1.6030025482177734,1.2584234476089478,0.5011023283004761,0.3175585865974426,276,1.7530025482177733,1.25,-0.3175585865974538,0.008423447608947754,0.008423447608947754
34.2371928691864,1.619376301765442,1.2575476169586182,0.5007058382034302,0.39919930696487427,277,1.7693763017654422,1.25,-0.3991993069648625,0.007547616958618164,0.007547616958618164
34.28718304634094,1.627894401550293,1.2571293115615845,0.5004925727844238,0.44807571172714233,277,1.7778944015502935,1.25,-0.44807571172714195,0.007129311561584473,0.007129311561584473
34.337194204330444,1.6410984992980957,1.2563852071762085,0.5001945495605469,0.45739820599555975,278,1.791098499298096,1.25,-0.45739820599555836,0.006385207176208496,0.006385207176208496
34.39337635040283,1.6650851964950562,1.2555915117263794,0.5000022649765015,0.5965790748596191,279,1.8150851964950565,1.25,-0.5965790748596194,0.0055915117263793945,0.0055915117263793945
34.443543672561646,1.6764085292816162,1.255596399307251,0.5000342130661011,0.6420042514801025,279,1.826408529281617,1.25,-0.6420042514800938,0.0055963993072509766,0.0055963993072509766
34.49346733093262,1.6884443759918213,1.255372166633606,0.4999125599861145,0.6859556436538696,280,1.8384443759918223,1.25,-0.6859556436538821,0.005372166633605957,0.005372166633605957
34.54347515106201,1.700900673866272,1.2555426359176636,0.4997521936893463,0.7283884286880493,280,1.8509006738662732,1.25,-0.728388428688053,0.005542635917663574,0.005542635917663574
34.59970569610596,1.712112545967102,1.2555025815963745,0.499654620885849,0.7551704049110413,281,1.862112545967103,1.25,-0.7551704049110368,0.005502581596374512,0.005502581596374512
34.649914264678955,1.725915551185608,1.255541443824768,0.4995974004268646,0.756647527217865,281,1.8759155511856083,1.25,-0.7566475272178556,0.005541443824768066,0.005541443824768066
34.69987487792969,1.739393949508667,1.255867838859558,0.4995275139808655,0.7916204929351807,282,1.8893939495086673,1.25,-0.7916204929351838,0.0058678388595581055,0.0058678388595581055
34.74976134300232,1.7525179386138916,1.2559720277786255,0.49944525957107544,0.785824716091156,282,1.9025179386138924,1.25,-0.7858247160911522,0.005972027778625488,0.005972027778625488
34.80670380592346,1.7658305168151855,1.2561466693878174,0.49957171082496643,0.7592112421989442,283,1.9158305168151857,1.25,-0.7592112421989472,0.006146669387817383,0.006146669387817383
34.85694646835327,1.7809168100357056,1.2565752267837524,0.4996004104614258,0.6589601039886475,284,1.930916810035705,1.25,-0.6589601039886367,0.006575226783752441,0.006575226783752441
34.90677881240845,1.7937400341033936,1.2568129301071167,0.4997546076774597,0.6451452374458313,284,1.9437400341033935,1.25,-0.6451452374458353,0.006812930107116699,0.006812930107116699
34.95676636695862,1.809062123298645,1.2568961381912231,0.49966445565223694,0.5918537378311157,285,1.9590621232986452,1.25,-0.5918537378311183,0.0068961381912231445,0.0068961381912231445
35.013351917266846,1.8229796886444092,1.2569239139556885,0.4996664226055145,0.5463345050811768,285,1.9729796886444098,1.25,-0.5463345050811663,0.0069239139556884766,0.0069239139556884766
35.06343674659729,1.8334827423095703,1.2570959329605103,0.49963632225990295,0.5062209963798523,286,1.9834827423095702,1.25,-0.5062209963798546,0.007095932960510254,0.007095932960510254
35.11346197128296,1.8464384078979492,1.2570486068725586,0.4995284974575043,0.3818836808204651,286,1.996438407897949,1.25,-0.38188368082046886,0.007048606872558594,0.007048606872558594
35.16345572471619,1.8597745895385742,1.25706148147583,0.499301940202713,0.330427497625351,287,2.0097745895385737,1.25,-0.3304274976253502,0.007061481475830078,0.007061481475830078
35.220865964889526,1.8724212646484375,1.2570055723190308,0.4991227090358734,0.25334444642066956,287,2.0224212646484374,1.25,-0.2533444464206714,0.007005572319030762,0.007005572319030762
35.27106523513794,1.885087490081787,1.2568528652191162,0.49899381399154663,0.12746991217136383,288,2.035087490081787,1.25,-0.1274699121713622,0.006852865219116211,0.006852865219116211
35.32102823257446,1.900496244430542,1.2568742036819458,0.4989403486251831,0.003598454874008894,288,2.050496244430543,1.25,-0.003598454874002609,0.006874203681945801,0.006874203681945801
35.37093496322632,1.9135780334472656,1.2567569017410278,0.4989197850227356,-0.1289863884449005,289,2.0635780334472664,1.25,0.1289863884449118,0.006756901741027832,0.006756901741027832
35.4283549785614,1.9266105890274048,1.2568016052246094,0.498902291059494,-0.16601820290088654,289,2.076610589027406,1.25,0.16601820290088526,0.006801605224609375,0.006801605224609375
35.478461027145386,1.9374473094940186,1.2566626071929932,0.49901634454727173,-0.16857895255088806,290,2.08744730949402,1.25,0.16857895255087627,0.006662607192993164,0.006662607192993164
35.52840518951416,1.9490306377410889,1.2568435668945312,0.4991806745529175,-0.20812472701072693,290,2.099030637741089,1.25,0.2081247270107301,0.00684356689453125,0.00684356689453125
35.57853937149048,1.9614366292953491,1.2567328214645386,0.4994259178638458,-0.26712217926979065,291,2.111436629295349,1.25,0.2671221792697791,0.006732821464538574,0.006732821464538574
35.63508725166321,1.9742423295974731,1.2565639019012451,0.4995819926261902,-0.29854485392570496,291,2.124242329597474,1.25,0.2985448539257024,0.006563901901245117,0.006563901901245117
35.68527173995972,1.98898446559906,1.256641149520874,0.4997294545173645,-0.2810182571411133,292,2.138984465599061,1.25,0.2810182571411162,0.0066411495208740234,0.0066411495208740234
35.73536396026611,2.0032799243927,1.2564157247543335,0.4997789263725281,-0.2531883418560028,292,2.1532799243927006,1.25,0.25318834185601163,0.006415724754333496,0.006415724754333496
35.785282373428345,2.01497220993042,1.2563813924789429,0.49969109892845154,-0.21053066849708557,293,2.1649722099304203,1.25,0.21053066849709584,0.006381392478942871,0.006381392478942871
35.842529296875,2.0410096645355225,1.2554479837417603,0.49964073300361633,0.068814717233181,294,2.1910096645355224,1.25,-0.06881471723318508,0.005447983741760254,0.005447983741760254
35.893341302871704,2.0546958446502686,1.2552372217178345,0.4995596408843994,0.21893388032913208,294,2.204695844650269,1.25,-0.2189338803291317,0.005237221717834473,0.005237221717834473
35.942681312561035,2.068451166152954,1.2550053596496582,0.4996013641357422,0.39335376024246216,295,2.2184511661529545,1.25,-0.3933537602424665,0.005005359649658203,0.005005359649658203
35.99268317222595,2.0817959308624268,1.254499077796936,0.4997148811817169,0.5544211268424988,296,2.231795930862427,1.25,-0.5544211268424969,0.004499077796936035,0.004499077796936035
36.05018591880798,2.0950815677642822,1.2542145252227783,0.49960747361183167,0.6324532628059387,296,2.245081567764283,1.25,-0.632453262805942,0.00421452522277832,0.00421452522277832
36.10045337677002,2.109811544418335,1.2539578676223755,0.49955686926841736,0.7667346596717834,297,2.2598115444183353,1.25,-0.7667346596717879,0.003957867622375488,0.003957867622375488
36.15036630630493,2.121697187423706,1.2537025213241577,0.4995019733905792,0.9291881918907167,297,2.271697187423706,1.25,-0.9291881918907147,0.003702521324157715,0.003702521324157715
36.200268507003784,2.1358485221862793,1.2536430358886719,0.49938538670539856,1.0365287065505981,298,2.2858485221862788,1.25,-1.0365287065506024,0.003643035888671875,0.003643035888671875
36.256756067276,2.1488029956817627,1.2536615133285522,0.4994029998779297,1.0746113061904907,298,2.2988029956817626,1.25,-1.074611306190496,0.003661513328552246,0.003661513328552246
36.30688261985779,2.162036180496216,1.2536975145339966,0.4993656277656555,1.1188989877700806,299,2.312036180496216,1.25,-1.1188989877700846,0.003697514533996582,0.003697514533996582
36.356940507888794,2.174859046936035,1.254069209098816,0.4995025396347046,1.1404597759246826,299,2.324859046936036,1.25,-1.1404597759246733,0.004069209098815918,0.004069209098815918
36.40680551528931,2.186870813369751,1.2542997598648071,0.49947383999824524,1.2067627906799316,300,2.3368708133697518,1.25,-1.2067627906799363,0.004299759864807129,0.004299759864807129
36.465230226516724,2.1967875957489014,1.2547791004180908,0.49936601519584656,1.25433349609375,300,2.3467875957489017,1.25,-1.254333496093741,0.00477910041809082,0.00477910041809082
36.51542901992798,2.205489158630371,1.2549264430999756,0.4993051290512085,1.2871551513671875,301,2.3554891586303714,1.25,-1.2871551513671962,0.004926443099975586,0.004926443099975586
36.56539177894592,2.2213706970214844,1.255321741104126,0.49938690662384033,1.2783175706863403,301,2.3713706970214843,1.25,-1.2783175706863499,0.0053217411041259766,0.0053217411041259766
36.61544752120972,2.2345962524414062,1.2557862997055054,0.49936163425445557,1.2481714487075806,302,2.384596252441406,1.25,-1.248171448707584,0.005786299705505371,0.005786299705505371
36.67254447937012,2.246938943862915,1.256091833114624,0.4994474947452545,1.1311678886413574,302,2.3969389438629154,1.25,-1.1311678886413696,0.0060918331146240234,0.0060918331146240234
36.722594022750854,2.2592079639434814,1.2565150260925293,0.4995960295200348,1.0835068225860596,303,2.4092079639434822,1.25,-1.0835068225860478,0.006515026092529297,0.006515026092529297
36.772696018218994,2.271573781967163,1.2569020986557007,0.49979788064956665,0.9833729267120362,303,2.4215737819671634,1.25,-0.9833729267120245,0.006902098655700684,0.006902098655700684
36.822803020477295,2.2838757038116455,1.2574533224105835,0.4998234510421753,0.8355488777160645,304,2.4338757038116468,1.25,-0.8355488777160761,0.007453322410583496,0.007453322410583496
36.89317345619202,2.306896924972534,1.2581698894500732,0.5000429749488831,0.5224839448928833,305,2.456896924972534,1.25,-0.5224839448928886,0.008169889450073242,0.008169889450073242
36.94332718849182,2.3191308975219727,1.2588361501693726,0.500063955783844,0.31986698508262634,305,2.469130897521973,1.25,-0.3198669850826273,0.008836150169372559,0.008836150169372559
36.99329233169556,2.333153486251831,1.2593228816986084,0.5000643730163574,0.0913429707288742,306,2.483152196300809,1.2500394039274867,-0.07629165003047954,0.009322881376928348,0.009322881376928348
37.04333829879761,2.346346855163574,1.2599294185638428,0.5000676512718201,-0.13993491232395172,306,2.496339548499946,1.2502231954846936,0.2251933976279195,0.009929407570653559,0.009929407570653559
37.11201596260071,2.358348846435547,1.2601954936981201,0.5001097917556763,-0.34459829330444336,307,2.5083309709144594,1.2505460406823465,0.5531944071564429,0.010195426129516027,0.010195426129516027
37.16195464134216,2.371699571609497,1.2606827020645142,0.5000054240226746,-0.4990290701389312,307,2.5216531111609917,1.2514192198862149,1.0412829050277423,0.010682223646109688,0.010682223646109688
37.21203827857971,2.384526014328003,1.260768175125122,0.5000105500221252,-0.6122824549674988,308,2.5343871821032775,1.252751145050155,1.663997841695937,0.010766361067363164,0.010766361067363164
37.26204991340637,2.397322177886963,1.2610361576080322,0.49999651312828064,-0.7586907148361206,308,2.546958240855059,1.2550897897608833,2.7068245823858677,0.011029778816842698,0.011029778816842698
37.331862449645996,2.4084794521331787,1.2610937356948853,0.5000907182693481,-0.8375018835067749,309,2.5578503761537856,1.2574056988911477,3.6758597186332644,0.011080126011264874,0.011080126011264874
37.38189506530762,2.4213812351226807,1.2614425420761108,0.5001652240753174,-0.9320102334022523,309,2.570243546736887,1.2608956883761984,5.118198964007612,0.011412014546395172,0.011412014546395172
37.432597160339355,2.43485426902771,1.2613552808761597,0.5002490878105164,-0.9253030419349672,310,2.5830581505682066,1.2649289926059994,6.677464044875759,0.011298104070818549,0.011298104070818549
37.481884717941284,2.4473440647125244,1.2612165212631226,0.5003864765167236,-0.8839478492736816,310,2.59470454964481,1.2693796277658789,8.376017991313313,0.01112076488991738,0.01112076488991738
37.53988480567932,2.469989776611328,1.2614160776138306,0.5006506443023682,-0.6424227356910706,311,2.6152989922703878,1.2787096414641375,11.818760507962175,0.011199574982068338,0.011199574982068338
37.58994388580322,2.469989776611328,1.2614160776138306,0.5006506443023682,-0.6424227356910706,311,2.6152989922703878,1.2787096414641375,11.818760507962175,0.011199574982068338,0.011199574982068338
37.64004445075989,2.482499122619629,1.2618505954742432,0.5007101893424988,-0.36451488733291626,312,2.6265168655052364,1.2845756783946352,13.86715942947703,0.011529795780897823,0.011529795780897823
37.69004464149475,2.4934723377227783,1.2622641324996948,0.500813364982605,-0.03329562023282051,312,2.6356617733139536,1.2906529166398233,15.937609704233774,0.01166232235521502,0.01166232235521502
37.74745488166809,2.511815309524536,1.263797402381897,0.5011987090110779,1.2440122365951538,313,2.6511177171239018,1.3017229545465023,18.938575991528054,0.012464294910034474,0.012464294910034474
37.797550678253174,2.5191097259521484,1.2647610902786255,0.5013291239738464,1.9434108734130862,313,2.6568289534649714,1.3063143736969236,19.95504027533773,0.012809073241530087,0.012809073241530087
37.847684383392334,2.529266595840454,1.266455888748169,0.5015249848365784,3.106455087661743,314,2.6660344925034964,1.313908459277099,21.567318580211477,0.01397379869236273,0.01397379869236273
37.897632360458374,2.536606788635254,1.2676620483398438,0.5016731023788452,4.251084327697754,314,2.671379032989884,1.3190666137768732,22.0828380717982,0.013715218937187374,0.013715218937187374
37.95462083816528,2.5440120697021484,1.2693203687667847,0.5018681883811951,5.542909622192383,314,2.6768289904699327,1.32432650894857,22.485698222041965,0.01385767365711239,0.01385767365711239
38.00468420982361,2.5500500202178955,1.2707188129425049,0.5020355582237244,6.999382019042969,314,2.6812787417005324,1.3286210791537076,22.412186721574574,0.014004241228240615,0.014004241228240615
38.054675340652466,2.5564911365509033,1.2725719213485718,0.502208411693573,8.567276954650879,315,2.6866836433456944,1.3345867777256977,22.64301904970275,0.014423727526437828,0.014423727526437828
38.104711055755615,2.5621683597564697,1.2741994857788086,0.5025061964988708,10.230812072753906,315,2.690550946288511,1.3390628521863095,22.30105307131529,0.014354303662676699,0.014354303662676699
38.16457772254944,2.567375659942627,1.2758255004882812,0.5027134418487549,11.994562149047852,315,2.694121776876354,1.3431957850942688,21.757369228281867,0.01440483940670596,0.01440483940670596
38.21463203430176,2.572654962539673,1.2774327993392944,0.5028656721115112,13.945713996887207,315,2.69773466927239,1.347377400970231,21.039309419094213,0.014410240011245771,0.014410240011245771
38.2646906375885,2.5763189792633057,1.278600811958313,0.5028672218322754,15.523224830627441,316,2.700852889940361,1.3515729400531378,20.667074531462056,0.014640510751812288,0.014640510751812288
38.31488347053528,2.5819554328918457,1.2804635763168335,0.5027344822883606,17.96543312072754,316,2.7041532547313882,1.356512285018287,19.623437958257185,0.01427798756297258,0.01427798756297258
38.37572884559631,2.5868561267852783,1.2819490432739258,0.5028098225593567,20.022899627685547,316,2.70699615364422,1.3607669839139065,18.771546069700058,0.01384052098188614,0.01384052098188614
38.425769090652466,2.592968702316284,1.2842350006103516,0.5028569102287292,22.074399948120117,316,2.710628121555538,1.3662026080198006,18.259616296322324,0.013671559771331618,0.013671559771331618
38.4757924079895,2.598045825958252,1.28614342212677,0.5027270913124084,24.123836517333984,317,2.714180134178689,1.3719544836339699,17.807164357869418,0.013765883047686188,0.013765883047686188
38.525774002075195,2.6032285690307617,1.2882883548736572,0.5026727914810181,26.185508728027344,317,2.716815059216484,1.376882161813595,17.073219869880802,0.01332022521414471,0.01332022521414471
38.58490347862244,2.607356309890747,1.290108561515808,0.5025668144226074,27.86778450012207,317,2.7189369167544992,1.3808503320424899,16.460943273942735,0.013058190082738484,0.013058190082738484
38.6349618434906,2.6135971546173096,1.293137788772583,0.5025879740715027,30.39506721496582,317,2.722202731560098,1.386957862285441,15.580093532058184,0.01288944846658609,0.01288944846658609
38.684945821762085,2.6186599731445312,1.2958778142929077,0.5028505325317383,32.388526916503906,318,2.7255808742878918,1.3936679926682902,15.342319060331581,0.013345686832824704,0.013345686832824704
38.734943151474,2.623056173324585,1.2987008094787598,0.5032013058662415,33.994285583496094,318,2.727613628214552,1.3984691142476906,14.901752837053822,0.01319550582227631,0.01319550582227631
38.79448628425598,2.632066249847412,1.3046897649765015,0.5033762454986572,37.517364501953125,318,2.7318235477205475,1.4084124404529312,13.795005329110136,0.013032729324960402,0.013032729324960402
38.844542264938354,2.637603282928467,1.3089535236358643,0.5031505823135376,39.215702056884766,319,2.7349217045906955,1.4160435987691993,13.938949714654928,0.01366241745684979,0.01366241745684979
38.89460206031799,2.642138957977295,1.3125131130218506,0.5029667019844055,40.82373809814453,319,2.7366817881981085,1.4215391141063138,13.619680936725743,0.013515188752436309,0.013515188752436309
38.94459867477417,2.646677017211914,1.3163834810256958,0.5028218030929565,42.44575881958008,319,2.7385018856101824,1.4272220107601794,13.331408693191873,0.013588968995994644,0.013588968995994644
39.004486083984375,2.650956869125366,1.3202173709869385,0.5026325583457947,44.038028717041016,319,2.7402535688240217,1.4326912975184187,13.022418753654643,0.013783642490184704,0.013783642490184704
39.05454182624817,2.6551520824432373,1.324455976486206,0.5025331377983093,45.49037551879883,320,2.742354327406226,1.4396834567394583,13.210363882370194,0.01464970523494037,0.01464970523494037
39.10452604293823,2.659289836883545,1.3284932374954224,0.5025404691696167,46.885555267333984,320,2.743484378663031,1.4453646080509208,13.157196379639863,0.014585855114320267,0.014585855114320267
39.154635429382324,2.6634368896484375,1.3328485488891602,0.5024619102478027,48.207191467285156,320,2.74465891297187,1.4512693907666012,13.231707917513715,0.014721442794201782,0.014721442794201782
39.21488618850708,2.666931629180908,1.3365697860717773,0.5021170377731323,49.50404739379883,320,2.7456556210254117,1.4562801805262906,13.119449983894269,0.014860116213159174,0.014860116213159174
39.26495313644409,2.6708571910858154,1.34066903591156,0.5017441511154175,50.69801330566407,320,2.746764241347736,1.4618535912544819,13.24160332395964,0.014951125857026196,0.014951125857026196
39.31494069099426,2.6748783588409424,1.3453021049499512,0.501370370388031,51.96359634399414,321,2.7475646072362174,1.469381214667027,13.772803307757187,0.015276992079149877,0.015276992079149877
39.36497473716736,2.678741931915283,1.3498278856277466,0.501133382320404,53.221092224121094,321,2.7480896122161313,1.4753038445531164,13.933984333041455,0.015193412523249421,0.015193412523249421
39.422325134277344,2.68251371383667,1.3542762994766235,0.5009782910346985,54.5207405090332,321,2.74860415741063,1.4811084766295202,14.024721819313745,0.015120410679736754,0.015120410679736754
39.472500801086426,2.685055732727051,1.3574544191360474,0.5007918477058411,55.74568176269531,321,2.748962961164947,1.4851561750702207,13.768434633232712,0.015173010082417396,0.015173010082417396
39.52238392829895,2.6883206367492676,1.3614213466644287,0.5005961060523987,56.91631317138672,322,2.7491998041225303,1.4922609655313668,14.240071631240266,0.015356873579245539,0.015356873579245539
39.57249093055725,2.6912271976470947,1.3651591539382935,0.5003821849822998,58.2279396057129,322,2.7491897687389826,1.4969735258085064,13.995378302079759,0.014951119939449179,0.014951119939449179
39.63049840927124,2.6941604614257812,1.369011640548706,0.5002778768539429,59.42715072631836,322,2.749179499213417,1.5017960378745403,13.888824094847177,0.014581346697836136,0.014581346697836136
39.68065357208252,2.6969385147094727,1.372546672821045,0.5000218152999878,60.68671417236328,322,2.7491699738069655,1.5062691157450558,13.642808405647155,0.014171054724259238,0.014171054724259238
39.73055362701416,2.6996309757232666,1.3762537240982056,0.49968281388282776,61.927162170410156,322,2.749160245519838,1.5108374652519172,13.436882763627022,0.013915925167783925,0.013915925167783925
39.78074502944946,2.7023024559020996,1.3798164129257202,0.4993804097175598,63.15210342407227,323,2.7488035512480233,1.5166699903389864,13.523839438912997,0.013710340786188277,0.013710340786188277
39.837461709976196,2.704942464828491,1.3835370540618896,0.49927982687950134,64.46241760253906,323,2.748384675460434,1.5211773751757804,13.225160489975607,0.013092286271896516,0.013092286271896516
39.887569189071655,2.7075119018554688,1.3875702619552612,0.49925026297569275,65.73998260498047,323,2.7479433692288304,1.525926126656881,13.013985105773836,0.01267264105595321,0.01267264105595321
39.9376335144043,2.7101447582244873,1.3917707204818726,0.4992295205593109,67.05027770996094,323,2.747485645039366,1.5308515463926382,12.809607113345697,0.012271617620024036,0.012271617620024036
39.987515926361084,2.712430000305176,1.3959927558898926,0.49920353293418884,68.30802154541016,323,2.7470413302171597,1.5356326723295213,12.624469684179997,0.012171818199704346,0.012171818199704346
40.0597460269928,2.716221332550049,1.4034429788589478,0.49913451075553894,70.79501342773438,324,2.745399199674296,1.545008936658795,12.299693696201263,0.011945948405698188,0.011945948405698188
40.10973858833313,2.718245506286621,1.4082597494125366,0.4990653395652771,71.97650909423828,324,2.7443777390417363,1.5501441660365165,12.31312718137914,0.011885092028529127,0.011885092028529127
40.15977644920349,2.720041275024414,1.4124960899353027,0.498937726020813,73.16319274902344,324,2.743478183994071,1.554666534652984,12.178557512680708,0.011813510064146462,0.011813510064146462
40.20973467826843,2.721437692642212,1.416621446609497,0.49881288409233093,74.33592987060548,324,2.7426290495950436,1.5589354215513378,11.998117165632628,0.012048538660717067,0.012048538660717067
40.28043746948242,2.7228500843048096,1.4209567308425903,0.4986703395843506,75.56856536865234,325,2.7412423371325843,1.5644906127213543,12.095591450825822,0.01252697995035517,0.01252697995035517
40.33052062988281,2.7238855361938477,1.425081491470337,0.4985116124153137,76.7957534790039,325,2.739930406185684,1.5685277361874994,11.879773717782763,0.012724916174916773,0.012724916174916773
40.38062000274658,2.7249956130981445,1.4290082454681396,0.4984740912914276,78.01648712158203,325,2.738669730847373,1.5724071339587857,11.63174389544938,0.012793464224494788,0.012793464224494788
40.43047642707825,2.7257823944091797,1.4332047700881958,0.4982442557811737,79.24520111083984,325,2.7373601195160986,1.5764371194161086,11.413761246182885,0.013224247321816344,0.013224247321816344
40.50088024139404,2.7276861667633057,1.442107081413269,0.49800559878349304,81.56346130371094,325,2.734559839065582,1.585054248195091,11.254740671376242,0.013893652769523347,0.013893652769523347
40.55091595649719,2.728492021560669,1.4469181299209595,0.4979788064956665,82.65443420410156,326,2.732064582013338,1.591110184783035,11.67826496392019,0.01445574558573447,0.01445574558573447
40.60091781616211,2.7293038368225098,1.4516243934631348,0.49795201420783997,83.83464050292969,326,2.7301883689343645,1.5954895368008455,11.594672230885566,0.01449274332895318,0.01449274332895318
40.65091919898987,2.730139970779419,1.4560763835906982,0.49791207909584045,84.98072052001953,326,2.7284082980016655,1.5996444791783004,11.489521581085723,0.0144576385897493,0.0144576385897493
40.724785566329956,2.7308859825134277,1.460518479347229,0.49798476696014404,86.1355209350586,326,2.7266389502591606,1.6037743920827492,11.369179777124431,0.01449964851096014,0.01449964851096014
40.77474284172058,2.7315683364868164,1.465146541595459,0.4981805384159088,87.25968170166016,326,2.7248028045121724,1.6080602211669737,11.317597695865363,0.014624745789504092,0.014624745789504092
40.82473111152649,2.7322568893432617,1.469698190689087,0.4983241856098175,88.34573364257812,327,2.7219010750465835,1.6136150284919248,11.638126202787799,0.01475197796118476,0.01475197796118476
40.87474322319031,2.732898235321045,1.4745104312896729,0.49844467639923096,89.3912582397461,327,2.719597052332269,1.6178801294300496,11.676480456688479,0.014468802334074899,0.014468802334074899
40.94742703437805,2.734076976776123,1.4837725162506104,0.4985531270503998,91.53462219238281,327,2.7151648507289896,1.6260848172999471,11.618761159069871,0.013968444467334026,0.013968444467334026
40.996936559677124,2.734426736831665,1.4880846738815308,0.49866530299186707,92.62175750732422,327,2.7131096948081423,1.6298892274698382,11.497745690431998,0.013919497703344455,0.013919497703344455
41.04692578315735,2.7344963550567627,1.4924352169036865,0.4990222156047821,93.68885803222656,328,2.7100372333121685,1.6346817187303173,11.707226015127413,0.014183684972741752,0.014183684972741752
41.09693503379822,2.734494209289551,1.4968160390853882,0.499462366104126,94.79116821289062,328,2.707598165178038,1.6383320421553913,11.590441375332148,0.014108070566270423,0.014108070566270423
41.16326022148132,2.734267234802246,1.5011063814163208,0.49982762336730957,95.81947326660156,328,2.7052092060245774,1.641907372191233,11.527620391798001,0.01424480216590561,0.01424480216590561
41.2133948802948,2.7340314388275146,1.5053952932357788,0.5000901222229004,96.87078857421876,328,2.702821032863452,1.6454815259064162,11.441123144980434,0.014383753544498319,0.014383753544498319
41.26338839530945,2.7336435317993164,1.5097954273223877,0.5002332925796509,97.91742706298828,328,2.7003707552717837,1.649148625470237,11.383457965851823,0.014657560948903981,0.014657560948903981
41.31343722343445,2.7334492206573486,1.5141212940216064,0.5002766251564026,98.96424102783203,329,2.6969026459648937,1.6537211713500495,11.661939254375314,0.014972864224273493,0.014972864224273493
41.380239963531494,2.7331173419952393,1.517939567565918,0.500277042388916,99.98976898193361,329,2.694381651078538,1.6566141016087719,11.550078052795373,0.014883621304971395,0.014883621304971395
41.43039584159851,2.7329328060150146,1.521727442741394,0.500183641910553,101.05487823486328,329,2.691889533831908,1.659473893760703,11.38894308126205,0.014654058199788376,0.014654058199788376
41.480329513549805,2.732743740081787,1.5256519317626953,0.5000207424163818,102.0809326171875,329,2.6893076650332204,1.6624366789738747,11.299748399006367,0.014411969850798356,0.014411969850798356
41.530407428741455,2.7323546409606934,1.5298787355422974,0.4996952712535858,103.17063903808594,329,2.686515618732666,1.6656406502593157,11.222971972442972,0.014323101612990396,0.014323101612990396
41.59971308708191,2.731283187866211,1.5390510559082031,0.49909648299217224,105.31627655029298,330,2.679131988948387,1.6735190665113355,11.630731464022272,0.01444742476834265,0.01444742476834265
41.649890184402466,2.730743885040283,1.54337739944458,0.4989514946937561,106.40119171142578,330,2.6759962526007106,1.676519767573472,11.56050080590771,0.014071479627809608,0.014071479627809608
41.699761152267456,2.7299232482910156,1.5476438999176025,0.49879881739616394,107.3951187133789,330,2.672863262038952,1.6795178410924072,11.580975679016674,0.013968300384386234,0.013968300384386234
41.74976706504822,2.7291653156280518,1.5518215894699097,0.4987134635448456,108.50955200195312,330,2.669801905638649,1.6824473652562528,11.457726069883163,0.013821106708962168,0.013821106708962168
41.80760622024536,2.7283246517181396,1.55552339553833,0.4986479580402374,109.61240386962892,330,2.667065485389685,1.685065946105246,11.240343949502613,0.013843482611797612,0.013843482611797612
41.85763740539551,2.72717547416687,1.5594499111175537,0.49876102805137634,110.63676452636719,331,2.66273664252731,1.688970498174902,11.55900578023943,0.014480123344739481,0.014480123344739481
41.90763854980469,2.725870370864868,1.5637171268463135,0.49892425537109375,111.6839599609375,331,2.6592516755736657,1.6917478168050677,11.50752263960173,0.014339401809043018,0.014339401809043018
41.95772981643677,2.724672555923462,1.5677821636199951,0.49904507398605347,112.7585678100586,331,2.6559427974294745,1.6943848027613335,11.37924744719299,0.014160608893021105,0.014160608893021105
42.01568412780762,2.7232911586761475,1.571976661682129,0.4991558790206909,113.859130859375,331,2.6524934314373416,1.6971337494686167,11.265596337915312,0.014104601493731236,0.014104601493731236
42.06693744659424,2.7214136123657227,1.5768471956253052,0.4990502893924713,114.91149139404295,331,2.6484220989313045,1.7003783677875342,11.377838237913155,0.014279568278847023,0.014279568278847023
42.11575698852539,2.7196097373962402,1.581679344177246,0.4988371431827545,116.05870819091797,332,2.6432214500281073,1.7043166728743877,11.689042785475218,0.014675627433391722,0.014675627433391722
42.16574144363403,2.7176430225372314,1.5863443613052368,0.49852797389030457,117.14519500732423,332,2.6389861937218266,1.707105372563201,11.734796157566704,0.014569245444287265,0.014569245444287265
42.22330021858215,2.7159407138824463,1.5903855562210083,0.4982987642288208,118.22290802001953,332,2.635317755147581,1.7095208517622422,11.638377783281953,0.014471464350439934,0.014471464350439934
42.27343678474426,2.7140049934387207,1.594633936882019,0.4980130195617676,119.29972839355469,332,2.6314130966074702,1.7120918697286356,11.605959215168282,0.014491311797211928,0.014491311797211928
42.32367491722107,2.711942434310913,1.5990633964538574,0.49784624576568604,120.41166687011719,332,2.6273274043359844,1.714782089149166,11.58601648450546,0.014543930980004918,0.014543930980004918
42.37338948249817,2.7096548080444336,1.6035689115524292,0.4978224039077759,121.57476806640626,333,2.6217837107912905,1.718092449258179,11.893265458124102,0.015013262536182943,0.015013262536182943
42.43063974380493,2.7069461345672607,1.6082090139389038,0.4977915287017822,122.7072525024414,333,2.6169591915050305,1.7204716388769976,12.028139363224952,0.015090649979710598,0.015090649979710598
42.480794191360474,2.703828811645508,1.6134424209594727,0.4979146420955658,123.84111785888673,333,2.6114911814955346,1.7231681630026738,12.331992722055336,0.015217895040812435,0.015217895040812435
42.53073573112488,2.700653076171875,1.6182861328125,0.49807068705558777,124.93688201904297,333,2.606306271635835,1.7257250775843689,12.599230971951545,0.015562111043650542,0.015562111043650542
42.580695390701294,2.6977427005767822,1.6225509643554688,0.4982890784740448,126.02731323242186,334,2.600214522803102,1.7285897542015576,13.09706582272489,0.016355014641539548,0.016355014641539548
42.639525175094604,2.691685438156128,1.6307275295257568,0.49913281202316284,128.189208984375,334,2.5907205221185934,1.7321716332699275,13.344190696885802,0.016621715909496706,0.016621715909496706
42.68960976600647,2.6887524127960205,1.6345462799072266,0.4993135929107666,129.31033325195312,334,2.586232476204613,1.7338648749550056,13.362578185438627,0.016812402808349412,0.016812402808349412
42.73952007293701,2.6856799125671387,1.6381168365478516,0.49950307607650757,130.50997924804688,334,2.581864814669566,1.7355126982436258,13.271136816800947,0.017234239112872286,0.017234239112872286
42.78954029083252,2.682785749435425,1.6415387392044067,0.49979889392852783,131.6714324951172,335,2.5753874531935743,1.7376879567559238,13.692790795032849,0.01806917049669135,0.01806917049669135
42.86362099647522,2.6799752712249756,1.6444810628890991,0.5001867413520813,132.88197326660156,335,2.571477764007351,1.7387709997731244,13.388967154828148,0.018173346961290426,0.018173346961290426
42.91373085975647,2.6767022609710693,1.647830843925476,0.5004517436027527,134.05166625976562,335,2.566980313999814,1.7400168614244895,13.263330789183707,0.018336510731760174,0.018336510731760174
42.96369385719299,2.6736667156219482,1.6509521007537842,0.5005226731300354,135.2799530029297,335,2.5627986424531692,1.741175247667769,13.006202504317198,0.018470577410893096,0.018470577410893096
43.01367950439453,2.6703929901123047,1.6541692018508911,0.5004092454910278,136.56005859375,335,2.5583969549554495,1.7423945816560318,12.74814860102354,0.018702256781405784,0.018702256781405784
43.0836455821991,2.6671950817108154,1.6573129892349243,0.5003975629806519,137.81167602539062,336,2.552312518110126,1.7439168778407894,12.899221342403667,0.0193301948478551,0.0193301948478551
43.133683919906616,2.6648683547973633,1.6594377756118774,0.500396192073822,138.82205200195312,336,2.5492102178123845,1.744480387414257,12.592900305866435,0.01933848009352528,0.01933848009352528
43.183706283569336,2.661163568496704,1.663038969039917,0.5002956986427307,140.26902770996094,336,2.5441221043792597,1.7454046050448142,12.301520549700918,0.019190122128373864,0.019190122128373864
43.23368978500366,2.65785813331604,1.6661441326141357,0.5001731514930725,141.4540557861328,336,2.5396558866642,1.7462158599840794,12.131092828299288,0.019127638256950474,0.019127638256950474
43.305580139160156,2.6499738693237305,1.6727770566940308,0.4999859035015106,143.97415161132812,337,2.5276600078989304,1.748187067300807,12.342461516837115,0.019927603451749595,0.019927603451749595
43.355531215667725,2.645643472671509,1.6761521100997925,0.5000006556510925,144.99630737304688,337,2.5221709633369684,1.7485468382889453,12.596181424027142,0.019861961133673136,0.019861961133673136
43.40548300743103,2.6413097381591797,1.6794599294662476,0.500120997428894,146.22113037109375,337,2.516721204498489,1.7489040343547273,12.63916163563293,0.019838763094285627,0.019838763094285627
43.45549559593201,2.6366446018218994,1.6825125217437744,0.5001543164253235,147.3463134765625,337,2.5111713618558515,1.7492677902596054,12.804863540957834,0.02018633047974579,0.02018633047974579
43.5141179561615,2.6321513652801514,1.685638666152954,0.5000436902046204,148.49989318847656,337,2.5057100953654583,1.7496257405767426,12.92010476303017,0.02036425661540272,0.02036425661540272
43.564265727996826,2.6283228397369385,1.6880240440368652,0.5000333189964294,149.66087341308594,338,2.4992357571075545,1.7497670656428916,13.189432185196688,0.020933975008418575,0.020933975008418575
43.61428785324097,2.624094009399414,1.690885066986084,0.4998372197151184,150.7257843017578,338,2.4941302589720173,1.7498273627379293,13.23948562075531,0.0207505284854513,0.0207505284854513
43.66424775123596,2.6198041439056396,1.6936415433883667,0.4995678663253784,151.7603302001953,338,2.4890312784877895,1.7498875828580218,13.317729361751113,0.02067490174632675,0.02067490174632675
43.72319293022156,2.6158337593078613,1.69618558883667,0.4992113709449768,152.8117218017578,338,2.4843159668693904,1.7499432717614822,13.29400130095114,0.020603249066958755,0.020603249066958755
43.773287534713745,2.6120662689208984,1.6985632181167603,0.49885293841362,153.83717346191406,339,2.4771423923266433,1.75,13.72992694817322,0.021181943564741245,0.021181943564741245
43.823323488235474,2.608203172683716,1.700711727142334,0.4985165297985077,154.89149475097656,339,2.4727274253707514,1.75,13.451376705807142,0.020898176924881606,0.020898176924881606
43.87328362464905,2.604623556137085,1.7026735544204712,0.4983295798301697,155.9761199951172,339,2.468649270847655,1.75,13.082868366371267,0.020658513972066198,0.020658513972066198
43.93156337738037,2.601132392883301,1.7042627334594727,0.4980974495410919,157.0072021484375,339,2.464815265773412,1.75,12.724412971263323,0.02070492328382769,0.02070492328382769
43.981629848480225,2.5969271659851074,1.7062498331069946,0.4979216456413269,158.07418823242188,339,2.4601648406960255,1.75,12.472210226605283,0.020692938098164256,0.020692938098164256
44.03173327445984,2.592557430267334,1.707916498184204,0.49774351716041565,159.1404571533203,340,2.4533578116868764,1.75,12.553806609178503,0.02153398373538623,0.02153398373538623
44.08167362213135,2.5881781578063965,1.7096501588821411,0.49769583344459534,160.19906616210938,340,2.4486407820176126,1.75,12.146685060189228,0.02140466139912231,0.02140466139912231
44.1492965221405,2.578144073486328,1.7129143476486206,0.49787789583206177,162.2933807373047,340,2.4380831644761276,1.75,11.507524222334006,0.021744511616262924,0.021744511616262924
44.1993350982666,2.572537422180176,1.714698076248169,0.4979599118232727,163.30935668945312,340,2.4321981868224505,1.75,11.300335810037366,0.021962360792215734,0.021962360792215734
44.249364137649536,2.566432237625122,1.7164490222930908,0.4981406033039093,164.2772979736328,341,2.4237614197346655,1.75,11.294257256861034,0.022434626655548292,0.022434626655548292
44.2993905544281,2.5604193210601807,1.7183338403701782,0.4982311725616455,165.27418518066406,341,2.417450266532562,1.75,10.947667058283708,0.022176630081559144,0.022176630081559144
44.36914396286011,2.5543012619018555,1.7202177047729492,0.49826040863990784,166.19247436523438,341,2.411037827989588,1.75,10.688947055338527,0.021944287811154494,0.021944287811154494
44.41924500465393,2.547928810119629,1.7219997644424438,0.49810463190078735,167.146240234375,342,2.402375448601743,1.75,10.551509255702646,0.022130604412718618,0.022130604412718618
44.469226121902466,2.5415139198303223,1.7240509986877441,0.497962087392807,168.17657470703125,342,2.3956908761083837,1.75,9.97924658135686,0.021242766323555238,0.021242766323555238
44.519214391708374,2.5347628593444824,1.7259851694107056,0.4978656768798828,169.13648986816406,342,2.3886961716164077,1.75,9.498160835643233,0.020527595892170583,0.020527595892170583
44.59083676338196,2.521240711212158,1.7301108837127686,0.4977000653743744,171.0435028076172,343,2.3724960436617923,1.75,8.394335060509471,0.018428762151910052,0.018428762151910052
44.64086699485779,2.5126326084136963,1.7322396039962769,0.49795788526535034,171.97308349609375,343,2.363767146504396,1.75,7.682920047770659,0.016866312278342156,0.016866312278342156
44.69081950187683,2.5048303604125977,1.7340255975723267,0.49834826588630676,172.88717651367188,343,2.35586479414652,1.75,6.9662963422251485,0.015593388880151696,0.015593388880151696
44.740808725357056,2.496569871902466,1.73553466796875,0.49897217750549316,173.78474426269534,344,2.346744968006826,1.75,6.137544392800878,0.014262108450320013,0.014262108450320013
44.815210580825806,2.4882125854492188,1.736885905265808,0.4996049106121063,174.6588897705078,344,2.3383696540136665,1.75,5.301169284743526,0.013009635900075117,0.013009635900075117
44.8652560710907,2.4790709018707275,1.73798406124115,0.5003880858421326,175.52349853515625,345,2.3290709018707267,1.75,4.476501464843749,0.012015938758850098,0.012015938758850098
44.91548752784729,2.468672037124634,1.7390702962875366,0.5011104941368103,176.31800842285156,345,2.318672037124633,1.75,3.681991577148424,0.010929703712463379,0.010929703712463379
44.965285301208496,2.4577512741088867,1.7396506071090698,0.5021966099739075,177.0552520751953,345,2.3077512741088864,1.75,2.944747924804681,0.010349392890930176,0.010349392890930176
45.03423261642456,2.4484798908233643,1.7401202917099,0.5028126835823059,177.59544372558594,346,2.298479890823364,1.75,2.404556274414063,0.009879708290100098,0.009879708290100098
45.08395719528198,2.4342005252838135,1.740752100944519,0.5034684538841248,178.32717895507812,346,2.2842005252838136,1.75,1.6728210449218819,0.009247899055480957,0.009247899055480957
45.13396906852722,2.4246633052825928,1.7410460710525513,0.5038224458694458,178.79310607910156,347,2.274663305282593,1.75,1.2068939208984442,0.00895392894744873,0.00895392894744873
45.18395686149597,2.4121663570404053,1.741558313369751,0.5040503144264221,179.314208984375,347,2.262166357040405,1.75,0.6857910156250027,0.008441686630249023,0.008441686630249023
45.25706672668457,2.387429714202881,1.7420424222946167,0.5041044354438782,-179.8736114501953,348,2.2374297142028805,1.75,-0.1263885498047374,0.0079575777053833,0.0079575777053833
45.307135820388794,2.374077320098877,1.7423537969589233,0.5038852691650391,-179.56201171875,349,2.2240773200988766,1.75,-0.4379882812500452,0.00764620304107666,0.00764620304107666
45.35734534263611,2.3615057468414307,1.742766261100769,0.5035774111747742,-179.25149536132812,349,2.2115057468414308,1.75,-0.7485046386718602,0.007233738899230957,0.007233738899230957
45.407081604003906,2.3492636680603027,1.7430434226989746,0.5031022429466248,-179.0277099609375,350,2.199263668060303,1.75,-0.9722900390625419,0.006956577301025391,0.006956577301025391
45.4759738445282,2.3371288776397705,1.7434937953948975,0.5025777816772461,-178.8116455078125,350,2.18712887763977,1.75,-1.1883544921874607,0.006506204605102539,0.006506204605102539
45.526097774505615,2.3252015113830566,1.743844985961914,0.5019845366477966,-178.65054321289062,351,2.175201511383056,1.75,-1.349456787109377,0.0061550140380859375,0.0061550140380859375
45.57609844207764,2.3133087158203125,1.7442362308502197,0.5014786124229431,-178.5106201171875,351,2.163308715820312,1.75,-1.4893798828125393,0.0057637691497802734,0.0057637691497802734
45.626076459884644,2.301487922668457,1.7444849014282227,0.5010907053947449,-178.3645782470703,352,2.1514879226684567,1.75,-1.6354217529296926,0.005515098571777344,0.005515098571777344
45.68220376968384,2.2895712852478027,1.7448756694793701,0.5006552338600159,-178.23118591308594,352,2.139571285247803,1.75,-1.7688140869141111,0.005124330520629883,0.005124330520629883
45.73225975036621,2.277679681777954,1.7449735403060913,0.5003904104232788,-178.1124267578125,353,2.127679681777954,1.75,-1.887573242187464,0.005026459693908691,0.005026459693908691
45.782304525375366,2.2656373977661133,1.7451884746551514,0.5001192688941956,-178.057373046875,353,2.115637397766113,1.75,-1.9426269531249467,0.004811525344848633,0.004811525344848633
45.832261085510254,2.253450870513916,1.745363712310791,0.4998692572116852,-178.04248046875,354,2.1034508705139157,1.75,-1.9575195312499991,0.004636287689208984,0.004636287689208984
45.912708044052124,2.227006196975708,1.745501160621643,0.49934887886047363,-178.1539306640625,355,2.0770061969757077,1.75,-1.8460693359375544,0.004498839378356934,0.004498839378356934
45.96279501914978,2.213350534439087,1.7451729774475098,0.4993859529495239,-178.2576141357422,355,2.063350534439086,1.75,-1.7423858642578072,0.004827022552490234,0.004827022552490234
46.01272773742676,2.200685977935791,1.7449537515640259,0.4996872842311859,-178.41044616699222,356,2.05068597793579,1.75,-1.5895538330078214,0.005046248435974121,0.005046248435974121
46.062803745269775,2.1879899501800537,1.744301676750183,0.5001241564750671,-178.58619689941406,356,2.0379899501800534,1.75,-1.4138031005859968,0.0056983232498168945,0.0056983232498168945
46.139365673065186,2.1766152381896973,1.7439181804656982,0.5003954768180847,-178.7870635986328,357,2.026615238189697,1.75,-1.2129364013671537,0.006081819534301758,0.006081819534301758
46.189414262771606,2.153280258178711,1.7423371076583862,0.5010238289833069,-179.27992248535156,358,2.0032802581787106,1.75,-0.7200775146484844,0.0076628923416137695,0.0076628923416137695
46.23939108848572,2.1394248008728027,1.7416099309921265,0.501236081123352,-179.5237579345703,358,1.9894248008728022,1.75,-0.4762420654296799,0.008390069007873535,0.008390069007873535
46.28942656517029,2.1256237030029297,1.7406798601150513,0.5011677145957947,-179.79165649414065,359,1.9756237030029289,1.75,-0.20834350585935957,0.00932013988494873,0.00932013988494873
46.34915733337402,2.113316059112549,1.7400819063186646,0.5012436509132385,179.9206085205078,359,1.9633160591125483,1.75,0.07939147949218403,0.00991809368133545,0.00991809368133545
46.399227142333984,2.0996503829956055,1.7392462491989136,0.5011496543884277,179.61654663085938,360,1.9496503829956051,1.75,0.38345336914061273,0.010753750801086426,0.010753750801086426
46.449238538742065,2.0868289470672607,1.7389020919799805,0.500998318195343,179.32879638671875,360,1.9368289470672606,1.75,0.6712036132812533,0.011097908020019531,0.011097908020019531
46.49926710128784,2.073913097381592,1.7384679317474365,0.50095534324646,179.08262634277344,361,1.9239130973815914,1.75,0.9173736572265503,0.011532068252563477,0.011532068252563477
46.57536029815674,2.0610733032226562,1.7383685111999512,0.5009003281593323,178.85687255859375,361,1.9110733032226557,1.75,1.143127441406237,0.011631488800048828,0.011631488800048828
46.62540602684021,2.0506019592285156,1.7382951974868774,0.5009973049163818,178.65147399902344,362,1.9006019592285148,1.75,1.3485260009765485,0.011704802513122559,0.011704802513122559
46.67546248435974,2.0357346534729004,1.7381020784378052,0.5012447834014893,178.45231628417972,362,1.8857346534729,1.75,1.547683715820297,0.011897921562194824,0.011897921562194824
46.725539445877075,2.0228826999664307,1.7382830381393433,0.5013979077339172,178.289794921875,363,1.8728826999664305,1.75,1.7102050781249996,0.011716961860656738,0.011716961860656738
46.78150963783264,2.01157808303833,1.7381958961486816,0.5016531944274902,178.1499176025391,363,1.86157808303833,1.75,1.850082397460922,0.01180410385131836,0.01180410385131836
46.83171248435974,1.9986754655838013,1.7386717796325684,0.5016615986824036,178.06207275390625,364,1.8486754655838011,1.75,1.9379272460937422,0.01132822036743164,0.01132822036743164
46.8816180229187,1.9852352142333984,1.7393443584442139,0.5016872882843018,178.0222930908203,364,1.835235214233398,1.75,1.9777069091796893,0.010655641555786133,0.010655641555786133
46.93173122406006,1.9722639322280884,1.7398885488510132,0.501729428768158,178.0943145751953,365,1.8222639322280878,1.75,1.905685424804674,0.010111451148986816,0.010111451148986816
47.006712436676025,1.9484127759933472,1.7414792776107788,0.5019184350967407,178.27841186523438,366,1.7984127759933468,1.75,1.7215881347656123,0.008520722389221191,0.008520722389221191
47.05674123764038,1.9364449977874756,1.7424042224884033,0.5021227598190308,178.48326110839844,366,1.7864449977874755,1.75,1.5167388916015703,0.00759577751159668,0.00759577751159668
47.10678553581238,1.9233945608139038,1.7432348728179932,0.5022300481796265,178.71347045898438,367,1.7733945608139037,1.75,1.28652954101562,0.006765127182006836,0.006765127182006836
47.156768798828125,1.9103530645370483,1.7443147897720337,0.5021679401397705,178.93215942382812,367,1.760353064537048,1.75,1.0678405761718752,0.005685210227966309,0.005685210227966309
47.21374201774597,1.8971534967422485,1.7452490329742432,0.5021433234214783,179.17857360839844,368,1.7471534967422482,1.75,0.8214263916015611,0.004750967025756836,0.004750967025756836
47.26389741897583,1.881962776184082,1.7461081743240356,0.5021213293075562,179.4236602783203,368,1.731962776184082,1.75,0.5763397216796805,0.0038918256759643555,0.0038918256759643555
47.31392765045166,1.8672114610671997,1.7469041347503662,0.5019195675849915,179.60752868652344,369,1.7172114610671996,1.75,0.3924713134765644,0.003095865249633789,0.003095865249633789
47.363807916641235,1.8531396389007568,1.7474216222763062,0.501627504825592,179.75735473632812,370,1.703139638900757,1.75,0.24264526367186184,0.0025783777236938477,0.0025783777236938477
47.42099928855896,1.8426910638809204,1.7478162050247192,0.5014736652374268,179.92404174804688,370,1.6926910638809203,1.75,0.07595825195312714,0.0021837949752807617,0.0021837949752807617
47.471184730529785,1.8278789520263672,1.7480905055999756,0.5012221932411194,-179.92721557617188,371,1.6778789520263666,1.75,-0.07278442382815889,0.001909494400024414,0.001909494400024414
47.52116537094116,1.8153785467147827,1.7483755350112915,0.5009626746177673,-179.8480987548828,371,1.6653785467147824,1.75,-0.1519012451171573,0.001624464988708496,0.001624464988708496
47.57118010520935,1.802329659461975,1.7486296892166138,0.5006386637687683,-179.82904052734375,372,1.652329659461975,1.75,-0.17095947265626732,0.0013703107833862305,0.0013703107833862305
47.632302045822144,1.7874058485031128,1.748854637145996,0.5002196431159973,-179.83283996582034,372,1.6374058485031122,1.75,-0.1671600341796211,0.0011453628540039062,0.0011453628540039062
47.68245816230774,1.7744733095169067,1.7490710020065308,0.49999532103538513,-179.83583068847656,373,1.624473309516906,1.75,-0.16416931152343478,0.0009289979934692383,0.0009289979934692383
47.73245048522949,1.7595722675323486,1.749232530593872,0.49984097480773926,-179.8607940673828,373,1.6095722675323483,1.75,-0.13920593261718256,0.0007674694061279297,0.0007674694061279297
47.7823646068573,1.7462286949157715,1.7494875192642212,0.4997953772544861,-179.86387634277344,374,1.5962286949157711,1.75,-0.1361236572265162,0.0005124807357788086,0.0005124807357788086
47.855859994888306,1.7219949960708618,1.7496346235275269,0.4998413920402527,-179.8485565185547,375,1.5719949960708615,1.75,-0.1514434814452661,0.00036537647247314453,0.00036537647247314453
47.90588617324829,1.7071176767349243,1.7497596740722656,0.4997086524963379,-179.87196350097656,375,1.5571176767349235,1.75,-0.128036499023444,0.000240325927734375,0.000240325927734375
47.95588660240173,1.6932857036590576,1.7498445510864258,0.4995518922805786,-179.83404541015628,376,1.543285703659057,1.75,-0.16595458984375963,0.00015544891357421875,0.00015544891357421875
48.00588822364807,1.679939866065979,1.7498599290847778,0.499479740858078,-179.81576538085938,376,1.5299398660659786,1.75,-0.18423461914060368,0.00014007091522216797,0.00014007091522216797
48.08146381378174,1.6684249639511108,1.7497282028198242,0.49944525957107544,-179.82832336425784,377,1.5184249639511105,1.75,-0.1716766357421454,0.00027179718017578125,0.00027179718017578125
48.1315279006958,1.6560089588165283,1.7493369579315186,0.49947598576545715,-179.8223876953125,377,1.5060089588165282,1.75,-0.17761230468748157,0.0006630420684814453,0.0006630420684814453
48.18154287338257,1.6430681943893433,1.7489356994628906,0.4993981420993805,-179.7991943359375,378,1.493068194389343,1.75,-0.20080566406255682,0.001064300537109375,0.001064300537109375
48.231545209884644,1.628019094467163,1.7482656240463257,0.49919864535331726,-179.79864501953125,379,1.4780190944671625,1.75,-0.2013549804687245,0.0017343759536743164,0.0017343759536743164
48.302512645721436,1.5997124910354614,1.746985912322998,0.4988747239112854,-179.99205017089844,380,1.449712491035461,1.75,-0.007949829101555747,0.003014087677001953,0.003014087677001953
48.35259008407593,1.5885274410247803,1.7465311288833618,0.4987548887729645,179.95745849609375,380,1.4385274410247801,1.75,0.04254150390623882,0.0034688711166381836,0.0034688711166381836
48.40259861946106,1.5726736783981323,1.7456691265106201,0.4985639154911041,179.70143127441406,381,1.4226736783981322,1.75,0.29856872558593767,0.004330873489379883,0.004330873489379883
48.45258164405823,1.5619951486587524,1.7450568675994873,0.49853214621543884,179.5871124267578,381,1.411995148658752,1.75,0.41288757324217473,0.004943132400512695,0.004943132400512695
48.525593280792236,1.5501726865768433,1.744245171546936,0.49859824776649475,179.41961669921875,382,1.4001726865768427,1.75,0.5803833007812421,0.005754828453063965,0.005754828453063965
48.57509112358093,1.5379257202148438,1.7433381080627441,0.49880653619766235,179.31101989746094,382,1.3879257202148434,1.75,0.6889801025390679,0.006661891937255859,0.006661891937255859
48.62509083747864,1.5235041379928589,1.7424665689468384,0.4989392161369324,179.21380615234375,383,1.3735041379928585,1.75,0.7861938476562557,0.007533431053161621,0.007533431053161621
48.67508625984192,1.510452389717102,1.7415491342544556,0.49903854727745056,179.14321899414062,383,1.3604523897171021,1.75,0.8567810058593622,0.008450865745544434,0.008450865745544434
48.74214172363281,1.4812153577804565,1.7402598857879639,0.4991026222705841,178.9622039794922,384,1.331215357780456,1.75,1.0377960205078085,0.009740114212036133,0.009740114212036133
48.7923150062561,1.467362642288208,1.7399522066116333,0.4992164075374603,178.82794189453125,385,1.3173626422882077,1.75,1.172058105468744,0.0100477933883667,0.0100477933883667
48.84219551086426,1.453330636024475,1.7397242784500122,0.4991874396800995,178.72279357910156,386,1.303330636024475,1.75,1.2772064208984415,0.010275721549987793,0.010275721549987793
48.892215967178345,1.4395416975021362,1.7397634983062744,0.49923813343048096,178.67620849609375,386,1.2895416975021357,1.75,1.3237915039062418,0.010236501693725586,0.010236501693725586
48.96327757835388,1.4259332418441772,1.74001145362854,0.4992614984512329,178.6877899169922,387,1.2759332418441764,1.75,1.3122100830078012,0.009988546371459961,0.009988546371459961
49.01334857940674,1.4146121740341187,1.739706039428711,0.4992676377296448,178.72218322753906,387,1.264612174034118,1.75,1.2778167724609462,0.010293960571289062,0.010293960571289062
49.063350439071655,1.3990236520767212,1.7400423288345337,0.49932071566581726,178.7675323486328,388,1.2490236520767206,1.75,1.2324676513671757,0.009957671165466309,0.009957671165466309
49.11330461502075,1.3830136060714722,1.7399318218231201,0.49951300024986267,178.85446166992188,388,1.233013606071472,1.75,1.1455383300781126,0.010068178176879883,0.010068178176879883
49.18631911277771,1.371496319770813,1.7399874925613403,0.4996196925640106,178.9550323486328,389,1.2214963197708126,1.75,1.0449676513671746,0.010012507438659668,0.010012507438659668
49.23644423484802,1.3583552837371826,1.7397552728652954,0.49963974952697754,179.01834106445315,389,1.2083552837371818,1.75,0.9816589355468586,0.01024472713470459,0.01024472713470459
49.28641366958618,1.3448187112808228,1.7399250268936157,0.49977460503578186,179.11029052734375,390,1.1948187112808222,1.75,0.8897094726562417,0.010074973106384277,0.010074973106384277
49.33636546134949,1.3314175605773926,1.739993691444397,0.49976247549057007,179.2406768798828,390,1.1814175605773922,1.75,0.7593231201171827,0.010006308555603027,0.010006308555603027
49.41038632392883,1.3057781457901,1.7399699687957764,0.49980100989341736,179.37762451171875,391,1.1557781457901,1.75,0.6223754882812369,0.010030031204223633,0.010030031204223633
49.460487365722656,1.2906124591827393,1.7398289442062378,0.49979960918426514,179.51602172851562,392,1.1406124591827387,1.75,0.48397827148436157,0.010171055793762207,0.010171055793762207
49.51044011116028,1.2768666744232178,1.7399362325668335,0.49984991550445557,179.6863250732422,393,1.1268666744232165,1.75,0.3136749267578135,0.010063767433166504,0.010063767433166504
49.56044626235962,1.2628860473632812,1.739838719367981,0.4995873272418976,179.8075408935547,393,1.1128860473632771,1.75,0.1924591064453196,0.010161280632019043,0.010161280632019043
49.63578176498413,1.2492165565490723,1.740211009979248,0.49954670667648315,179.867919921875,394,1.0992165565490666,1.75,0.13208007812500555,0.009788990020751953,0.009788990020751953
49.685839891433716,1.2355014085769653,1.7405818700790405,0.49930301308631897,179.88813781738284,394,1.08550140857696,1.75,0.11186218261717233,0.009418129920959473,0.009418129920959473
49.735840797424316,1.2214280366897583,1.7409220933914185,0.4990152418613434,179.8876190185547,395,1.0714280366897564,1.75,0.11238098144529875,0.009077906608581543,0.009077906608581543
49.78586435317993,1.207555890083313,1.7416199445724487,0.49892309308052063,179.8744354248047,395,1.0575558900833166,1.75,0.12556457519530775,0.00838005542755127,0.00838005542755127
49.85702395439148,1.1805546283721924,1.7432507276535034,0.4989108741283417,179.89524841308594,396,1.0305546283721956,1.75,0.10475158691406684,0.006749272346496582,0.006749272346496582
49.9070405960083,1.1659083366394043,1.744201421737671,0.49928510189056396,179.99264526367188,397,1.0159083366394077,1.75,0.00735473632812261,0.0057985782623291016,0.0057985782623291016
49.95705699920654,1.152134656906128,1.7451331615447998,0.49967414140701294,-179.89695739746094,398,1.0021346569061316,1.75,-0.10304260253899783,0.004866838455200195,0.004866838455200195
50.00700545310974,1.138005018234253,1.7460689544677734,0.5003170371055603,-179.7893829345703,398,0.9880050182342562,1.75,-0.2106170654296678,0.0039310455322265625,0.0039310455322265625
50.08080697059631,1.1259639263153076,1.7468230724334717,0.5006667375564575,-179.6837921142578,399,0.9759639263153126,1.75,-0.31620788574221037,0.0031769275665283203,0.0031769275665283203
50.13083457946777,1.1118167638778687,1.747718095779419,0.5010386109352112,-179.61245727539062,399,0.9618167638778754,1.75,-0.38754272460936345,0.0022819042205810547,0.0022819042205810547
50.180814266204834,1.0970711708068848,1.7487210035324097,0.5011473298072815,-179.5373077392578,400,0.9470711708068933,1.75,-0.4626922607422088,0.001278996467590332,0.001278996467590332
50.230820178985596,1.0826475620269775,1.7494202852249146,0.5011424422264099,-179.5350341796875,400,0.9326475620269861,1.75,-0.46496582031251704,0.0005797147750854492,0.0005797147750854492
50.302353858947754,1.0547879934310913,1.7510205507278442,0.5006389021873474,-179.5940704345703,401,0.9047879934310874,1.75,-0.4059295654297336,0.0010205507278442383,-0.0010205507278442383
50.352415800094604,1.0410499572753906,1.751838207244873,0.5004876255989075,-179.6678009033203,402,0.8910499572753885,1.75,-0.3321990966797001,0.0018382072448730469,-0.0018382072448730469
50.4024293422699,1.0273730754852295,1.7524447441101074,0.5002644658088684,-179.6956787109375,403,0.8773730754852274,1.75,-0.30432128906249195,0.002444744110107422,-0.002444744110107422
50.45239591598511,1.013514518737793,1.7529590129852295,0.5000817775726318,-179.67279052734375,403,0.8635145187377908,1.75,-0.3272094726562385,0.002959012985229492,-0.002959012985229492
50.51268911361694,1.0000797510147095,1.7532103061676025,0.49982038140296936,-179.76075744628906,404,0.8500797510147073,1.75,-0.239242553710948,0.003210306167602539,-0.003210306167602539
50.5627818107605,0.9861568212509155,1.7533588409423828,0.4996485412120819,-179.8571014404297,404,0.8361568212509134,1.75,-0.14289855957030265,0.0033588409423828125,-0.0033588409423828125
50.612802267074585,0.9725255966186523,1.753320336341858,0.4993092119693756,-179.95033264160156,405,0.8225255966186502,1.75,-0.04966735839841582,0.00332033634185791,-0.00332033634185791
50.66275668144226,0.9584861397743225,1.7530840635299683,0.49905914068222046,179.8566436767578,405,0.8084861397743204,1.75,0.14335632324219388,0.0030840635299682617,-0.0030840635299682617
50.7211549282074,0.9461873769760132,1.7527244091033936,0.49901968240737915,179.75616455078125,406,0.7961873769760105,1.75,0.24383544921875355,0.0027244091033935547,-0.0027244091033935547
50.771368980407715,0.9306714534759521,1.7522493600845337,0.4990062415599823,179.64413452148438,406,0.7806714534759484,1.75,0.35586547851561084,0.0022493600845336914,-0.0022493600845336914
50.82123279571533,0.916782557964325,1.7516449689865112,0.49901434779167175,179.53097534179688,407,0.7667825579643228,1.75,0.46902465820312467,0.0016449689865112305,-0.0016449689865112305
50.87141251564026,0.9026254415512085,1.7508738040924072,0.4991522431373596,179.4222412109375,408,0.7526254415512064,1.75,0.5777587890624925,0.0008738040924072266,-0.0008738040924072266
50.930259466171265,0.8888075947761536,1.750195860862732,0.49957191944122314,179.33262634277344,408,0.7388075947761514,1.75,0.6673736572265658,0.0001958608627319336,-0.0001958608627319336
50.98036050796509,0.8750195503234863,1.7495728731155396,0.4998936653137207,179.2595672607422,409,0.7250195503234842,1.75,0.7404327392578086,0.0004271268844604492,0.0004271268844604492
51.03040027618408,0.8608882427215576,1.7489594221115112,0.500126302242279,179.2349853515625,409,0.7108882427215555,1.75,0.7650146484375018,0.0010405778884887695,0.0010405778884887695
51.08040761947632,0.8472940325737,1.7487438917160034,0.500238835811615,179.23455810546875,410,0.6972940325736978,1.75,0.76544189453125,0.001256108283996582,0.001256108283996582
51.13737392425537,0.8208589553833008,1.7488142251968384,0.5001097917556763,179.40628051757812,411,0.670858955383298,1.75,0.5937194824218646,0.001185774803161621,0.001185774803161621
51.187418699264526,0.8066017627716064,1.748907446861267,0.500034511089325,179.5749053955078,411,0.6566017627716026,1.75,0.42509460449219155,0.0010925531387329102,0.0010925531387329102
51.237414836883545,0.7934317588806152,1.749277114868164,0.4998503625392914,179.73709106445315,412,0.6434317588806113,1.75,0.26290893554685874,0.0007228851318359375,0.0007228851318359375
51.287442207336426,0.7800772786140442,1.7493605613708496,0.49958664178848267,179.95225524902344,412,0.6300772786140421,1.75,0.047744750976549045,0.0006394386291503906,0.0006394386291503906
51.34525942802429,0.7670016884803772,1.7494759559631348,0.4992534816265106,-179.80300903320312,413,0.6170016884803751,1.75,-0.19699096679686454,0.0005240440368652344,0.0005240440368652344
51.39535450935364,0.7538807988166809,1.7496341466903687,0.49886998534202576,-179.58273315429688,414,0.6038807988166788,1.75,-0.41726684570308076,0.00036585330963134766,0.00036585330963134766
51.44533014297485,0.7404658198356628,1.7497159242630005,0.49880388379096985,-179.41952514648438,414,0.5904658198356607,1.75,-0.5804748535155949,0.0002840757369995117,0.0002840757369995117
51.49535036087036,0.7273649573326111,1.749802827835083,0.4985746443271637,-179.26934814453125,415,0.577364957332609,1.75,-0.7306518554687135,0.0001971721649169922,0.0001971721649169922
51.55387830734253,0.7153537273406982,1.7494498491287231,0.49831393361091614,-179.17832946777344,415,0.5653537273406961,1.75,-0.8216705322265782,0.0005501508712768555,0.0005501508712768555
51.60400080680847,0.7018353343009949,1.7493689060211182,0.49813127517700195,-179.0846710205078,416,0.5518353343009925,1.75,-0.9153289794921623,0.0006310939788818359,0.0006310939788818359
51.65406942367554,0.6875519156455994,1.7492725849151611,0.497832715511322,-179.02833557128906,416,0.537551915645596,1.75,-0.9716644287109402,0.0007274150848388672,0.0007274150848388672
51.704073429107666,0.6744747757911682,1.7492107152938843,0.49762874841690063,-179.00437927246094,417,0.5244747757911643,1.75,-0.9956207275390317,0.0007892847061157227,0.0007892847061157227
51.76369285583496,0.6630644798278809,1.7490371465682983,0.4974304735660553,-179.01234436035156,417,0.5130644798278787,1.75,-0.98765563964843,0.0009628534317016602,0.0009628534317016602
51.813822984695435,0.648516058921814,1.7486460208892822,0.4972740411758423,-179.0256805419922,418,0.49852658054071214,1.750321402208947,-1.097094482710487,0.0013539760021767883,0.0013539760021767883
51.8637490272522,0.6354126334190369,1.7485613822937012,0.4973007142543793,-179.06631469726562,418,0.4854461462999861,1.7510237126119115,-1.3247960247951478,0.0014385841890858962,0.0014385841890858962
51.91383767127991,0.6224496960639954,1.74850332736969,0.49740511178970337,-179.0270233154297,419,0.47257035708330114,1.7522703343777941,-1.840812311578884,0.0014965009509034326,0.0014965009509034326
51.97152018547058,0.6096045970916748,1.7483420372009277,0.4976622462272644,-179.07797241210938,419,0.45986492380366045,1.7539624092711827,-2.4378340123659825,0.0016573826205101764,0.0016573826205101764
52.02168416976929,0.5949974656105042,1.7479888200759888,0.49789977073669434,-179.12649536132812,420,0.4455615018669132,1.7567339851867299,-3.4536605664593925,0.002009141032223467,0.002009141032223467
52.071614503860474,0.5812575221061707,1.7476400136947632,0.49821799993515015,-179.15135192871094,420,0.4321801681257493,1.7597675694405415,-4.597317615430482,0.0023549369769138495,0.0023549369769138495
52.121668577194214,0.5682046413421631,1.7473433017730713,0.4986782968044281,-179.2543487548828,421,0.4197729427896894,1.763787652890098,-6.052563190621138,0.002645310416708496,0.002645310416708496
52.17847490310669,0.5554709434509277,1.7471152544021606,0.4990501403808594,-179.3426513671875,421,0.40771502059658976,1.767880765931589,-7.5574765053626916,0.002863851598385548,0.002863851598385548
52.2285897731781,0.545091450214386,1.746801733970642,0.4993080496788025,-179.52700805664062,422,0.3983085927914276,1.7722364910050306,-9.087367206366082,0.003162185853473321,0.003162185853473321
52.27860689163208,0.5333638787269592,1.7467564344406128,0.49955520033836365,-179.78343200683594,422,0.3877289929110783,1.7772750840089526,-10.824267246986448,0.003188135039476623,0.003188135039476623
52.32853674888611,0.5212970972061157,1.746619462966919,0.4996706545352936,179.90365600585938,423,0.3772019818459925,1.7831098890475574,-12.844339949947434,0.003294679592040006,0.003294679592040006
52.38658857345581,0.5097816586494446,1.746760368347168,0.4997217655181885,179.4979705810547,423,0.36731637887689544,1.7889690886791778,-14.79609911943824,0.0031248386642997675,0.0031248386642997675
52.436691761016846,0.49858757853507996,1.7471530437469482,0.49982601404190063,178.970947265625,424,0.3581272615606266,1.7950203448486675,-16.608299597985503,0.0030589749044908927,0.0030589749044908927
52.48669147491455,0.48750463128089905,1.747641682624817,0.4998350143432617,178.3283233642578,424,0.349147368727033,1.8015068481814476,-18.394540658523734,0.0031241764060975807,0.0031241764060975807
52.536681175231934,0.47724178433418274,1.7484575510025024,0.5000187754631042,177.59799194335938,425,0.34112007641922026,1.8075282571450024,-19.875299651957857,0.003059327758006281,0.003059327758006281
52.614588260650635,0.45837417244911194,1.7504973411560059,0.499630868434906,175.68186950683594,425,0.32682576155500165,1.820064034835529,-22.230611257267324,0.0034344527831329697,0.0034344527831329697
52.66480350494385,0.44926589727401733,1.7518748044967651,0.4995306730270386,174.43399047851562,426,0.32057416347805123,1.8263594410338408,-23.042238209330204,0.003771160257382818,0.003771160257382818
52.71463084220886,0.44139719009399414,1.7534936666488647,0.4994632303714752,173.12742614746094,426,0.3152495242165344,1.8323850423558816,-23.65200209167161,0.003886533448424087,0.003886533448424087
52.764633893966675,0.43346837162971497,1.7552382946014404,0.49916625022888184,171.5832977294922,426,0.30986758762434663,1.8384754839148818,-24.044868987540948,0.003890793215307148,0.003890793215307148
52.83676314353943,0.4264625608921051,1.7571098804473877,0.4990754723548889,169.8182830810547,427,0.3055463387051015,1.8437510833249198,-23.89094825541027,0.004024736133370515,0.004024736133370515
52.88679313659668,0.4196719229221344,1.759132981300354,0.4993155598640442,167.9844970703125,427,0.3013650049269622,1.8494483800549402,-23.70759110130127,0.004246717540191054,0.004246717540191054
52.93682646751404,0.41258499026298523,1.7610446214675903,0.49949342012405396,165.97607421875,427,0.29703914169010875,1.855342606103741,-23.40781423029262,0.004649362612071062,0.004649362612071062
52.98679161071777,0.40628811717033386,1.7633107900619507,0.49952182173728943,163.82533264160156,427,0.2930877802340931,1.8607265529247727,-22.81628880475291,0.004490549217010373,0.004490549217010373
53.066076040267944,0.3925890028476715,1.7685205936431885,0.49955591559410095,159.3798828125,428,0.2857577556392874,1.8726949360951506,-21.519309229232015,0.005569728208923539,0.005569728208923539
53.11617875099182,0.3862592577934265,1.7711609601974487,0.49955323338508606,157.0927734375,428,0.28222471114579795,1.8785542797045391,-20.762892717331123,0.005844122181640978,0.005844122181640978
53.16616654396057,0.3803800940513611,1.7741241455078125,0.49958014488220215,154.84953308105472,429,0.2791820954190736,1.8837552202431842,-19.866617063524167,0.005918633988149588,0.005918633988149588
53.216177463531494,0.3743833005428314,1.7769840955734253,0.4993838965892792,152.5086212158203,429,0.2762870107513514,1.8897177063318693,-19.00555473178191,0.006452152808891107,0.006452152808891107
53.29267764091492,0.3647839426994324,1.7823450565338135,0.499605268239975,148.0851287841797,429,0.27147805791820284,1.8996218430531457,-17.041363537908516,0.006636014025619752,0.006636014025619752
53.34273147583008,0.3590094745159149,1.7852040529251099,0.500079870223999,145.84715270996094,429,0.2686668651603043,1.90541155203764,-16.23864892140494,0.007035260449274766,0.007035260449274766
53.392730951309204,0.35375717282295227,1.7883656024932861,0.5009044408798218,143.69281005859375,430,0.266913679153407,1.9105639663762657,-15.366590002872462,0.007651777892220379,0.007651777892220379
53.44272828102112,0.34737756848335266,1.7919570207595825,0.5014678835868835,141.70863342285156,430,0.26457133409176603,1.917464292415727,-15.102210886561336,0.008369094070211235,0.008369094070211235
53.51610708236694,0.34267857670783997,1.7947269678115845,0.5021723508834839,139.8004913330078,430,0.26282254606276023,1.9226160558222647,-14.47823252722729,0.008786651147492032,0.008786651147492032
53.566155195236206,0.33730176091194153,1.7983063459396362,0.50245600938797,138.0043182373047,430,0.2607442189088841,1.9287386101859518,-14.20642513042935,0.008935216587566725,0.008935216587566725
53.61618709564209,0.33141452074050903,1.8017410039901733,0.5030851364135742,136.22142028808594,431,0.259385503289562,1.934361209644321,-13.794116918550626,0.010317099387171725,0.010317099387171725
53.66614556312561,0.32631006836891174,1.8052624464035034,0.5033720135688782,134.65869140625,431,0.25798060118651794,1.9403479791223612,-13.690511970676255,0.010920554009420314,0.010920554009420314
53.74819302558899,0.31539127230644226,1.8129043579101562,0.5035361051559448,131.59048461914062,431,0.2549589774747803,1.9532241536062325,-13.75869534487214,0.012070523184482863,0.012070523184482863
53.798277378082275,0.3104405403137207,1.8160789012908936,0.5035274624824524,130.18186950683594,432,0.2543819678823812,1.957194541686676,-13.248658758190805,0.013940361565419206,0.013940361565419206
53.84822058677673,0.30595600605010986,1.8200350999832153,0.5033005475997925,128.84449768066406,432,0.253555618921095,1.9630596966682956,-13.235738316521687,0.014565696773937894,0.014565696773937894
53.8982789516449,0.3008900284767151,1.8241819143295288,0.5031142830848694,127.57196044921876,432,0.25265576410052576,1.9694465722267533,-13.40668733761108,0.015459592274503917,0.015459592274503917
53.976866722106934,0.2965371012687683,1.8281985521316528,0.5029568672180176,126.30661010742188,432,0.25183524389958134,1.9752703565715635,-13.457164506264267,0.01591556885369367,0.01591556885369367
54.02690148353577,0.29214775562286377,1.832917332649231,0.5025514960289001,125.18976593017577,433,0.2513347550616496,1.9801301285348678,-13.432685648823318,0.01666205699548472,0.01666205699548472
54.07689595222473,0.28662997484207153,1.8386081457138062,0.5021803379058838,123.98942565917969,433,0.2509465091042338,1.987980860218696,-13.988315391213135,0.017559944237179697,0.017559944237179697
54.12690186500549,0.28247544169425964,1.8437496423721313,0.5021890997886658,122.9380569458008,433,0.25062003816535783,1.994582437633029,-14.414167802067276,0.017714567437965564,0.017714567437965564
54.18780708312988,0.27903953194618225,1.8485450744628906,0.5022390484809875,121.75878143310547,433,0.2503283833108039,2.0004799980934878,-14.553373287438598,0.017515742031917414,0.017515742031917414
54.23814845085144,0.2746194303035736,1.8533272743225098,0.5024768114089966,120.56087493896486,434,0.25034029975335204,2.0051919709263974,-14.427060469424626,0.018877504852257587,0.018877504852257587
54.28783130645752,0.27046293020248413,1.859758973121643,0.5023572444915771,119.37927246093751,434,0.250841890414959,2.0128447655768857,-15.026538601939242,0.01893992733069076,0.01893992733069076
54.338127851486206,0.2632588744163513,1.8710755109786987,0.5023550391197205,117.00224304199219,434,0.2517207384010071,2.0262533947261487,-15.770446765824103,0.018908198219418866,0.018908198219418866
54.412270307540894,0.26054468750953674,1.8763039112091064,0.5021588802337646,115.76903533935547,435,0.2522331246207785,2.0302941170845945,-15.497509264240229,0.019280132300785232,0.019280132300785232
54.462353467941284,0.2576293647289276,1.8811334371566772,0.5019846558570862,114.47879028320312,435,0.25319446290719927,2.035823909370122,-15.545597787276842,0.01963964795457542,0.01963964795457542
54.512306451797485,0.2556501626968384,1.8860992193222046,0.5015923380851746,113.16896057128906,435,0.2541068069539544,2.0410718778977013,-15.506922553455592,0.01913286143578092,0.01913286143578092
54.56235885620117,0.25368398427963257,1.8907803297042847,0.5009089112281799,111.81995391845703,435,0.2549743563972233,2.0460621797367797,-15.366426294871795,0.018735455303676974,0.018735455303676974
54.6366286277771,0.25148752331733704,1.8976942300796509,0.5000852346420288,110.51622009277345,435,0.2561121907509514,2.052607209431664,-15.645546298407519,0.017761154852610973,0.017761154852610973
54.6866614818573,0.24805022776126862,1.9106286764144897,0.49864548444747925,107.82728576660156,436,0.2591011070408962,2.0637234148127273,-15.55629888908296,0.017108704468727233,0.017108704468727233
54.73665523529053,0.24805022776126862,1.9106286764144897,0.49864548444747925,107.82728576660156,436,0.2591011070408962,2.0637234148127273,-15.55629888908296,0.017108704468727233,0.017108704468727233
54.78665804862976,0.2457086443901062,1.9235402345657349,0.49815526604652405,105.07823944091797,436,0.26246398477927485,2.0762304360822705,-15.734734524593188,0.01500475437231556,0.01500475437231556
54.84926748275757,0.24495099484920502,1.9299254417419434,0.4981006681919098,103.6778793334961,437,0.2641016424733118,2.0807991468225104,-15.419530849541964,0.014556315344466532,0.014556315344466532
54.89934039115906,0.24330659210681915,1.9376745223999023,0.49852287769317627,102.2500991821289,437,0.26684195118510484,2.088232229078852,-15.762620234667141,0.014266977902981,0.014266977902981
54.9493191242218,0.24253307282924652,1.9441542625427246,0.4985962510108948,100.75529479980469,437,0.26908583303546,2.094318754401865,-15.717996216797246,0.013462907355649168,0.013462907355649168
54.99932909011841,0.24131794273853302,1.9505112171173096,0.49889275431632996,99.22392272949219,437,0.2712255841874195,2.100122825400205,-15.567775220266011,0.013193168583953065,0.013193168583953065
55.06497311592102,0.24081367254257202,1.9565898180007935,0.498783677816391,97.73475646972658,438,0.273492224697104,2.1047191176702675,-15.24921324143719,0.013026096539679934,0.013026096539679934
55.11525845527649,0.24011880159378052,1.960318922996521,0.4988061189651489,96.45475006103516,438,0.2751718397953049,2.1081250401619713,-14.837454504572001,0.013130719554919085,0.013130719554919085
55.16530990600586,0.23900336027145386,1.9670097827911377,0.49889475107192993,94.92361450195312,438,0.27817733022165286,2.114219571851204,-14.860308463677432,0.013183806672219514,0.013183806672219514
55.21516418457031,0.23847758769989014,1.9728801250457764,0.49887558817863464,93.4119644165039,438,0.28078624573448496,2.1195099291679655,-14.6964683362786,0.012798075569708765,0.012798075569708765
55.28974628448486,0.2368634194135666,1.9845503568649292,0.4987923800945282,90.39741516113281,439,0.28616820846786484,2.12854360428604,-14.156451151498443,0.013642745926765305,0.013642745926765305
55.33993482589722,0.23599812388420105,1.991117238998413,0.4987904131412506,88.95189666748047,439,0.2897572781221292,2.1340850279778283,-14.285640116478618,0.014038873263095544,0.014038873263095544
55.38988709449768,0.23570948839187622,1.9967809915542603,0.49897029995918274,87.50308227539062,439,0.2928404608776533,2.138845376372648,-14.189312095587077,0.013934283320267228,0.013934283320267228
55.43979334831238,0.2356605976819992,2.0021464824676514,0.4991219937801361,86.03002166748047,439,0.29575524885582477,2.143345727916282,-13.993210911649172,0.013618647338775065,0.013618647338775065
55.495489835739136,0.23532851040363312,2.0088531970977783,0.4994297921657562,84.58110046386719,440,0.29882254936209285,2.1472836688384556,-13.691004225025377,0.014675492554830007,0.014675492554830007
55.545574426651,0.23538608849048615,2.014387369155884,0.499813050031662,83.14295959472656,440,0.30222668768856326,2.151622150433961,-13.519470635018621,0.01487456359578684,0.01487456359578684
55.595555782318115,0.23517967760562897,2.020543336868286,0.5000548958778381,81.69668579101562,440,0.30600240376006,2.156434197746688,-13.478866700858196,0.015339821533529172,0.015339821533529172
55.64556908607483,0.2354108691215515,2.026103973388672,0.5003164410591125,80.23316192626953,440,0.30942980434823475,2.1608023264612575,-13.29070079385699,0.015350381082165895,0.015350381082165895
55.704848289489746,0.23561270534992218,2.032257318496704,0.5004172921180725,78.81067657470703,441,0.3122271609580627,2.164161455086648,-12.863336055561618,0.01620114528812606,0.01620114528812606
55.754939556121826,0.23623810708522797,2.0377142429351807,0.5005701780319214,77.46361541748047,441,0.3159866332855284,2.168150097157111,-12.740822850737937,0.016416930407293882,0.016416930407293882
55.80488586425781,0.23653213679790497,2.043712854385376,0.5003901720046997,76.08094024658203,441,0.3200730902133411,2.1724856561403034,-12.690561639872952,0.01701368816960119,0.01701368816960119
55.85490870475769,0.23775464296340942,2.0497331619262695,0.5002352595329285,74.69635009765625,441,0.3242832332240175,2.1769524408569683,-12.678714369755745,0.01672145444531644,0.01672145444531644
55.92746686935425,0.2389027178287506,2.0553646087646484,0.5004364848136902,73.32087707519531,441,0.32822196899341066,2.1811312739020914,-12.586109755730721,0.01643764922589727,0.01643764922589727
55.9775595664978,0.24004743993282318,2.0617835521698,0.5006272196769714,72.01341247558594,442,0.3319142167328268,2.184398420588417,-12.386646029528258,0.017260208482243373,0.017260208482243373
56.02757740020752,0.24169373512268066,2.0675833225250244,0.5008337497711182,70.80521392822266,442,0.3364562675125595,2.1883816922159607,-12.537533938055928,0.017062829608210348,0.017062829608210348
56.077499866485596,0.24311023950576782,2.0737075805664062,0.5010388493537903,69.60297393798828,442,0.34118946269184297,2.192532592982943,-12.751510300368059,0.017142525820109857,0.017142525820109857
56.15108275413513,0.24640224874019623,2.0843050479888916,0.5013536214828491,67.24898529052734,443,0.348452778342032,2.1986439724168285,-12.55224635744568,0.01720698640400171,0.01720698640400171
56.20115423202515,0.24890507757663727,2.090320348739624,0.5013135075569153,66.08895111083984,443,0.35385530179181207,2.2022883036580825,-12.944046488116346,0.01681881547606706,0.01681881547606706
56.25111198425293,0.251173734664917,2.0959346294403076,0.5011967420578003,64.9623031616211,443,0.3588783322479134,2.2056766437526885,-13.26181059993136,0.016509538050398023,0.016509538050398023
56.30115246772766,0.2538736164569855,2.100844144821167,0.50087571144104,63.771881103515625,443,0.3634763651496718,2.2087782971018974,-13.393324588256204,0.015593278028338438,0.015593278028338438
56.378005027770996,0.25616881251335144,2.1055877208709717,0.5006780624389648,62.663410186767585,443,0.3678290090326616,2.211714420606457,-13.534695379885896,0.014990104721714652,0.014990104721714652
56.42804980278015,0.25922802090644836,2.1102426052093506,0.5003931522369385,61.53810119628906,444,0.3711927100042904,2.2135728614649826,-13.30531594651825,0.014680795682196017,0.014680795682196017
56.47805714607239,0.2620598375797272,2.1150872707366943,0.5000734925270081,60.486595153808594,444,0.3760878650048464,2.2162652926961894,-13.557323658747398,0.014204219809690645,0.014204219809690645
56.5281925201416,0.2650012671947479,2.1193151473999023,0.5001399517059326,59.36165618896485,444,0.3805416489160834,2.2187149611741637,-13.619144034201106,0.013381716685075082,0.013381716685075082
56.604694843292236,0.2707907557487488,2.1278278827667236,0.5006943941116333,57.05196762084961,444,0.38945779477649634,2.2236190162191707,-13.683305179445627,0.0118520715534224,0.0118520715534224
56.654788970947266,0.27333083748817444,2.133004903793335,0.5009241700172424,55.96674346923828,445,0.39334019339352516,2.225351138305103,-13.550921846999142,0.01277069157675425,0.01277069157675425
56.70478177070618,0.27624768018722534,2.1383771896362305,0.5012170672416687,54.82664489746094,445,0.398917929484694,2.2277909034941454,-13.772026152926976,0.013141706898822561,0.013141706898822561
56.75472569465637,0.2792561948299408,2.1431772708892822,0.501387357711792,53.647769927978516,445,0.4041017460965717,2.230058363823806,-13.859077438760284,0.013135630847682433,0.013135630847682433
56.82870268821716,0.2818642556667328,2.14754056930542,0.5016757249832153,52.44407272338867,445,0.40875083131726664,2.2320919265626924,-13.790381787208007,0.01322567963523735,0.01322567963523735
56.87876033782959,0.2853442132472992,2.1536829471588135,0.5016502737998962,51.279747009277344,446,0.4140544661657895,2.234262398691785,-13.907047637167164,0.014089961406699669,0.014089961406699669
56.92884016036987,0.28887268900871277,2.1589386463165283,0.5015460252761841,50.03741455078125,446,0.4200538709483436,2.236262196129453,-14.076743914576424,0.014446248002402462,0.014446248002402462
56.97880530357361,0.29237088561058044,2.164757251739502,0.5015419721603394,48.78642654418945,446,0.4264563734785241,2.238396359203722,-14.333469561926153,0.015133959174198769,0.015133959174198769
57.05196928977966,0.30058157444000244,2.176157236099243,0.5013284087181091,46.14326477050781,447,0.43843881376755295,2.2421067525261424,-14.519268672249945,0.0161279176934264,0.0161279176934264
57.10201835632324,0.3052540421485901,2.18156099319458,0.501160204410553,44.91185760498047,447,0.44545076905910613,2.2435015171531454,-14.975799647872744,0.016286225341124838,0.016286225341124838
57.152122020721436,0.30974581837654114,2.187201738357544,0.5010513663291931,43.63135528564453,447,0.45251039529120674,2.244905764119788,-15.396127262464779,0.016702874542689043,0.016702874542689043
57.20201373100281,0.3145018517971039,2.1919877529144287,0.5010290741920471,42.31306076049805,447,0.45913701401901896,2.24622388053866,-15.672971294812747,0.01637372148173506,0.01637372148173506
57.27121090888977,0.31495150923728943,2.1929609775543213,0.5010995268821716,41.00194549560547,447,0.4601358174056438,2.24642255488484,-14.602011550181683,0.016667710013629277,0.016667710013629277
57.32124614715576,0.3223040997982025,2.200045108795166,0.5007864236831665,39.64194488525391,448,0.46858715506021253,2.2473424606867263,-15.255211952126054,0.01732188076497322,0.01732188076497322
57.37151741981506,0.3279956579208374,2.205116033554077,0.5006276369094849,38.28684616088867,448,0.4761588556215835,2.2481039072913633,-15.704386884968786,0.01720464525059163,0.01720464525059163
57.42137670516968,0.33321982622146606,2.210120916366577,0.500455915927887,36.93596267700195,448,0.4833382483580747,2.248825901535357,-16.062951974427133,0.017322008293356797,0.017322008293356797
57.49425435066223,0.342964231967926,2.2184672355651855,0.5003980994224548,34.145687103271484,449,0.49374810333415586,2.2493646970612358,-15.548626018196499,0.018802445686747004,0.018802445686747004
57.54431986808777,0.3476859927177429,2.22198224067688,0.5003570914268494,32.727088928222656,449,0.49962260616012716,2.249585508596058,-15.382565346401156,0.018946712247676793,0.018946712247676793
57.594316244125366,0.3524055480957031,2.2257919311523438,0.5003197193145752,31.292036056518555,449,0.5056599205320468,2.249812439911296,-15.234047648925332,0.019308424577724234,0.019308424577724234
57.64432883262634,0.3570912778377533,2.2286834716796875,0.5002291798591614,29.858310699462887,449,0.5106497969532118,2.25,-14.862191221657923,0.019143264530048835,0.019143264530048835
57.71678900718689,0.3617972433567047,2.231806993484497,0.5001389980316162,28.395328521728516,450,0.5149758581459132,2.25,-14.232938781195214,0.01983830849912747,0.01983830849912747
57.76682758331299,0.3670600652694702,2.2343146800994873,0.5000998377799988,27.00158500671387,450,0.5208069556354218,2.25,-13.962607636134905,0.019406525572444922,0.019406525572444922
57.816826820373535,0.3721581697463989,2.236879825592041,0.50002521276474,25.581602096557617,450,0.5265211924283779,2.25,-13.642349555883753,0.019097421034199293,0.019097421034199293
57.866822719573975,0.3772940933704376,2.238751173019409,0.5000333189964294,24.241003036499023,450,0.5319336218318202,2.25,-13.341584541352939,0.01819418373929354,0.01819418373929354
57.94804668426514,0.3872087001800537,2.242499828338623,0.5004310011863708,21.603601455688477,451,0.5408234472186346,2.25,-12.233849068454473,0.017609159241714096,0.017609159241714096
57.998088359832764,0.39211007952690125,2.243941068649292,0.5006471276283264,20.518308639526367,451,0.545901501393968,2.25,-11.949482283374046,0.01692321614377135,0.01692321614377135
58.048078775405884,0.3978285789489746,2.2459604740142822,0.5010519623756409,19.14198112487793,451,0.5519618045826019,2.25,-11.527183161535717,0.016420659327959247,0.016420659327959247
58.0980703830719,0.4035359025001526,2.247413396835327,0.5013980865478516,17.844648361206055,451,0.5577843870835325,2.25,-11.144132009876815,0.015428729365340534,0.015428729365340534
58.17581367492676,0.4085114598274231,2.249145030975342,0.5015053153038025,16.515195846557617,452,0.5616109419518357,2.25,-10.381910673851205,0.015507333710281904,0.015507333710281904
58.2258415222168,0.4141618609428406,2.250312089920044,0.5014232993125916,15.246936798095705,452,0.5673424184969478,2.25,-9.818340154361378,0.014802366232264073,0.014802366232264073
58.27584505081177,0.42125174403190613,2.2520463466644287,0.5014946460723877,14.045891761779785,452,0.5746194047015943,2.25,-9.510300093616456,0.014168001018789997,0.014168001018789997
58.326024532318115,0.42730042338371277,2.252883195877075,0.5015457272529602,12.857276916503906,452,0.5806243943625994,2.25,-9.056879367161345,0.013039294841340561,0.013039294841340561
58.3939208984375,0.438742071390152,2.254303455352783,0.5013502836227417,10.587491035461426,453,0.5904789213834416,2.25,-7.763231330389815,0.01177470820710757,0.01177470820710757
58.44408822059631,0.445200115442276,2.25541090965271,0.5012619495391846,9.431527137756348,453,0.5970289295459512,2.25,-7.098247278349888,0.011587702667922452,0.011587702667922452
58.494078636169434,0.451330304145813,2.2555463314056396,0.501392662525177,8.331550598144531,453,0.6030677478658628,2.25,-6.450505769281033,0.010524052672318476,0.010524052672318476
58.54397511482239,0.45809993147850037,2.2561628818511963,0.5013439655303955,7.329401969909668,453,0.6098275817325405,2.25,-5.9540313984102955,0.009802940086582506,0.009802940086582506
58.60067319869995,0.46505650877952576,2.2562105655670166,0.5012868046760559,6.364267349243164,454,0.6158114686827538,2.25,-5.2477377321806715,0.0091469801425714,0.0091469801425714
58.650837421417236,0.47363030910491943,2.256497859954834,0.5014321804046631,5.508193492889404,454,0.6243853185370707,2.25,-4.71937653086843,0.008572691122042371,0.008572691122042371
58.70072889328003,0.4805752635002136,2.256349563598633,0.5014684796333313,4.721839904785156,454,0.6312921252457624,2.25,-4.1968736964353415,0.00773020424397252,0.00773020424397252
58.75089478492737,0.4891747236251831,2.2563953399658203,0.5014036297798157,4.025644302368164,455,0.6394189793282781,2.25,-3.72114512631257,0.007193720971114014,0.007193720971114014
58.825745582580566,0.49726641178131104,2.256040573120117,0.5014501214027405,3.424258232116699,455,0.6474958613805804,2.25,-3.2356116731298203,0.0065351704849667775,0.0065351704849667775
58.87577962875366,0.5058917999267578,2.2560923099517822,0.5014643669128418,2.79148268699646,455,0.6561216231621465,2.25,-2.7265464747847448,0.006262569078952343,0.006262569078952343
58.92573118209839,0.5148295164108276,2.2557926177978516,0.5015943050384521,2.283393621444702,456,0.6648295164108191,2.25,-2.283393621444704,0.0057926177978515625,0.0057926177978515625
58.97577095031738,0.5243366360664368,2.255840539932251,0.5016800761222839,1.792120099067688,456,0.6743366360664282,2.25,-1.79212009906769,0.0058405399322509766,0.0058405399322509766
59.0453314781189,0.543544352054596,2.255363941192627,0.501670241355896,1.077111005783081,457,0.6935443520545915,2.25,-1.0771110057830733,0.005363941192626953,0.005363941192626953
59.09540009498596,0.5558605194091797,2.2557015419006348,0.5015042424201965,0.8200107216835022,457,0.7058605194091815,2.25,-0.8200107216834941,0.005701541900634766,0.005701541900634766
59.145379304885864,0.5674995183944702,2.255486011505127,0.5012857913970947,0.6021187901496887,458,0.7174995183944741,2.25,-0.6021187901496947,0.005486011505126953,0.005486011505126953
59.19549870491028,0.5795913934707642,2.2557950019836426,0.5009897947311401,0.4884126484394073,458,0.7295913934707663,2.25,-0.48841264843940313,0.005795001983642578,0.005795001983642578
59.26340985298157,0.5904406309127808,2.2558577060699463,0.500701904296875,0.4226798117160797,459,0.7404406309127829,2.25,-0.4226798117160848,0.005857706069946289,0.005857706069946289
59.31349301338196,0.6017357707023621,2.2558794021606445,0.500298798084259,0.3999920189380646,459,0.7517357707023642,2.25,-0.3999920189380602,0.005879402160644531,0.005879402160644531
59.36357140541077,0.6142255067825317,2.2562618255615234,0.4998854100704193,0.43749883770942694,460,0.7642255067825339,2.25,-0.43749883770943093,0.0062618255615234375,0.0062618255615234375
59.41350317001343,0.626747190952301,2.256357431411743,0.4991915822029114,0.4657615125179291,460,0.7767471909523032,2.25,-0.46576151251791764,0.006357431411743164,0.006357431411743164
59.47139239311218,0.6397261023521423,2.256870985031128,0.4986253082752228,0.4493845999240875,461,0.7897261023521445,2.25,-0.4493845999240908,0.00687098503112793,0.00687098503112793
59.52147889137268,0.653833270072937,2.2571887969970703,0.49811941385269165,0.4442325830459595,461,0.8038332700729391,2.25,-0.44423258304596575,0.0071887969970703125,0.0071887969970703125
59.571491956710815,0.6681845784187317,2.2580225467681885,0.49768543243408203,0.44199031591415405,462,0.8181845784187344,2.25,-0.44199031591414484,0.008022546768188477,0.008022546768188477
59.62153720855713,0.6813812255859375,2.2585222721099854,0.4970707595348358,0.40282973647117615,462,0.8313812255859411,2.25,-0.4028297364711674,0.008522272109985352,0.008522272109985352
59.69612193107605,0.7057567834854126,2.2598042488098145,0.49644380807876587,0.35020890831947327,463,0.8557567834854147,2.25,-0.3502089083194839,0.009804248809814453,0.009804248809814453
59.746211528778076,0.7178992033004761,2.2602529525756836,0.49627384543418884,0.34047722816467285,464,0.8678992033004782,2.25,-0.34047722816467996,0.010252952575683594,0.010252952575683594
59.79619526863098,0.731046736240387,2.2610292434692383,0.49624061584472656,0.29853576421737676,464,0.8810467362403891,2.25,-0.29853576421738415,0.011029243469238281,0.011029243469238281
59.84615206718445,0.743839681148529,2.26137113571167,0.49608153104782104,0.3022629916667938,465,0.8938396811485312,2.25,-0.3022629916667923,0.011371135711669922,0.011371135711669922
59.917044162750244,0.7571517825126648,2.2618520259857178,0.4961209297180176,0.2502900958061218,465,0.9071517825126669,2.25,-0.25029009580613,0.011852025985717773,0.011852025985717773
59.96707534790039,0.7716555595397949,2.262075662612915,0.49622732400894165,0.23302072286605835,466,0.921655559539797,2.25,-0.23302072286605457,0.012075662612915039,0.012075662612915039
60.01706576347351,0.7861900925636292,2.2624311447143555,0.4962367117404938,0.20378081500530243,467,0.9361900925636313,2.25,-0.20378081500530326,0.012431144714355469,0.012431144714355469
60.06710958480835,0.7994744181632996,2.2623088359832764,0.4961658716201782,0.21389059722423553,467,0.9494744181633027,2.25,-0.21389059722422754,0.012308835983276367,0.012308835983276367
60.124629735946655,0.812751054763794,2.262032985687256,0.49609047174453735,0.14142286777496338,468,0.9627510547637979,2.25,-0.14142286777497295,0.01203298568725586,0.01203298568725586
60.17471885681152,0.8262284398078918,2.2620344161987305,0.4960459768772125,0.056143444031476974,468,0.976228439807894,2.25,-0.05614344403147553,0.012034416198730469,0.012034416198730469
60.22470021247864,0.8394201993942261,2.2616941928863525,0.4960421621799469,-0.051814883947372437,469,0.9894201993942282,2.25,0.051814883947384524,0.011694192886352539,0.011694192886352539
60.274688720703125,0.8526659607887268,2.2614822387695312,0.49590080976486206,-0.18611769378185272,469,1.002665960788729,2.25,0.1861176937818511,0.01148223876953125,0.01148223876953125
60.33278512954712,0.8657259345054626,2.2609715461730957,0.4956134259700775,-0.25554773211479187,470,1.0157259345054648,2.25,0.2555477321147931,0.010971546173095703,0.010971546173095703
60.382824420928955,0.8768048882484436,2.261031150817871,0.4954114854335785,-0.3187590539455414,470,1.0268048882484455,2.25,0.31875905394555004,0.011031150817871094,0.011031150817871094
60.432819843292236,0.8915451169013977,2.2607085704803467,0.4955121874809265,-0.36511123180389404,471,1.0415451169013996,2.25,0.3651112318038977,0.01070857048034668,0.01070857048034668
60.48282313346863,0.9054041504859924,2.2606801986694336,0.4955914318561554,-0.45694044232368475,471,1.0554041504859946,2.25,0.4569404423236926,0.010680198669433594,0.010680198669433594
60.54555153846741,0.9312412738800049,2.259829521179199,0.4957970082759857,-0.4951670169830323,472,1.0812412738800083,2.25,0.49516701698303583,0.009829521179199219,0.009829521179199219
60.59559392929077,0.944923460483551,2.25976824760437,0.49591657519340515,-0.5007696747779846,473,1.094923460483555,2.25,0.5007696747779898,0.009768247604370117,0.009768247604370117
60.64559531211853,0.9585616588592529,2.2592203617095947,0.4962189793586731,-0.520969569683075,473,1.1085616588592555,2.25,0.520969569683075,0.009220361709594727,0.009220361709594727
60.69560670852661,0.9720094203948975,2.2589852809906006,0.49643221497535706,-0.4748620390892029,474,1.1220094203949,2.25,0.47486203908920516,0.008985280990600586,0.008985280990600586
60.77427291870117,0.9837266206741333,2.2585480213165283,0.49663445353507996,-0.35388174653053284,474,1.1337266206741357,2.25,0.3538817465305392,0.00854802131652832,0.00854802131652832
60.82435441017151,0.9978650808334351,2.25823712348938,0.4972648620605469,-0.2754376530647278,475,1.1478650808334372,2.25,0.2754376530647237,0.008237123489379883,0.008237123489379883
60.87430429458618,1.0105600357055664,2.257843494415283,0.49790945649147034,-0.19483239948749542,475,1.1605600357055683,2.25,0.19483239948750014,0.007843494415283203,0.007843494415283203
60.92430090904236,1.0221073627471924,2.2578110694885254,0.4984492361545563,-0.1230330690741539,476,1.1721073627471945,2.25,0.12303306907414227,0.007811069488525391,0.007811069488525391
60.99870300292969,1.0478920936584473,2.2572836875915527,0.4994621276855469,0.0961185023188591,477,1.1978920936584505,2.25,-0.0961185023188554,0.007283687591552734,0.007283687591552734
61.04877805709839,1.0629189014434814,2.256899833679199,0.49965691566467285,0.2974158525466919,478,1.2129189014434854,2.25,-0.2974158525467044,0.006899833679199219,0.006899833679199219
61.09881114959717,1.0764809846878052,2.2567098140716553,0.49964430928230286,0.46563819050788885,478,1.226480984687807,2.25,-0.4656381905078976,0.0067098140716552734,0.0067098140716552734
61.148885011672974,1.089421272277832,2.256272554397583,0.49974966049194336,0.6480463147163391,479,1.2394212722778324,2.25,-0.6480463147163378,0.006272554397583008,0.006272554397583008
61.206382036209106,1.1022851467132568,2.2558746337890625,0.49970245361328125,0.8446199893951416,479,1.252285146713252,2.25,-0.8446199893951372,0.0058746337890625,0.0058746337890625
61.25642395019531,1.1155935525894165,2.255498170852661,0.4994974136352539,0.9742717742919922,480,1.2655935525894084,2.25,-0.9742717742920003,0.005498170852661133,0.005498170852661133
61.30661368370056,1.127960443496704,2.2549633979797363,0.4993036985397339,1.1830110549926758,480,1.2779604434966958,2.25,-1.1830110549926813,0.004963397979736328,0.004963397979736328
61.356444358825684,1.1406574249267578,2.254589557647705,0.4988744258880615,1.3000165224075317,481,1.2906574249267495,2.25,-1.300016522407539,0.004589557647705078,0.004589557647705078
61.41435384750366,1.1534225940704346,2.254023551940918,0.498647540807724,1.411038398742676,481,1.303422594070427,2.25,-1.4110383987426762,0.004023551940917969,0.004023551940917969
61.4645619392395,1.1659523248672485,2.2536637783050537,0.4982716143131256,1.5723453760147095,482,1.3159523248672416,2.25,-1.5723453760147053,0.003663778305053711,0.003663778305053711
61.51456880569458,1.1784645318984985,2.253112554550171,0.4981537461280823,1.640876054763794,482,1.3284645318984918,2.25,-1.640876054763786,0.0031125545501708984,0.0031125545501708984
61.56440591812134,1.1910325288772583,2.2527859210968018,0.4979146718978882,1.6100155115127563,483,1.3410325288772518,2.25,-1.6100155115127677,0.002785921096801758,0.002785921096801758
61.62203669548035,1.2020827531814575,2.2522716522216797,0.49774208664894104,1.6192190647125244,483,1.352082753181449,2.25,-1.6192190647125242,0.0022716522216796875,0.0022716522216796875
61.67218589782715,1.2154653072357178,2.251784563064575,0.49747350811958313,1.6034185886383059,484,1.3654653072357092,2.25,-1.6034185886383139,0.0017845630645751953,0.0017845630645751953
61.72207188606262,1.2282586097717285,2.251538038253784,0.4974682331085205,1.5196956396102905,484,1.3782586097717198,2.25,-1.5196956396102814,0.0015380382537841797,0.0015380382537841797
61.77207159996033,1.2405484914779663,2.251235246658325,0.49751630425453186,1.3693534135818481,485,1.3905484914779593,2.25,-1.3693534135818533,0.0012352466583251953,0.0012352466583251953
61.8412549495697,1.2648298740386963,2.250704526901245,0.4977802336215973,1.075932264328003,486,1.4148298740386989,2.25,-1.0759322643279916,0.0007045269012451172,0.0007045269012451172
61.8913311958313,1.2773336172103882,2.250431776046753,0.497963011264801,0.9350700378417969,486,1.4273336172103914,2.25,-0.9350700378417967,0.0004317760467529297,0.0004317760467529297
61.94133019447327,1.2898683547973633,2.2502102851867676,0.4982379674911499,0.7804642915725708,487,1.4398683547973672,2.25,-0.7804642915725719,0.00021028518676757812,0.00021028518676757812
61.99132752418518,1.3022774457931519,2.249864101409912,0.4982411861419678,0.656277596950531,487,1.4522774457931542,2.25,-0.6562775969505436,0.00013589859008789062,-0.00013589859008789062
62.06240797042847,1.314929723739624,2.2497098445892334,0.4984178841114044,0.49829563498497004,488,1.4649297237396266,2.25,-0.4982956349849646,0.00029015541076660156,-0.00029015541076660156
62.11244797706604,1.3276393413543701,2.249401092529297,0.498659610748291,0.33685556054115295,488,1.4776393413543725,2.25,-0.33685556054114646,0.000598907470703125,-0.000598907470703125
62.16244983673096,1.3406376838684082,2.2494328022003174,0.49890369176864624,0.17539519071578982,489,1.4906376838684106,2.25,-0.1753951907157773,0.0005671977996826172,-0.0005671977996826172
62.21245050430298,1.353456974029541,2.2493278980255127,0.4990716874599457,-0.02211606316268444,489,1.5034569740295431,2.25,0.022116063162680517,0.0006721019744873047,-0.0006721019744873047
62.28294610977173,1.368195652961731,2.2492830753326416,0.49939367175102234,-0.1234947219491005,490,1.518195652961733,2.25,0.12349472194911153,0.0007169246673583984,-0.0007169246673583984
62.332990646362305,1.3797160387039185,2.249204397201538,0.49951696395874023,-0.2404281347990036,490,1.5297160387039208,2.25,0.24042813479900446,0.0007956027984619141,-0.0007956027984619141
62.382991790771484,1.3921746015548706,2.2492353916168213,0.49971526861190796,-0.30110523104667664,491,1.5421746015548736,2.25,0.3011052310466871,0.0007646083831787109,-0.0007646083831787109
62.43310332298279,1.406242847442627,2.249316930770874,0.49998486042022705,-0.2868351936340332,491,1.5562428474426306,2.25,0.2868351936340381,0.0006830692291259766,-0.0006830692291259766
62.51187062263489,1.4292467832565308,2.2494957447052,0.5005015134811401,-0.17637726664543152,492,1.5792467832565327,2.25,0.17637726664542894,0.0005042552947998047,-0.0005042552947998047
62.55888772010803,1.4428173303604126,2.249661445617676,0.5008014440536499,-0.10087665915489197,493,1.5928173303604147,2.25,0.10087665915489168,0.00033855438232421875,-0.00033855438232421875
62.608882904052734,1.4560602903366089,2.2497382164001465,0.5009448528289795,-0.08658231049776079,493,1.6060602903366112,2.25,0.0865823104977484,0.0002617835998535156,-0.0002617835998535156
62.65888214111328,1.4688926935195923,2.2497165203094482,0.5010019540786743,0.04784827679395676,494,1.6188926935195946,2.25,-0.047848276793965916,0.0002834796905517578,-0.0002834796905517578
62.7334988117218,1.4819021224975586,2.249748706817627,0.5008838176727295,0.11489963531494142,494,1.6319021224975607,2.25,-0.11489963531493312,0.0002512931823730469,-0.0002512931823730469
62.78359007835388,1.4941389560699463,2.2496330738067627,0.5006144046783447,0.14501488208770752,495,1.6441389560699482,2.25,-0.1450148820877028,0.0003669261932373047,-0.0003669261932373047
62.833574295043945,1.5091526508331299,2.249521493911743,0.5003478527069092,0.29167863726615906,495,1.6591526508331316,2.25,-0.2916786372661659,0.00047850608825683594,-0.00047850608825683594
62.88356971740723,1.5236934423446655,2.2497310638427734,0.49994829297065735,0.3428949415683747,496,1.6736934423446685,2.25,-0.3428949415683772,0.0002689361572265625,-0.0002689361572265625
62.95625615119934,1.5464913845062256,2.2496869564056396,0.49940431118011475,0.5567659735679626,497,1.696491384506228,2.25,-0.5567659735679641,0.00031304359436035156,-0.00031304359436035156
63.00634527206421,1.5596914291381836,2.2499918937683105,0.49899280071258545,0.6213462948799133,497,1.7096914291381857,2.25,-0.6213462948799022,8.106231689453125e-06,-8.106231689453125e-06
63.056427240371704,1.5723118782043457,2.2501208782196045,0.49872615933418274,0.6407092809677124,498,1.7223118782043476,2.25,-0.6407092809677226,0.00012087821960449219,0.00012087821960449219
63.106332778930664,1.5852739810943604,2.250555992126465,0.4985572099685669,0.7122876644134521,498,1.735273981094362,2.25,-0.7122876644134624,0.0005559921264648438,0.0005559921264648438
63.16261100769043,1.5978513956069946,2.2509446144104004,0.49851667881011963,0.8233771324157716,499,1.7478513956069965,2.25,-0.8233771324157728,0.0009446144104003906,0.0009446144104003906
63.212708473205566,1.6098259687423706,2.2514708042144775,0.4985828697681427,0.9162964820861816,499,1.759825968742373,2.25,-0.9162964820861933,0.001470804214477539,0.001470804214477539
63.26272773742676,1.6235398054122925,2.2522759437561035,0.49869057536125183,0.9358031153678894,500,1.7735398054122946,2.25,-0.935803115367891,0.0022759437561035156,0.0022759437561035156
63.31267976760864,1.6364803314208984,2.253040313720703,0.49882036447525024,0.9828472137451171,501,1.7864803314209003,2.25,-0.9828472137451068,0.003040313720703125,0.003040313720703125
63.36977243423462,1.6495797634124756,2.2539303302764893,0.49886229634284973,0.9562935829162599,501,1.7995797634124784,2.25,-0.9562935829162507,0.003930330276489258,0.003930330276489258
63.419837951660156,1.6646841764450073,2.254751205444336,0.4990134537220001,0.9511073231697083,502,1.8146841764450108,2.25,-0.9511073231697161,0.0047512054443359375,0.0047512054443359375
63.469937562942505,1.6785895824432373,2.2556498050689697,0.49939313530921936,0.8842870593070984,502,1.8285895824432394,2.25,-0.8842870593070916,0.0056498050689697266,0.0056498050689697266
63.519925594329834,1.6894108057022095,2.2561793327331543,0.4996858537197113,0.799966037273407,503,1.8394108057022118,2.25,-0.7999660372733977,0.006179332733154297,0.006179332733154297
63.5763258934021,1.7022242546081543,2.2567014694213867,0.5000199675559998,0.6883834600448608,503,1.8522242546081564,2.25,-0.6883834600448699,0.006701469421386719,0.006701469421386719
63.62640047073364,1.712502121925354,2.2573063373565674,0.5003544092178345,0.578771710395813,504,1.862502121925356,2.25,-0.5787717103958085,0.007306337356567383,0.007306337356567383
63.67637515068054,1.7248648405075073,2.2576181888580322,0.5007292032241821,0.3977884352207184,504,1.8748648405075097,2.25,-0.39778843522072327,0.0076181888580322266,0.0076181888580322266
63.72646641731262,1.7399227619171143,2.2579007148742676,0.5012540817260742,0.2353153973817825,505,1.8899227619171168,2.25,-0.2353153973817938,0.007900714874267578,0.007900714874267578
63.78573036193848,1.7526721954345703,2.2579398155212402,0.501585066318512,0.02865457907319069,505,1.9026721954345727,2.25,-0.02865457907317801,0.007939815521240234,0.007939815521240234
63.83620500564575,1.7615408897399902,2.25787353515625,0.501763105392456,-0.16295352578163147,506,1.9115408897399924,2.25,0.16295352578162905,0.00787353515625,0.00787353515625
63.88592839241028,1.7876205444335938,2.25746488571167,0.5023578405380249,-0.5691736936569214,507,1.9376205444335965,2.25,0.5691736936569181,0.007464885711669922,0.007464885711669922
63.936047315597534,1.800460696220398,2.2572782039642334,0.5026217103004456,-0.742658793926239,507,1.9504606962203956,2.25,0.742658793926249,0.0072782039642333984,0.0072782039642333984
63.99167990684509,1.8146663904190063,2.2566792964935303,0.5028230547904968,-0.9422109723091127,508,1.9646663904189983,2.25,0.9422109723091059,0.0066792964935302734,0.0066792964935302734
64.04176688194275,1.8289477825164795,2.2561228275299072,0.5029540657997131,-1.1310901641845703,508,1.9789477825164712,2.25,1.131090164184574,0.0061228275299072266,0.0061228275299072266
64.09201264381409,1.8419404029846191,2.2554163932800293,0.5030496120452881,-1.2446497678756714,509,1.991940402984611,2.25,1.2446497678756785,0.005416393280029297,0.005416393280029297
64.1418514251709,1.8538706302642822,2.2545487880706787,0.5029100179672241,-1.3126853704452515,509,2.0038706302642746,2.25,1.3126853704452606,0.004548788070678711,0.004548788070678711
64.20967411994934,1.8653903007507324,2.2538883686065674,0.5025321245193481,-1.3665037155151367,510,2.0153903007507252,2.25,1.3665037155151436,0.003888368606567383,0.003888368606567383
64.25985383987427,1.879158854484558,2.2528107166290283,0.5020193457603455,-1.3245980739593506,510,2.0291588544845514,2.25,1.3245980739593537,0.0028107166290283203,0.0028107166290283203
64.3097174167633,1.891952633857727,2.251762866973877,0.5014690160751343,-1.3102744817733765,511,2.0419526338577207,2.25,1.310274481773385,0.0017628669738769531,0.0017628669738769531
64.35977625846863,1.9044926166534424,2.2509307861328125,0.5009806156158447,-1.2773710489273071,511,2.0544926166534356,2.25,1.2773710489272954,0.0009307861328125,0.0009307861328125
64.4192864894867,1.915428876876831,2.2502281665802,0.5006928443908691,-1.2089645862579346,512,2.0654288768768243,2.25,1.2089645862579312,0.0002281665802001953,0.0002281665802001953
64.46954369544983,1.9278682470321655,2.2498233318328857,0.5004638433456421,-1.096124291419983,512,2.0778682470321566,2.25,1.0961242914199762,0.0001766681671142578,-0.0001766681671142578
64.51939344406128,1.9413005113601685,2.249260902404785,0.5004276633262634,-0.942192554473877,513,2.0913005113601613,2.25,0.9421925544738666,0.0007390975952148438,-0.0007390975952148438
64.56939435005188,1.954334020614624,2.249033212661743,0.5004763007164001,-0.7174941301345825,513,2.1043340206146226,2.25,0.7174941301345783,0.0009667873382568359,-0.0009667873382568359
64.6261236667633,1.9668612480163574,2.2491166591644287,0.500669538974762,-0.5262872576713562,514,2.1168612480163604,2.25,0.526287257671358,0.0008833408355712891,-0.0008833408355712891
64.6761999130249,1.9795070886611938,2.249262571334839,0.5009209513664246,-0.28440818190574646,514,2.1295070886611973,2.25,0.2844081819057516,0.0007374286651611328,-0.0007374286651611328
64.72619891166687,1.9922794103622437,2.2494077682495117,0.5010983943939209,-0.054655127227306366,515,2.1422794103622476,2.25,0.05465512722730804,0.0005922317504882812,-0.0005922317504882812
64.77616667747498,2.005155086517334,2.249785900115967,0.5011446475982666,0.23230461776256564,515,2.1551550865173357,2.25,-0.2323046177625574,0.00021409988403320312,-0.00021409988403320312
64.83733320236206,2.030924081802368,2.2507107257843018,0.5010353922843933,0.7786452770233154,516,2.1809240818023703,2.25,-0.7786452770233238,0.0007107257843017578,0.0007107257843017578
64.8874089717865,2.0439846515655518,2.25101637840271,0.5008571147918701,0.9865939021110536,517,2.193984651565554,2.25,-0.9865939021110584,0.001016378402709961,0.001016378402709961
64.93740963935852,2.057054042816162,2.251563549041748,0.5005004405975342,1.094143033027649,517,2.2070540428161642,2.25,-1.094143033027647,0.0015635490417480469,0.0015635490417480469
64.98739552497864,2.0701305866241455,2.2518365383148193,0.500158965587616,1.2616604566574097,518,2.2201305866241476,2.25,-1.261660456657397,0.001836538314819336,0.001836538314819336
65.0446240901947,2.0830819606781006,2.2524125576019287,0.49987831711769104,1.4169061183929446,518,2.233081960678103,2.25,-1.416906118392935,0.002412557601928711,0.002412557601928711
65.09479236602783,2.0962870121002197,2.252648115158081,0.49956390261650085,1.5367494821548462,519,2.2462870121002227,2.25,-1.5367494821548393,0.0026481151580810547,0.0026481151580810547
65.14479064941406,2.109314203262329,2.252894401550293,0.4993845522403717,1.6310145854949951,519,2.259314203262333,2.25,-1.6310145854949933,0.0028944015502929688,0.0028944015502929688
65.19468402862549,2.1223080158233643,2.253347158432007,0.49899426102638245,1.7151334285736084,520,2.2723080158233664,2.25,-1.715133428573598,0.003347158432006836,0.003347158432006836
65.25546288490295,2.135075330734253,2.2535552978515625,0.4987596273422241,1.7576994895935059,520,2.2850753307342546,2.25,-1.7576994895934974,0.0035552978515625,0.0035552978515625
65.30556416511536,2.147580146789551,2.2539706230163574,0.498524934053421,1.7761948108673096,521,2.297580146789553,2.25,-1.7761948108673073,0.003970623016357422,0.003970623016357422
65.35552859306335,2.1605160236358643,2.2543203830718994,0.4981663227081299,1.7812817096710205,521,2.310516023635867,2.25,-1.7812817096710267,0.004320383071899414,0.004320383071899414
65.40558528900146,2.173421859741211,2.254913806915283,0.4978320896625519,1.7900532484054565,522,2.323421859741213,2.25,-1.7900532484054645,0.004913806915283203,0.004913806915283203
65.4709644317627,2.1832380294799805,2.255290985107422,0.497656911611557,1.703420639038086,522,2.3332380294799826,2.25,-1.7034206390380975,0.005290985107421875,0.005290985107421875
65.52141690254211,2.198058843612671,2.255946397781372,0.4974375069141388,1.572089672088623,523,2.348058843612673,2.25,-1.5720896720886275,0.00594639778137207,0.00594639778137207
65.5762677192688,2.2114946842193604,2.2567505836486816,0.4972265362739563,1.4199804067611694,524,2.361494684219362,2.25,-1.4199804067611743,0.006750583648681641,0.006750583648681641
65.62124872207642,2.2241055965423584,2.2573635578155518,0.49723172187805176,1.2174181938171387,524,2.3741055965423614,2.25,-1.2174181938171444,0.007363557815551758,0.007363557815551758
65.69631004333496,2.245861291885376,2.258676767349243,0.49708491563796997,0.7284233570098877,525,2.3958612918853786,2.25,-0.728423357009888,0.008676767349243164,0.008676767349243164
65.74641036987305,2.260460615158081,2.2593884468078613,0.4969330132007599,0.4123193323612213,525,2.410460615158083,2.25,-0.4123193323612307,0.009388446807861328,0.009388446807861328
65.79638171195984,2.2738630771636963,2.26009464263916,0.4968436062335968,0.10888330638408661,526,2.423863077163698,2.25,-0.10888330638408311,0.010094642639160156,0.010094642639160156
65.84640336036682,2.2865102291107178,2.260503053665161,0.4967912435531616,-0.22698214650154114,527,2.4365102291107195,2.25,0.22698214650155069,0.010503053665161133,0.010503053665161133
65.92042112350464,2.299356698989868,2.261007308959961,0.49688103795051575,-0.6045508980751038,527,2.4493566989898703,2.25,0.6045508980750985,0.011007308959960938,0.011007308959960938
65.97056889533997,2.31205677986145,2.2612862586975098,0.49701011180877686,-1.0035364627838135,528,2.4620567798614528,2.25,1.003536462783811,0.011286258697509766,0.011286258697509766
66.0205945968628,2.325730562210083,2.261584997177124,0.4974572956562042,-1.4164819717407227,528,2.475730562210085,2.25,1.4164819717407167,0.011584997177124023,0.011584997177124023
66.07045722007751,2.3394274711608887,2.261643648147583,0.4978805184364319,-1.7800955772399902,529,2.489427471160891,2.25,1.7800955772399991,0.011643648147583008,0.011643648147583008
66.14355278015137,2.363414764404297,2.2618181705474854,0.4993986487388611,-2.391787528991699,530,2.5134147644043003,2.25,2.391787528991708,0.011818170547485352,0.011818170547485352
66.1935772895813,2.3749547004699707,2.2617709636688232,0.500367283821106,-2.602813482284546,530,2.524954700469973,2.25,2.6028134822845486,0.011770963668823242,0.011770963668823242
66.24360537528992,2.389054775238037,2.2616970539093018,0.5014476180076599,-2.7555878162384033,531,2.5390547752380397,2.25,2.755587816238406,0.011697053909301758,0.011697053909301758
66.29359078407288,2.402134895324707,2.2614004611968994,0.502411425113678,-2.798272132873535,531,2.552134895324709,2.25,2.79827213287354,0.011400461196899414,0.011400461196899414
66.35606241226196,2.414428472518921,2.2612531185150146,0.503119707107544,-2.854003667831421,532,2.564428472518923,2.25,2.8540036678314245,0.011253118515014648,0.011253118515014648
66.40614891052246,2.4261410236358643,2.2607719898223877,0.5038273930549622,-2.7687268257141113,532,2.576141023635866,2.25,2.768726825714112,0.010771989822387695,0.010771989822387695
66.4561173915863,2.43790864944458,2.2605154514312744,0.5041923522949219,-2.710242509841919,533,2.5879086494445818,2.25,2.7102425098419225,0.010515451431274414,0.010515451431274414
66.5061604976654,2.449888229370117,2.2597029209136963,0.5044397711753845,-2.5552239418029785,533,2.5998882293701193,2.25,2.5552239418029883,0.009702920913696289,0.009702920913696289
66.56428599357605,2.461473226547241,2.2591147422790527,0.5044882297515869,-2.3712058067321777,534,2.6114732265472433,2.25,2.3712058067321857,0.009114742279052734,0.009114742279052734
66.61422300338745,2.4734082221984863,2.2580690383911133,0.504546046257019,-2.178025007247925,534,2.6234082221984893,2.25,2.178025007247918,0.008069038391113281,0.008069038391113281
66.66418862342834,2.4857287406921387,2.257143497467041,0.5045605897903442,-1.8542041778564453,535,2.6357287406921426,2.25,1.8542041778564338,0.007143497467041016,0.007143497467041016
66.71418046951294,2.4977614879608154,2.255955934524536,0.5046976208686829,-1.5694125890731812,535,2.6477614879608145,2.25,1.5694125890731734,0.005955934524536133,0.005955934524536133
66.78250575065613,2.511446475982666,2.254721164703369,0.5047814846038818,-1.1274703741073608,536,2.661446475982658,2.25,1.1274703741073522,0.004721164703369141,0.004721164703369141
66.83259153366089,2.522064447402954,2.253676176071167,0.5048578977584839,-0.6409558653831482,536,2.672064447402946,2.25,0.6409558653831502,0.003676176071166992,0.003676176071166992
66.88254761695862,2.5360796451568604,2.25229549407959,0.5049795508384705,-0.22985400259494781,537,2.686079645156852,2.25,0.2298540025949446,0.0022954940795898438,0.0022954940795898438
66.93254137039185,2.5500752925872803,2.2510955333709717,0.5050191879272461,0.18024811148643494,537,2.7000752925872726,2.25,-0.18024811148643366,0.0010955333709716797,0.0010955333709716797
67.00376057624817,2.574881076812744,2.2488982677459717,0.5047343373298645,0.7538277506828308,538,2.7248810768127374,2.25,-0.753827750682833,0.0011017322540283203,-0.0011017322540283203
67.05380034446716,2.5879757404327393,2.2478137016296387,0.5044040083885193,1.0108391046524048,539,2.7379757404327343,2.25,-1.0108391046524092,0.002186298370361328,-0.002186298370361328
67.10379719734192,2.6003293991088867,2.2466683387756348,0.5041070580482483,1.2456536293029785,539,2.75,2.25,-1.2456536293029827,0.0033316612243652344,-0.0033316612243652344
67.15379643440247,2.6122663021087646,2.2455925941467285,0.503654420375824,1.5086886882781982,540,2.75,2.25,-1.5086886882782016,0.004407405853271484,-0.004407405853271484
67.22565841674805,2.6240649223327637,2.244410276412964,0.5032030940055847,1.7473243474960327,540,2.75,2.25,-1.7473243474960278,0.005589723587036133,-0.005589723587036133
67.27572798728943,2.6357011795043945,2.2433388233184814,0.5027181506156921,1.9965318441390991,541,2.75,2.25,-1.996531844139111,0.006661176681518555,-0.006661176681518555
67.32572865486145,2.6472198963165283,2.2422378063201904,0.5023995637893677,2.107477903366089,541,2.75,2.25,-2.107477903366096,0.00776219367980957,-0.00776219367980957
67.37582612037659,2.657963514328003,2.2411203384399414,0.5019000768661499,2.1692802906036377,541,2.75,2.25,-2.1692802906036377,0.008879661560058594,-0.008879661560058594
67.44433569908142,2.679920196533203,2.238933563232422,0.5005066394805908,2.154517412185669,542,2.75,2.25,-2.1545174121856805,0.011066436767578125,-0.011066436767578125
